aikaleima_utc,mitattu_FI_SE1_MW,mitattu_FI_SE3_MW
2025-11-01T00:00:00.000Z,-1136.27,-1150.42
2025-11-01T00:15:00.000Z,-1106.53,-1158.67
2025-11-01T00:30:00.000Z,-1144.07,-1157.4
2025-11-01T00:45:00.000Z,-1162.82,-1143.72
2025-11-01T01:00:00.000Z,-1140.35,-1146.39
2025-11-01T01:15:00.000Z,-1118.26,-1149.77
2025-11-01T01:30:00.000Z,-1150.41,-1138.19
2025-11-01T01:45:00.000Z,-1158.2,-1139.9
2025-11-01T02:00:00.000Z,-1093.3,-1141.91
2025-11-01T02:15:00.000Z,-1038.04,-1146.43
2025-11-01T02:30:00.000Z,-1108.12,-1160.02
2025-11-01T02:45:00.000Z,-1134.41,-1161.74
2025-11-01T03:00:00.000Z,-1115.25,-1175.62
2025-11-01T03:15:00.000Z,-1091.64,-1164.56
2025-11-01T03:30:00.000Z,-1116,-1162.68
2025-11-01T03:45:00.000Z,-1046.16,-1153.75
2025-11-01T04:00:00.000Z,-1151.33,-1146.9
2025-11-01T04:15:00.000Z,-1176.45,-1151.29
2025-11-01T04:30:00.000Z,-1145.17,-1184.01
2025-11-01T04:45:00.000Z,-1080.56,-1194.15
2025-11-01T05:00:00.000Z,-1080.48,-1193.75
2025-11-01T05:15:00.000Z,-1053.6,-1181.97
2025-11-01T05:30:00.000Z,-1072.73,-1152.36
2025-11-01T05:45:00.000Z,-1062.65,-1127.74
2025-11-01T06:00:00.000Z,-1056.59,-1157.99
2025-11-01T06:15:00.000Z,-1035.07,-1159.34
2025-11-01T06:30:00.000Z,-1082.21,-1130.19
2025-11-01T06:45:00.000Z,-1143.71,-1158.5
2025-11-01T07:00:00.000Z,-1085.22,-1165.61
2025-11-01T07:15:00.000Z,-1150.42,-1172.55
2025-11-01T07:30:00.000Z,-1103.95,-1190.81
2025-11-01T07:45:00.000Z,-1127.77,-1192.44
2025-11-01T08:00:00.000Z,-1135.06,-1169.31
2025-11-01T08:15:00.000Z,-1187.3,-1185.22
2025-11-01T08:30:00.000Z,-1156.84,-1194.34
2025-11-01T08:45:00.000Z,-1134.57,-1194.4
2025-11-01T09:00:00.000Z,-1110.58,-1194.43
2025-11-01T09:15:00.000Z,-1037.13,-1194.31
2025-11-01T09:30:00.000Z,-1076.19,-1194.3
2025-11-01T09:45:00.000Z,-1202.42,-1193.17
2025-11-01T10:00:00.000Z,-1233.72,-1189.5
2025-11-01T10:15:00.000Z,-1206.43,-1194.13
2025-11-01T10:30:00.000Z,-1091.77,-1194.1
2025-11-01T10:45:00.000Z,-1023.56,-1194.25
2025-11-01T11:00:00.000Z,-1077.54,-1194.16
2025-11-01T11:15:00.000Z,-1133.41,-1194
2025-11-01T11:30:00.000Z,-1097.7,-1194
2025-11-01T11:45:00.000Z,-1129.09,-1192.89
2025-11-01T12:00:00.000Z,-1061.36,-1176.79
2025-11-01T12:15:00.000Z,-1077.71,-1181.59
2025-11-01T12:30:00.000Z,-1130.26,-1168.26
2025-11-01T12:45:00.000Z,-1249.46,-1172.33
2025-11-01T13:00:00.000Z,-1119.51,-1192.49
2025-11-01T13:15:00.000Z,-1089.35,-1194.15
2025-11-01T13:30:00.000Z,-1146.61,-1194.15
2025-11-01T13:45:00.000Z,-1217.77,-1194.21
2025-11-01T14:00:00.000Z,-1052.29,-1193.69
2025-11-01T14:15:00.000Z,-1044.85,-1193.7
2025-11-01T14:30:00.000Z,-1216.67,-1193.58
2025-11-01T14:45:00.000Z,-1234.21,-1193.72
2025-11-01T15:00:00.000Z,-1121.89,-1194.26
2025-11-01T15:15:00.000Z,-1105.24,-1193.85
2025-11-01T15:30:00.000Z,-1156.18,-1193.7
2025-11-01T15:45:00.000Z,-1120.87,-1193.7
2025-11-01T16:00:00.000Z,-1101.32,-1193.74
2025-11-01T16:15:00.000Z,-1197.29,-1193.82
2025-11-01T16:30:00.000Z,-1209.64,-1193.84
2025-11-01T16:45:00.000Z,-1026.81,-1193.85
2025-11-01T17:00:00.000Z,-1108.65,-1194.1
2025-11-01T17:15:00.000Z,-1215.55,-1194.02
2025-11-01T17:30:00.000Z,-1078.62,-1193.97
2025-11-01T17:45:00.000Z,-1091.47,-1192.39
2025-11-01T18:00:00.000Z,-1252.56,-1186.16
2025-11-01T18:15:00.000Z,-1249.8,-1194.14
2025-11-01T18:30:00.000Z,-1129.43,-1193.84
2025-11-01T18:45:00.000Z,-980.98,-1194.15
2025-11-01T19:00:00.000Z,-1145.36,-1190.91
2025-11-01T19:15:00.000Z,-1110.57,-1153.23
2025-11-01T19:30:00.000Z,-1133.34,-1164.29
2025-11-01T19:45:00.000Z,-1203.91,-1092.58
2025-11-01T20:00:00.000Z,-1241.46,-1113.19
2025-11-01T20:15:00.000Z,-1167.54,-1110.17
2025-11-01T20:30:00.000Z,-997.21,-1111.52
2025-11-01T20:45:00.000Z,-1109.33,-1002.76
2025-11-01T21:00:00.000Z,-1178.68,-934.65
2025-11-01T21:15:00.000Z,-1078.95,-792.76
2025-11-01T21:30:00.000Z,-918.44,-683.87
2025-11-01T21:45:00.000Z,-860.1,-578.54
2025-11-01T22:00:00.000Z,-1172.02,-435.05
2025-11-01T22:15:00.000Z,-1267.92,-395.17
2025-11-01T22:30:00.000Z,-985.1,-273.97
2025-11-01T22:45:00.000Z,-1043.4,-153.6
2025-11-01T23:00:00.000Z,-1029.07,98.53
2025-11-01T23:15:00.000Z,-1083.75,218.98
2025-11-01T23:30:00.000Z,-987.4,396.94
2025-11-01T23:45:00.000Z,-940.05,515.08
2025-11-02T00:00:00.000Z,-1040.53,687.67
2025-11-02T00:15:00.000Z,-1137.26,774.91
2025-11-02T00:30:00.000Z,-1093.81,805.24
2025-11-02T00:45:00.000Z,-1036.28,856.81
2025-11-02T01:00:00.000Z,-1112.7,955.66
2025-11-02T01:15:00.000Z,-1057.17,1005.52
2025-11-02T01:30:00.000Z,-1044.97,1061.38
2025-11-02T01:45:00.000Z,-1124.15,1083.05
2025-11-02T02:00:00.000Z,-916.66,994.17
2025-11-02T02:15:00.000Z,-1040.91,1059.75
2025-11-02T02:30:00.000Z,-976.58,1113.36
2025-11-02T02:45:00.000Z,-1081.22,1121.19
2025-11-02T03:00:00.000Z,-1042.15,1196.4
2025-11-02T03:15:00.000Z,-919.48,1196.4
2025-11-02T03:30:00.000Z,-931.24,1196.15
2025-11-02T03:45:00.000Z,-865.64,1196
2025-11-02T04:00:00.000Z,-894.3,1196
2025-11-02T04:15:00.000Z,-931.53,1196.18
2025-11-02T04:30:00.000Z,-915.52,1196.52
2025-11-02T04:45:00.000Z,-909.58,1196.32
2025-11-02T05:00:00.000Z,-877.27,1196.46
2025-11-02T05:15:00.000Z,-896.35,1196.26
2025-11-02T05:30:00.000Z,-800.09,1196.17
2025-11-02T05:45:00.000Z,-650.98,1195.9
2025-11-02T06:00:00.000Z,-624.53,1196.53
2025-11-02T06:15:00.000Z,-602.04,1196.24
2025-11-02T06:30:00.000Z,-473.53,1196.5
2025-11-02T06:45:00.000Z,-554.31,1196.55
2025-11-02T07:00:00.000Z,-458.58,1196.6
2025-11-02T07:15:00.000Z,-320.14,1196.39
2025-11-02T07:30:00.000Z,-301.39,1196.47
2025-11-02T07:45:00.000Z,-271.7,1196.5
2025-11-02T08:00:00.000Z,-345.63,1196.5
2025-11-02T08:15:00.000Z,-323,1196.5
2025-11-02T08:30:00.000Z,-401.98,1196.5
2025-11-02T08:45:00.000Z,-388.63,1196.5
2025-11-02T09:00:00.000Z,-336.06,1196.33
2025-11-02T09:15:00.000Z,-335.78,1196.3
2025-11-02T09:30:00.000Z,-446.82,1196.27
2025-11-02T09:45:00.000Z,-482.43,1192.82
2025-11-02T10:00:00.000Z,-497.03,1152.28
2025-11-02T10:15:00.000Z,-402.16,1189.21
2025-11-02T10:30:00.000Z,-429.21,1196.31
2025-11-02T10:45:00.000Z,-370.61,1194.11
2025-11-02T11:00:00.000Z,-482.88,1165.93
2025-11-02T11:15:00.000Z,-531.62,1188.32
2025-11-02T11:30:00.000Z,-592.43,1195.9
2025-11-02T11:45:00.000Z,-576.92,1196.09
2025-11-02T12:00:00.000Z,-649.87,1196.17
2025-11-02T12:15:00.000Z,-622.13,1171.96
2025-11-02T12:30:00.000Z,-546.71,1085.07
2025-11-02T12:45:00.000Z,-539.03,992.49
2025-11-02T13:00:00.000Z,-244.61,598.33
2025-11-02T13:15:00.000Z,-142.28,365.47
2025-11-02T13:30:00.000Z,-19.99,209.3
2025-11-02T13:45:00.000Z,-32.6,117.61
2025-11-02T14:00:00.000Z,129.31,-175.25
2025-11-02T14:15:00.000Z,107.61,-286.81
2025-11-02T14:30:00.000Z,31.55,-383.81
2025-11-02T14:45:00.000Z,-80.28,-355.67
2025-11-02T15:00:00.000Z,-303.49,-179.74
2025-11-02T15:15:00.000Z,-502.87,-67.97
2025-11-02T15:30:00.000Z,-595.62,37.97
2025-11-02T15:45:00.000Z,-627.87,94.01
2025-11-02T16:00:00.000Z,-856.87,173.76
2025-11-02T16:15:00.000Z,-1028.43,221.04
2025-11-02T16:30:00.000Z,-993.81,231.69
2025-11-02T16:45:00.000Z,-1033.78,194.66
2025-11-02T17:00:00.000Z,-1125.86,159.92
2025-11-02T17:15:00.000Z,-1020.9,90.45
2025-11-02T17:30:00.000Z,-1041.38,44.85
2025-11-02T17:45:00.000Z,-1097.27,64.41
2025-11-02T18:00:00.000Z,-1174.81,-68.28
2025-11-02T18:15:00.000Z,-1215.82,-167.08
2025-11-02T18:30:00.000Z,-1162.77,-192.87
2025-11-02T18:45:00.000Z,-1042.39,-340.08
2025-11-02T19:00:00.000Z,-975.67,-348.45
2025-11-02T19:15:00.000Z,-840.35,-449.85
2025-11-02T19:30:00.000Z,-956.46,-531.88
2025-11-02T19:45:00.000Z,-885.18,-514.31
2025-11-02T20:00:00.000Z,-1077.4,-421.04
2025-11-02T20:15:00.000Z,-1115.58,-405.83
2025-11-02T20:30:00.000Z,-1197.24,-370.4
2025-11-02T20:45:00.000Z,-1104.61,-375.91
2025-11-02T21:00:00.000Z,-1192.21,-359.44
2025-11-02T21:15:00.000Z,-1181,-347.35
2025-11-02T21:30:00.000Z,-966.45,-358.96
2025-11-02T21:45:00.000Z,-868.97,-344.38
2025-11-02T22:00:00.000Z,-1091.03,-156.49
2025-11-02T22:15:00.000Z,-1228.36,-79.51
2025-11-02T22:30:00.000Z,-1258.28,-74.6
2025-11-02T22:45:00.000Z,-988.8,-136.23
2025-11-02T23:00:00.000Z,-1071.62,-153.6
2025-11-02T23:15:00.000Z,-1075.54,-321.99
2025-11-02T23:30:00.000Z,-1102.4,-286.36
2025-11-02T23:45:00.000Z,-1142.2,-234.58
2025-11-03T00:00:00.000Z,-951.28,-180.84
2025-11-03T00:15:00.000Z,-1038.04,-86.26
2025-11-03T00:30:00.000Z,-1145.05,-10.18
2025-11-03T00:45:00.000Z,-1129.53,16.2
2025-11-03T01:00:00.000Z,-1124.1,-10.52
2025-11-03T01:15:00.000Z,-1147.37,-20
2025-11-03T01:30:00.000Z,-1185.31,-63.19
2025-11-03T01:45:00.000Z,-1187.63,-84.34
2025-11-03T02:00:00.000Z,-946.95,-303.63
2025-11-03T02:15:00.000Z,-959.02,-347.07
2025-11-03T02:30:00.000Z,-1135.29,-252.76
2025-11-03T02:45:00.000Z,-1096.37,-257.33
2025-11-03T03:00:00.000Z,-1118.81,-197.13
2025-11-03T03:15:00.000Z,-1159.38,-253.72
2025-11-03T03:30:00.000Z,-1182.51,-368.19
2025-11-03T03:45:00.000Z,-1180.08,-408.78
2025-11-03T04:00:00.000Z,-1108.13,-534.46
2025-11-03T04:15:00.000Z,-1165.62,-674.16
2025-11-03T04:30:00.000Z,-1262.64,-831.73
2025-11-03T04:45:00.000Z,-1234.38,-893.69
2025-11-03T05:00:00.000Z,-1066.92,-807.44
2025-11-03T05:15:00.000Z,-1114.64,-700.28
2025-11-03T05:30:00.000Z,-1179.15,-591.29
2025-11-03T05:45:00.000Z,-1037.06,-538.59
2025-11-03T06:00:00.000Z,-849.84,-401.96
2025-11-03T06:15:00.000Z,-785.18,-357.56
2025-11-03T06:30:00.000Z,-1026.18,-298.89
2025-11-03T06:45:00.000Z,-1251.05,-326.09
2025-11-03T07:00:00.000Z,-979.53,-418.99
2025-11-03T07:15:00.000Z,-993.08,-482.34
2025-11-03T07:30:00.000Z,-886.21,-536.13
2025-11-03T07:45:00.000Z,-826.12,-643.03
2025-11-03T08:00:00.000Z,-998.01,-501.23
2025-11-03T08:15:00.000Z,-904.6,-560.07
2025-11-03T08:30:00.000Z,-914.89,-666.24
2025-11-03T08:45:00.000Z,-1070.26,-726.05
2025-11-03T09:00:00.000Z,-1300.24,-721.95
2025-11-03T09:15:00.000Z,-1125.96,-795.12
2025-11-03T09:30:00.000Z,-1016.35,-836.28
2025-11-03T09:45:00.000Z,-1072.76,-864.14
2025-11-03T10:00:00.000Z,-1183,-889.2
2025-11-03T10:15:00.000Z,-1164.36,-898.5
2025-11-03T10:30:00.000Z,-1211.23,-911.43
2025-11-03T10:45:00.000Z,-1312.76,-936.5
2025-11-03T11:00:00.000Z,-1108.87,-1054.25
2025-11-03T11:15:00.000Z,-1040.34,-1064.37
2025-11-03T11:30:00.000Z,-886.47,-1055.75
2025-11-03T11:45:00.000Z,-915.98,-1036.66
2025-11-03T12:00:00.000Z,-1014.31,-1012.01
2025-11-03T12:15:00.000Z,-913.73,-983
2025-11-03T12:30:00.000Z,-1060.19,-936.99
2025-11-03T12:45:00.000Z,-951.34,-916.14
2025-11-03T13:00:00.000Z,-1029.97,-849.53
2025-11-03T13:15:00.000Z,-1050.06,-799.14
2025-11-03T13:30:00.000Z,-1050.04,-707.97
2025-11-03T13:45:00.000Z,-1147.74,-635.77
2025-11-03T14:00:00.000Z,-960.92,-600.81
2025-11-03T14:15:00.000Z,-932.86,-521.84
2025-11-03T14:30:00.000Z,-972.33,-494.07
2025-11-03T14:45:00.000Z,-981.67,-488.92
2025-11-03T15:00:00.000Z,-943.36,-510.34
2025-11-03T15:15:00.000Z,-872.97,-496.42
2025-11-03T15:30:00.000Z,-840.83,-477.24
2025-11-03T15:45:00.000Z,-816.56,-450.13
2025-11-03T16:00:00.000Z,-938.61,-200.14
2025-11-03T16:15:00.000Z,-925.8,-172.35
2025-11-03T16:30:00.000Z,-976.34,-185.43
2025-11-03T16:45:00.000Z,-999.17,-209.12
2025-11-03T17:00:00.000Z,-1050.68,-214.58
2025-11-03T17:15:00.000Z,-1200.72,-211.74
2025-11-03T17:30:00.000Z,-1171.27,-279.98
2025-11-03T17:45:00.000Z,-1038.44,-280.93
2025-11-03T18:00:00.000Z,-1111.3,-224.86
2025-11-03T18:15:00.000Z,-1119.77,-246.15
2025-11-03T18:30:00.000Z,-1080.11,-203.1
2025-11-03T18:45:00.000Z,-1051.85,-155.37
2025-11-03T19:00:00.000Z,-911.82,-17
2025-11-03T19:15:00.000Z,-880.15,130.22
2025-11-03T19:30:00.000Z,-878.45,171.04
2025-11-03T19:45:00.000Z,-791.12,245.22
2025-11-03T20:00:00.000Z,-983.64,208.72
2025-11-03T20:15:00.000Z,-1152.31,189.37
2025-11-03T20:30:00.000Z,-993.13,157.06
2025-11-03T20:45:00.000Z,-1209.74,136.68
2025-11-03T21:00:00.000Z,-1029.4,129.97
2025-11-03T21:15:00.000Z,-912.52,96.42
2025-11-03T21:30:00.000Z,-954.23,113.37
2025-11-03T21:45:00.000Z,-821.58,172.13
2025-11-03T22:00:00.000Z,-972.85,164.82
2025-11-03T22:15:00.000Z,-1023.5,121.17
2025-11-03T22:30:00.000Z,-1039.57,125.33
2025-11-03T22:45:00.000Z,-997.94,-92.75
2025-11-03T23:00:00.000Z,-568.54,-544.87
2025-11-03T23:15:00.000Z,-247.7,-1102.67
2025-11-03T23:30:00.000Z,-165.69,-1189.31
2025-11-03T23:45:00.000Z,-143.38,-1194.16
2025-11-04T00:00:00.000Z,-94.76,-1193.62
2025-11-04T00:15:00.000Z,-11.35,-1180.16
2025-11-04T00:30:00.000Z,65,-1117.31
2025-11-04T00:45:00.000Z,-80.56,-1120.32
2025-11-04T01:00:00.000Z,-5.2,-1176.2
2025-11-04T01:15:00.000Z,95.91,-1187.61
2025-11-04T01:30:00.000Z,91.02,-1129.31
2025-11-04T01:45:00.000Z,81.67,-1154.21
2025-11-04T02:00:00.000Z,138.99,-1097.53
2025-11-04T02:15:00.000Z,3.62,-1094.82
2025-11-04T02:30:00.000Z,27.14,-1069.64
2025-11-04T02:45:00.000Z,137.33,-1084.29
2025-11-04T03:00:00.000Z,164.19,-1167.77
2025-11-04T03:15:00.000Z,121.03,-1180.77
2025-11-04T03:30:00.000Z,65.37,-1146.9
2025-11-04T03:45:00.000Z,-30.41,-1142.1
2025-11-04T04:00:00.000Z,-126.42,-1161.33
2025-11-04T04:15:00.000Z,-265.82,-1168.42
2025-11-04T04:30:00.000Z,-371.93,-1129.9
2025-11-04T04:45:00.000Z,-370.65,-1143.33
2025-11-04T05:00:00.000Z,-290.61,-1187.09
2025-11-04T05:15:00.000Z,-240.09,-1182.04
2025-11-04T05:30:00.000Z,-323.86,-985.73
2025-11-04T05:45:00.000Z,-916.49,-421.96
2025-11-04T06:00:00.000Z,-1183.88,137.8
2025-11-04T06:15:00.000Z,-1377.25,244.18
2025-11-04T06:30:00.000Z,-1306.44,276.9
2025-11-04T06:45:00.000Z,-1029.53,146.9
2025-11-04T07:00:00.000Z,-1151.66,-61.95
2025-11-04T07:15:00.000Z,-1242.09,-87.6
2025-11-04T07:30:00.000Z,-1144.88,-118.37
2025-11-04T07:45:00.000Z,-1154.12,-126.58
2025-11-04T08:00:00.000Z,-398.09,-571.61
2025-11-04T08:15:00.000Z,-421.61,-646.05
2025-11-04T08:30:00.000Z,-577.9,-711.92
2025-11-04T08:45:00.000Z,-788.89,-503.38
2025-11-04T09:00:00.000Z,-52.47,-964.51
2025-11-04T09:15:00.000Z,-42.68,-1029.36
2025-11-04T09:30:00.000Z,-227.59,-967.02
2025-11-04T09:45:00.000Z,4.75,-983.14
2025-11-04T10:00:00.000Z,19.57,-1004.86
2025-11-04T10:15:00.000Z,79.72,-989.09
2025-11-04T10:30:00.000Z,292.36,-1071.87
2025-11-04T10:45:00.000Z,338.7,-1110.97
2025-11-04T11:00:00.000Z,362.5,-1093.88
2025-11-04T11:15:00.000Z,554.75,-1115.44
2025-11-04T11:30:00.000Z,545.39,-1138.25
2025-11-04T11:45:00.000Z,599.97,-1102.99
2025-11-04T12:00:00.000Z,639.73,-1107.74
2025-11-04T12:15:00.000Z,607.37,-1031.06
2025-11-04T12:30:00.000Z,633.49,-1035.17
2025-11-04T12:45:00.000Z,635.94,-958.31
2025-11-04T13:00:00.000Z,166.53,-436.82
2025-11-04T13:15:00.000Z,214.55,-292.73
2025-11-04T13:30:00.000Z,51.7,-213.35
2025-11-04T13:45:00.000Z,37.3,-178.28
2025-11-04T14:00:00.000Z,727.47,-660.95
2025-11-04T14:15:00.000Z,696.76,-595.2
2025-11-04T14:30:00.000Z,389.03,-323.16
2025-11-04T14:45:00.000Z,441.09,-215.26
2025-11-04T15:00:00.000Z,575.03,-101.77
2025-11-04T15:15:00.000Z,446.88,139.27
2025-11-04T15:30:00.000Z,405.52,238.39
2025-11-04T15:45:00.000Z,179.23,606.65
2025-11-04T16:00:00.000Z,-181.07,1106.72
2025-11-04T16:15:00.000Z,-235.92,1197.47
2025-11-04T16:30:00.000Z,-376.39,1197.23
2025-11-04T16:45:00.000Z,-359.45,1196.77
2025-11-04T17:00:00.000Z,-719.03,1188.08
2025-11-04T17:15:00.000Z,-811.6,1195.47
2025-11-04T17:30:00.000Z,-866.56,1181.54
2025-11-04T17:45:00.000Z,-905.13,1085.75
2025-11-04T18:00:00.000Z,-1080.84,1049.51
2025-11-04T18:15:00.000Z,-1189.69,1098.66
2025-11-04T18:30:00.000Z,-1195.44,1028.5
2025-11-04T18:45:00.000Z,-1051.39,809.23
2025-11-04T19:00:00.000Z,-600.24,364.73
2025-11-04T19:15:00.000Z,78.78,-286.91
2025-11-04T19:30:00.000Z,526.8,-814.54
2025-11-04T19:45:00.000Z,881.91,-1094.29
2025-11-04T20:00:00.000Z,763.2,-938.01
2025-11-04T20:15:00.000Z,871.86,-1115.72
2025-11-04T20:30:00.000Z,725.41,-1179.59
2025-11-04T20:45:00.000Z,571.19,-1132.51
2025-11-04T21:00:00.000Z,648.64,-1154.19
2025-11-04T21:15:00.000Z,503.83,-1126.21
2025-11-04T21:30:00.000Z,368.62,-1185.68
2025-11-04T21:45:00.000Z,440.62,-1193.45
2025-11-04T22:00:00.000Z,632.65,-1193.31
2025-11-04T22:15:00.000Z,565.82,-1193.69
2025-11-04T22:30:00.000Z,268.56,-1193.45
2025-11-04T22:45:00.000Z,316.13,-1193.09
2025-11-04T23:00:00.000Z,175.73,-1192.53
2025-11-04T23:15:00.000Z,-127.56,-1192.77
2025-11-04T23:30:00.000Z,127.09,-1192.79
2025-11-04T23:45:00.000Z,189.55,-1192.18
2025-11-05T00:00:00.000Z,307.56,-1189.19
2025-11-05T00:15:00.000Z,209.32,-1188.15
2025-11-05T00:30:00.000Z,-13.9,-1163.17
2025-11-05T00:45:00.000Z,-23.94,-1158.92
2025-11-05T01:00:00.000Z,-43.78,-1187.91
2025-11-05T01:15:00.000Z,-48.16,-1192.03
2025-11-05T01:30:00.000Z,23.08,-1192.27
2025-11-05T01:45:00.000Z,83.67,-1189.84
2025-11-05T02:00:00.000Z,335.05,-1175.65
2025-11-05T02:15:00.000Z,363.61,-1187.49
2025-11-05T02:30:00.000Z,390.64,-1159.04
2025-11-05T02:45:00.000Z,213.05,-1169.07
2025-11-05T03:00:00.000Z,250.92,-1137.07
2025-11-05T03:15:00.000Z,395.82,-1163.53
2025-11-05T03:30:00.000Z,421.88,-1190.47
2025-11-05T03:45:00.000Z,486.51,-1193.66
2025-11-05T04:00:00.000Z,170.48,-1191.24
2025-11-05T04:15:00.000Z,0.38,-1185.95
2025-11-05T04:30:00.000Z,-63.39,-1170.2
2025-11-05T04:45:00.000Z,-161.39,-1168.68
2025-11-05T05:00:00.000Z,-204.81,-1149.32
2025-11-05T05:15:00.000Z,-530.49,-751.75
2025-11-05T05:30:00.000Z,-1076.33,-220.69
2025-11-05T05:45:00.000Z,-1141.41,202.74
2025-11-05T06:00:00.000Z,-821.26,273.81
2025-11-05T06:15:00.000Z,-1123.99,441.68
2025-11-05T06:30:00.000Z,-1255.21,440.45
2025-11-05T06:45:00.000Z,-1324.89,372.84
2025-11-05T07:00:00.000Z,-1273.43,120.67
2025-11-05T07:15:00.000Z,-1200.81,89.02
2025-11-05T07:30:00.000Z,-1138.22,75.57
2025-11-05T07:45:00.000Z,-990.85,38.48
2025-11-05T08:00:00.000Z,-1157.36,245.75
2025-11-05T08:15:00.000Z,-1160.91,206.54
2025-11-05T08:30:00.000Z,-1180.41,197.42
2025-11-05T08:45:00.000Z,-1175.4,180.14
2025-11-05T09:00:00.000Z,-1214.56,150.86
2025-11-05T09:15:00.000Z,-1196.51,160.53
2025-11-05T09:30:00.000Z,-1002.01,170.33
2025-11-05T09:45:00.000Z,-889.37,221.68
2025-11-05T10:00:00.000Z,-1019.8,388.16
2025-11-05T10:15:00.000Z,-1111.24,527.05
2025-11-05T10:30:00.000Z,-1227.4,568
2025-11-05T10:45:00.000Z,-1094.19,550.66
2025-11-05T11:00:00.000Z,-1119.2,436.23
2025-11-05T11:15:00.000Z,-1071.31,455.8
2025-11-05T11:30:00.000Z,-972.46,452.87
2025-11-05T11:45:00.000Z,-1101.88,477.09
2025-11-05T12:00:00.000Z,-1179.95,492.88
2025-11-05T12:15:00.000Z,-1216.61,526.8
2025-11-05T12:30:00.000Z,-1061.39,489.32
2025-11-05T12:45:00.000Z,-975.56,509.57
2025-11-05T13:00:00.000Z,-1044.13,595.44
2025-11-05T13:15:00.000Z,-1096.17,710.4
2025-11-05T13:30:00.000Z,-1043.75,781.22
2025-11-05T13:45:00.000Z,-978.81,788.81
2025-11-05T14:00:00.000Z,-1038.69,793.79
2025-11-05T14:15:00.000Z,-1227.83,794.06
2025-11-05T14:30:00.000Z,-1262.12,790.62
2025-11-05T14:45:00.000Z,-1309.6,805.32
2025-11-05T15:00:00.000Z,-1212.35,748.37
2025-11-05T15:15:00.000Z,-1027.58,784.26
2025-11-05T15:30:00.000Z,-1080.61,853.6
2025-11-05T15:45:00.000Z,-1162.92,973.44
2025-11-05T16:00:00.000Z,-1206.56,1018.62
2025-11-05T16:15:00.000Z,-1105.38,947.22
2025-11-05T16:30:00.000Z,-1037.53,943.92
2025-11-05T16:45:00.000Z,-1185.39,886.61
2025-11-05T17:00:00.000Z,-1340.25,958.47
2025-11-05T17:15:00.000Z,-1137.31,851
2025-11-05T17:30:00.000Z,-1047.21,801.07
2025-11-05T17:45:00.000Z,-1046.26,823.04
2025-11-05T18:00:00.000Z,-1043.56,887.38
2025-11-05T18:15:00.000Z,-973.8,906.03
2025-11-05T18:30:00.000Z,-1054.87,972.76
2025-11-05T18:45:00.000Z,-1137.81,1058.79
2025-11-05T19:00:00.000Z,-1090.49,1046.69
2025-11-05T19:15:00.000Z,-1065.61,1058.67
2025-11-05T19:30:00.000Z,-846.73,1035.68
2025-11-05T19:45:00.000Z,-846.98,1052.43
2025-11-05T20:00:00.000Z,-1007.25,992.53
2025-11-05T20:15:00.000Z,-1062.83,920.51
2025-11-05T20:30:00.000Z,-927.91,899.04
2025-11-05T20:45:00.000Z,-868.09,893.41
2025-11-05T21:00:00.000Z,-892.95,908.04
2025-11-05T21:15:00.000Z,-916.69,943.22
2025-11-05T21:30:00.000Z,-1048.52,1012.13
2025-11-05T21:45:00.000Z,-1193.37,1046.85
2025-11-05T22:00:00.000Z,-1122.26,936.57
2025-11-05T22:15:00.000Z,-1087.16,998.36
2025-11-05T22:30:00.000Z,-954.51,928.06
2025-11-05T22:45:00.000Z,-808.31,944.93
2025-11-05T23:00:00.000Z,-837.08,804.39
2025-11-05T23:15:00.000Z,-961.66,848.42
2025-11-05T23:30:00.000Z,-1087.81,769.8
2025-11-05T23:45:00.000Z,-824.82,536.37
2025-11-06T00:00:00.000Z,-957.25,692.31
2025-11-06T00:15:00.000Z,-783.42,603.64
2025-11-06T00:30:00.000Z,-544.73,456.09
2025-11-06T00:45:00.000Z,-630.99,438.38
2025-11-06T01:00:00.000Z,-436.98,453.5
2025-11-06T01:15:00.000Z,-485.94,508.12
2025-11-06T01:30:00.000Z,-573.24,548.89
2025-11-06T01:45:00.000Z,-545.9,605.18
2025-11-06T02:00:00.000Z,-878.89,908.76
2025-11-06T02:15:00.000Z,-1058.81,1058.77
2025-11-06T02:30:00.000Z,-1166.21,1178.56
2025-11-06T02:45:00.000Z,-1159.68,1121.99
2025-11-06T03:00:00.000Z,-1019.13,783.01
2025-11-06T03:15:00.000Z,-1053.55,771.69
2025-11-06T03:30:00.000Z,-977.28,867.77
2025-11-06T03:45:00.000Z,-1008.15,879.45
2025-11-06T04:00:00.000Z,-817.81,596.39
2025-11-06T04:15:00.000Z,-951.29,660.92
2025-11-06T04:30:00.000Z,-1151.07,614.76
2025-11-06T04:45:00.000Z,-1221.57,443.32
2025-11-06T05:00:00.000Z,-905.17,237.99
2025-11-06T05:15:00.000Z,-984.55,0.34
2025-11-06T05:30:00.000Z,-995.99,-5.31
2025-11-06T05:45:00.000Z,-962.8,-94.87
2025-11-06T06:00:00.000Z,-1023.27,-162.47
2025-11-06T06:15:00.000Z,-884.68,-250.32
2025-11-06T06:30:00.000Z,-859.58,-327.68
2025-11-06T06:45:00.000Z,-829.96,-348.11
2025-11-06T07:00:00.000Z,-1116.87,-223.93
2025-11-06T07:15:00.000Z,-1033.6,-310.88
2025-11-06T07:30:00.000Z,-1009.97,-379.84
2025-11-06T07:45:00.000Z,-1071.01,-449.94
2025-11-06T08:00:00.000Z,-1147.91,-542.51
2025-11-06T08:15:00.000Z,-1289.86,-620.47
2025-11-06T08:30:00.000Z,-1171.07,-708.82
2025-11-06T08:45:00.000Z,-1117.11,-814.03
2025-11-06T09:00:00.000Z,-1110.39,-890.84
2025-11-06T09:15:00.000Z,-1171.01,-898.55
2025-11-06T09:30:00.000Z,-1331.67,-893.74
2025-11-06T09:45:00.000Z,-1344.91,-914.09
2025-11-06T10:00:00.000Z,-1109.76,-993.56
2025-11-06T10:15:00.000Z,-1049.73,-1010.19
2025-11-06T10:30:00.000Z,-1031.48,-1009.41
2025-11-06T10:45:00.000Z,-1019.18,-1010.94
2025-11-06T11:00:00.000Z,-1063.74,-1022.25
2025-11-06T11:15:00.000Z,-959.6,-1026.98
2025-11-06T11:30:00.000Z,-935.59,-1009.22
2025-11-06T11:45:00.000Z,-864.53,-945.63
2025-11-06T12:00:00.000Z,-909.82,-863.2
2025-11-06T12:15:00.000Z,-974.91,-818.8
2025-11-06T12:30:00.000Z,-1039.14,-757.15
2025-11-06T12:45:00.000Z,-974.33,-727.49
2025-11-06T13:00:00.000Z,-992.56,-597.56
2025-11-06T13:15:00.000Z,-1052.32,-518.08
2025-11-06T13:30:00.000Z,-966.97,-456.32
2025-11-06T13:45:00.000Z,-1051.92,-395.21
2025-11-06T14:00:00.000Z,-1102.07,-360.05
2025-11-06T14:15:00.000Z,-1114.92,-328.49
2025-11-06T14:30:00.000Z,-1249.63,-278.25
2025-11-06T14:45:00.000Z,-1259.99,-245.07
2025-11-06T15:00:00.000Z,-942.69,-229.37
2025-11-06T15:15:00.000Z,-899.21,-181.05
2025-11-06T15:30:00.000Z,-844.64,-141.95
2025-11-06T15:45:00.000Z,-782.13,-139.04
2025-11-06T16:00:00.000Z,-982.09,-157.87
2025-11-06T16:15:00.000Z,-1094.22,-166.76
2025-11-06T16:30:00.000Z,-1105.73,-188.69
2025-11-06T16:45:00.000Z,-1170.61,-238.45
2025-11-06T17:00:00.000Z,-1112.42,-336.45
2025-11-06T17:15:00.000Z,-1038.62,-392.37
2025-11-06T17:30:00.000Z,-1231.68,-549.99
2025-11-06T17:45:00.000Z,-1185.59,-659.51
2025-11-06T18:00:00.000Z,-1131.14,-776.07
2025-11-06T18:15:00.000Z,-951.92,-809.93
2025-11-06T18:30:00.000Z,-1004.88,-856.29
2025-11-06T18:45:00.000Z,-1030.58,-906.1
2025-11-06T19:00:00.000Z,-1083.43,-939.77
2025-11-06T19:15:00.000Z,-1098.29,-957.52
2025-11-06T19:30:00.000Z,-1091.84,-935.6
2025-11-06T19:45:00.000Z,-1030.52,-932.93
2025-11-06T20:00:00.000Z,-1159.76,-1031.56
2025-11-06T20:15:00.000Z,-1158.19,-1129.52
2025-11-06T20:30:00.000Z,-1098.08,-1130.34
2025-11-06T20:45:00.000Z,-1057,-1151.1
2025-11-06T21:00:00.000Z,-1025.33,-1188.59
2025-11-06T21:15:00.000Z,-1055,-1191.45
2025-11-06T21:30:00.000Z,-1109.68,-1162.63
2025-11-06T21:45:00.000Z,-1044.76,-1158.06
2025-11-06T22:00:00.000Z,-1056.28,-1146.73
2025-11-06T22:15:00.000Z,-1141.04,-1125.59
2025-11-06T22:30:00.000Z,-1187.2,-1114.41
2025-11-06T22:45:00.000Z,-1109,-1065.26
2025-11-06T23:00:00.000Z,-1070.13,-950.51
2025-11-06T23:15:00.000Z,-1113.44,-917.25
2025-11-06T23:30:00.000Z,-1099.06,-899.17
2025-11-06T23:45:00.000Z,-1106.49,-888.59
2025-11-07T00:00:00.000Z,-921.31,-959.14
2025-11-07T00:15:00.000Z,-899.07,-984.32
2025-11-07T00:30:00.000Z,-1030.78,-998.1
2025-11-07T00:45:00.000Z,-1011.58,-1021.31
2025-11-07T01:00:00.000Z,-998.13,-1055.88
2025-11-07T01:15:00.000Z,-1053.81,-1025.33
2025-11-07T01:30:00.000Z,-1098.18,-1096.71
2025-11-07T01:45:00.000Z,-1051.36,-1177.18
2025-11-07T02:00:00.000Z,-991.96,-1088.21
2025-11-07T02:15:00.000Z,-950.26,-1051.28
2025-11-07T02:30:00.000Z,-961.83,-1069.65
2025-11-07T02:45:00.000Z,-993.25,-1085
2025-11-07T03:00:00.000Z,-1080.49,-983.49
2025-11-07T03:15:00.000Z,-1138.07,-1001.7
2025-11-07T03:30:00.000Z,-1131.72,-1080.13
2025-11-07T03:45:00.000Z,-1031.98,-1141.39
2025-11-07T04:00:00.000Z,-1013.45,-1188.96
2025-11-07T04:15:00.000Z,-1100.88,-1193.78
2025-11-07T04:30:00.000Z,-1151.54,-1193.84
2025-11-07T04:45:00.000Z,-1169.09,-1193.93
2025-11-07T05:00:00.000Z,-1058.15,-1194.06
2025-11-07T05:15:00.000Z,-967.75,-1193.7
2025-11-07T05:30:00.000Z,-1027.16,-1193.53
2025-11-07T05:45:00.000Z,-1070.28,-1193.53
2025-11-07T06:00:00.000Z,-828.85,-1193.74
2025-11-07T06:15:00.000Z,-927.38,-1184.83
2025-11-07T06:30:00.000Z,-1161.68,-1065.24
2025-11-07T06:45:00.000Z,-1075.43,-1006.17
2025-11-07T07:00:00.000Z,-1121.06,-1043.23
2025-11-07T07:15:00.000Z,-1103.67,-1099.42
2025-11-07T07:30:00.000Z,-1012.33,-1151.9
2025-11-07T07:45:00.000Z,-1046.67,-1174.24
2025-11-07T08:00:00.000Z,-1177.79,-1166.23
2025-11-07T08:15:00.000Z,-1194.31,-1157.2
2025-11-07T08:30:00.000Z,-1259.32,-1179.42
2025-11-07T08:45:00.000Z,-1155.88,-1190.82
2025-11-07T09:00:00.000Z,-1159.04,-1193.89
2025-11-07T09:15:00.000Z,-1197.39,-1193.9
2025-11-07T09:30:00.000Z,-1171.9,-1193.94
2025-11-07T09:45:00.000Z,-1172.24,-1194.06
2025-11-07T10:00:00.000Z,-1103.22,-1194.15
2025-11-07T10:15:00.000Z,-1191.12,-1194.19
2025-11-07T10:30:00.000Z,-1080.77,-1194.11
2025-11-07T10:45:00.000Z,-1173.11,-1194.03
2025-11-07T11:00:00.000Z,-1153.44,-1193.99
2025-11-07T11:15:00.000Z,-1144.26,-1194.14
2025-11-07T11:30:00.000Z,-1168.16,-1194.26
2025-11-07T11:45:00.000Z,-1190.14,-1194.03
2025-11-07T12:00:00.000Z,-1283.21,-1193.8
2025-11-07T12:15:00.000Z,-1222.18,-1193.92
2025-11-07T12:30:00.000Z,-1224.96,-1193.7
2025-11-07T12:45:00.000Z,-1096.39,-1193.43
2025-11-07T13:00:00.000Z,-1144.96,-1193.58
2025-11-07T13:15:00.000Z,-1154.53,-1193.84
2025-11-07T13:30:00.000Z,-1144.82,-1193.77
2025-11-07T13:45:00.000Z,-1098.18,-1193.86
2025-11-07T14:00:00.000Z,-1158.95,-1193.99
2025-11-07T14:15:00.000Z,-1122.4,-1194.13
2025-11-07T14:30:00.000Z,-1064.65,-1193.64
2025-11-07T14:45:00.000Z,-1075.46,-1192.71
2025-11-07T15:00:00.000Z,-1129.62,-1194.02
2025-11-07T15:15:00.000Z,-1141.84,-1194.1
2025-11-07T15:30:00.000Z,-1031.49,-1194.17
2025-11-07T15:45:00.000Z,-950.31,-1189.83
2025-11-07T16:00:00.000Z,-979.5,-1131.2
2025-11-07T16:15:00.000Z,-981.46,-1093.39
2025-11-07T16:30:00.000Z,-992.01,-1092.87
2025-11-07T16:45:00.000Z,-998,-1108.2
2025-11-07T17:00:00.000Z,-1029.67,-1096.47
2025-11-07T17:15:00.000Z,-1077.24,-1113.02
2025-11-07T17:30:00.000Z,-1125.37,-1121.49
2025-11-07T17:45:00.000Z,-1111.93,-1144.42
2025-11-07T18:00:00.000Z,-1227.35,-1170.25
2025-11-07T18:15:00.000Z,-1265.09,-1190.53
2025-11-07T18:30:00.000Z,-1167.18,-1193.99
2025-11-07T18:45:00.000Z,-1234.34,-1193.86
2025-11-07T19:00:00.000Z,-1279.66,-1194.09
2025-11-07T19:15:00.000Z,-1076.11,-1193.94
2025-11-07T19:30:00.000Z,-965.98,-1193.98
2025-11-07T19:45:00.000Z,-1117.18,-1194.39
2025-11-07T20:00:00.000Z,-1127.21,-1194.19
2025-11-07T20:15:00.000Z,-1247.9,-1194.24
2025-11-07T20:30:00.000Z,-1237.41,-1194.27
2025-11-07T20:45:00.000Z,-1130.75,-1194.07
2025-11-07T21:00:00.000Z,-1098.8,-1194.08
2025-11-07T21:15:00.000Z,-941.71,-1194.17
2025-11-07T21:30:00.000Z,-982.81,-1194.08
2025-11-07T21:45:00.000Z,-1174.53,-1194.13
2025-11-07T22:00:00.000Z,-1357.21,-1194.01
2025-11-07T22:15:00.000Z,-1237.78,-1194.21
2025-11-07T22:30:00.000Z,-1255.11,-1194.24
2025-11-07T22:45:00.000Z,-1317.64,-1194.54
2025-11-07T23:00:00.000Z,-1070.23,-1194.27
2025-11-07T23:15:00.000Z,-1096.38,-1194.48
2025-11-07T23:30:00.000Z,-1173.42,-1194.57
2025-11-07T23:45:00.000Z,-1105.62,-1194.54
2025-11-08T00:00:00.000Z,-1155.14,-1194.45
2025-11-08T00:15:00.000Z,-1229.23,-1194.48
2025-11-08T00:30:00.000Z,-1166.54,-1194.78
2025-11-08T00:45:00.000Z,-1116.57,-1194.76
2025-11-08T01:00:00.000Z,-1130.09,-1194.79
2025-11-08T01:15:00.000Z,-1090.44,-1193.79
2025-11-08T01:30:00.000Z,-1183.11,-1185.9
2025-11-08T01:45:00.000Z,-1234.39,-1190.21
2025-11-08T02:00:00.000Z,-1254.29,-1194.43
2025-11-08T02:15:00.000Z,-1250.18,-1194.69
2025-11-08T02:30:00.000Z,-1224.51,-1194.42
2025-11-08T02:45:00.000Z,-1166.99,-1194.25
2025-11-08T03:00:00.000Z,-1107.09,-1194.38
2025-11-08T03:15:00.000Z,-1120.83,-1193.7
2025-11-08T03:30:00.000Z,-1207.88,-1192.64
2025-11-08T03:45:00.000Z,-1177.04,-1193.57
2025-11-08T04:00:00.000Z,-1290.39,-1185.11
2025-11-08T04:15:00.000Z,-1378.41,-1190.54
2025-11-08T04:30:00.000Z,-1260.14,-1194.01
2025-11-08T04:45:00.000Z,-1175.14,-1194.09
2025-11-08T05:00:00.000Z,-1114.51,-1194.22
2025-11-08T05:15:00.000Z,-1069.6,-1194.09
2025-11-08T05:30:00.000Z,-1246.53,-1193.96
2025-11-08T05:45:00.000Z,-1273.41,-1194.14
2025-11-08T06:00:00.000Z,-1129.57,-1194.24
2025-11-08T06:15:00.000Z,-1034.38,-1194.2
2025-11-08T06:30:00.000Z,-1090.25,-1194.12
2025-11-08T06:45:00.000Z,-1061.79,-1194.12
2025-11-08T07:00:00.000Z,-1056.69,-1193.3
2025-11-08T07:15:00.000Z,-1091.22,-1188.93
2025-11-08T07:30:00.000Z,-1007.2,-1188.93
2025-11-08T07:45:00.000Z,-1082.37,-1120.4
2025-11-08T08:00:00.000Z,-1079.13,-1028.02
2025-11-08T08:15:00.000Z,-1067.48,-999.81
2025-11-08T08:30:00.000Z,-1081.36,-958.44
2025-11-08T08:45:00.000Z,-1099.35,-966.17
2025-11-08T09:00:00.000Z,-1106.85,-1062.53
2025-11-08T09:15:00.000Z,-1107.53,-1076.65
2025-11-08T09:30:00.000Z,-1183.76,-1082.8
2025-11-08T09:45:00.000Z,-1132.51,-1083.13
2025-11-08T10:00:00.000Z,-1069.57,-1051.66
2025-11-08T10:15:00.000Z,-1115.48,-1041.54
2025-11-08T10:30:00.000Z,-1155.44,-1039.96
2025-11-08T10:45:00.000Z,-1216.84,-1043.7
2025-11-08T11:00:00.000Z,-1182.44,-1046.71
2025-11-08T11:15:00.000Z,-1196.24,-1032.43
2025-11-08T11:30:00.000Z,-1196.2,-1030.84
2025-11-08T11:45:00.000Z,-1081.06,-1044.4
2025-11-08T12:00:00.000Z,-1073.95,-996.41
2025-11-08T12:15:00.000Z,-1069.22,-981.58
2025-11-08T12:30:00.000Z,-1048.4,-973.76
2025-11-08T12:45:00.000Z,-1098.91,-948.22
2025-11-08T13:00:00.000Z,-1112.41,-901.47
2025-11-08T13:15:00.000Z,-1182.4,-877.75
2025-11-08T13:30:00.000Z,-1124.01,-865.79
2025-11-08T13:45:00.000Z,-1080.61,-858.6
2025-11-08T14:00:00.000Z,-1107.56,-928.54
2025-11-08T14:15:00.000Z,-1150.59,-870.57
2025-11-08T14:30:00.000Z,-1142.28,-809.19
2025-11-08T14:45:00.000Z,-1173.86,-808.29
2025-11-08T15:00:00.000Z,-1200.86,-784.4
2025-11-08T15:15:00.000Z,-1099.8,-791.34
2025-11-08T15:30:00.000Z,-1010.5,-800.42
2025-11-08T15:45:00.000Z,-1056.45,-751.61
2025-11-08T16:00:00.000Z,-1053.36,-716.84
2025-11-08T16:15:00.000Z,-1090.57,-722.24
2025-11-08T16:30:00.000Z,-1153.73,-623.74
2025-11-08T16:45:00.000Z,-1218.64,-606.73
2025-11-08T17:00:00.000Z,-1223.82,-675.34
2025-11-08T17:15:00.000Z,-1231.29,-750.22
2025-11-08T17:30:00.000Z,-920.95,-861.56
2025-11-08T17:45:00.000Z,-1031.8,-913.98
2025-11-08T18:00:00.000Z,-1118.87,-894.38
2025-11-08T18:15:00.000Z,-1141.13,-973.94
2025-11-08T18:30:00.000Z,-1191.07,-939.33
2025-11-08T18:45:00.000Z,-1159.77,-985.83
2025-11-08T19:00:00.000Z,-1127.09,-954.97
2025-11-08T19:15:00.000Z,-1131.09,-993.71
2025-11-08T19:30:00.000Z,-1079.84,-1021.42
2025-11-08T19:45:00.000Z,-1046.64,-1061.63
2025-11-08T20:00:00.000Z,-1117.94,-1086.97
2025-11-08T20:15:00.000Z,-1136.34,-1114.79
2025-11-08T20:30:00.000Z,-1124.77,-1146.47
2025-11-08T20:45:00.000Z,-1084.71,-1143.39
2025-11-08T21:00:00.000Z,-1085.45,-1137.91
2025-11-08T21:15:00.000Z,-1055.79,-1130.87
2025-11-08T21:30:00.000Z,-935.67,-1135.69
2025-11-08T21:45:00.000Z,-942.46,-1075.3
2025-11-08T22:00:00.000Z,-966.37,-1048.77
2025-11-08T22:15:00.000Z,-994.26,-1015.59
2025-11-08T22:30:00.000Z,-1173.67,-935.5
2025-11-08T22:45:00.000Z,-1187.43,-874.65
2025-11-08T23:00:00.000Z,-933.2,-845.31
2025-11-08T23:15:00.000Z,-1010.94,-798.43
2025-11-08T23:30:00.000Z,-1111.67,-777.89
2025-11-08T23:45:00.000Z,-1284.85,-741.4
2025-11-09T00:00:00.000Z,-1214.53,-770.44
2025-11-09T00:15:00.000Z,-1103.1,-795.28
2025-11-09T00:30:00.000Z,-1184.04,-731.38
2025-11-09T00:45:00.000Z,-1192.83,-662.88
2025-11-09T01:00:00.000Z,-1242.33,-520.73
2025-11-09T01:15:00.000Z,-1224.43,-463.47
2025-11-09T01:30:00.000Z,-1130.09,-412.51
2025-11-09T01:45:00.000Z,-1072.58,-352.18
2025-11-09T02:00:00.000Z,-1152,-204.08
2025-11-09T02:15:00.000Z,-1245.26,-121.61
2025-11-09T02:30:00.000Z,-1324.6,-83.67
2025-11-09T02:45:00.000Z,-1251.74,-20.56
2025-11-09T03:00:00.000Z,-941.89,-269.04
2025-11-09T03:15:00.000Z,-989.43,-227.61
2025-11-09T03:30:00.000Z,-1064.83,-165.52
2025-11-09T03:45:00.000Z,-1154.71,-125.91
2025-11-09T04:00:00.000Z,-1137.31,-219.91
2025-11-09T04:15:00.000Z,-1115.38,-233.13
2025-11-09T04:30:00.000Z,-1200.39,-234.7
2025-11-09T04:45:00.000Z,-1149.37,-236.46
2025-11-09T05:00:00.000Z,-1012.48,-232.88
2025-11-09T05:15:00.000Z,-1089.59,-247.93
2025-11-09T05:30:00.000Z,-1108.86,-250.76
2025-11-09T05:45:00.000Z,-1141.79,-262.6
2025-11-09T06:00:00.000Z,-1090.17,-317.23
2025-11-09T06:15:00.000Z,-1006.99,-358.18
2025-11-09T06:30:00.000Z,-1009.41,-405.12
2025-11-09T06:45:00.000Z,-986.39,-427.57
2025-11-09T07:00:00.000Z,-975.73,-397.89
2025-11-09T07:15:00.000Z,-1023.96,-425.48
2025-11-09T07:30:00.000Z,-1019.39,-460.04
2025-11-09T07:45:00.000Z,-1029.48,-467.87
2025-11-09T08:00:00.000Z,-1127.85,-449.2
2025-11-09T08:15:00.000Z,-1153.9,-473.72
2025-11-09T08:30:00.000Z,-1126.97,-495.33
2025-11-09T08:45:00.000Z,-1071.06,-528.82
2025-11-09T09:00:00.000Z,-981.24,-540.74
2025-11-09T09:15:00.000Z,-1071.04,-502.29
2025-11-09T09:30:00.000Z,-1217.94,-466.74
2025-11-09T09:45:00.000Z,-1268.51,-434.85
2025-11-09T10:00:00.000Z,-1103.65,-452.4
2025-11-09T10:15:00.000Z,-1194.11,-431.03
2025-11-09T10:30:00.000Z,-1272.76,-402.93
2025-11-09T10:45:00.000Z,-1198.13,-404.44
2025-11-09T11:00:00.000Z,-1098.96,-430.7
2025-11-09T11:15:00.000Z,-1115.18,-434.4
2025-11-09T11:30:00.000Z,-1066.24,-436
2025-11-09T11:45:00.000Z,-1073.84,-444.02
2025-11-09T12:00:00.000Z,-1117.49,-439.58
2025-11-09T12:15:00.000Z,-1093.27,-433.38
2025-11-09T12:30:00.000Z,-1137.25,-433.09
2025-11-09T12:45:00.000Z,-1147.23,-417.58
2025-11-09T13:00:00.000Z,-1200.7,-320.25
2025-11-09T13:15:00.000Z,-1143.77,-304.84
2025-11-09T13:30:00.000Z,-1085.98,-305.78
2025-11-09T13:45:00.000Z,-1050.56,-299.06
2025-11-09T14:00:00.000Z,-1055.81,-239.6
2025-11-09T14:15:00.000Z,-1159.88,-232.24
2025-11-09T14:30:00.000Z,-1197.32,-230.93
2025-11-09T14:45:00.000Z,-1154.36,-190.95
2025-11-09T15:00:00.000Z,-1148.1,-111.4
2025-11-09T15:15:00.000Z,-1191.95,-50.07
2025-11-09T15:30:00.000Z,-1149.52,-3.77
2025-11-09T15:45:00.000Z,-1225.78,60.05
2025-11-09T16:00:00.000Z,-1181.12,46.02
2025-11-09T16:15:00.000Z,-1024.94,73.57
2025-11-09T16:30:00.000Z,-1087.51,151.33
2025-11-09T16:45:00.000Z,-1126.35,171.21
2025-11-09T17:00:00.000Z,-1104.18,84.79
2025-11-09T17:15:00.000Z,-1047.38,44.33
2025-11-09T17:30:00.000Z,-1035.46,28.07
2025-11-09T17:45:00.000Z,-1168.75,71.8
2025-11-09T18:00:00.000Z,-1171.76,38.42
2025-11-09T18:15:00.000Z,-1292.01,-10.27
2025-11-09T18:30:00.000Z,-1373.42,-64.45
2025-11-09T18:45:00.000Z,-1151.66,-182.57
2025-11-09T19:00:00.000Z,-959.06,-269.39
2025-11-09T19:15:00.000Z,-1091.85,-251.41
2025-11-09T19:30:00.000Z,-1177.96,-277.05
2025-11-09T19:45:00.000Z,-1071.16,-275.53
2025-11-09T20:00:00.000Z,-1150.16,-348.99
2025-11-09T20:15:00.000Z,-1061.93,-464.53
2025-11-09T20:30:00.000Z,-969.13,-543.88
2025-11-09T20:45:00.000Z,-1081.25,-589.43
2025-11-09T21:00:00.000Z,-1171.32,-694.76
2025-11-09T21:15:00.000Z,-1225.61,-715.06
2025-11-09T21:30:00.000Z,-1251.92,-700.99
2025-11-09T21:45:00.000Z,-1212.68,-709.22
2025-11-09T22:00:00.000Z,-1312.27,-702.69
2025-11-09T22:15:00.000Z,-1329.88,-656.34
2025-11-09T22:30:00.000Z,-1268.78,-739.6
2025-11-09T22:45:00.000Z,-1202.86,-783.17
2025-11-09T23:00:00.000Z,-997.71,-1021.12
2025-11-09T23:15:00.000Z,-922.35,-1046.3
2025-11-09T23:30:00.000Z,-1107.2,-930.65
2025-11-09T23:45:00.000Z,-1121.83,-902.6
2025-11-10T00:00:00.000Z,-1073.12,-870.01
2025-11-10T00:15:00.000Z,-1127.56,-885.51
2025-11-10T00:30:00.000Z,-1063.26,-899.13
2025-11-10T00:45:00.000Z,-1093.08,-903.74
2025-11-10T01:00:00.000Z,-1196.65,-819.18
2025-11-10T01:15:00.000Z,-1208.12,-825.07
2025-11-10T01:30:00.000Z,-1211.43,-848.43
2025-11-10T01:45:00.000Z,-1243.4,-887.14
2025-11-10T02:00:00.000Z,-1265.96,-839.08
2025-11-10T02:15:00.000Z,-1268.96,-881.24
2025-11-10T02:30:00.000Z,-1095.11,-1046.05
2025-11-10T02:45:00.000Z,-1009.54,-1092.04
2025-11-10T03:00:00.000Z,-973.48,-1181.67
2025-11-10T03:15:00.000Z,-1028.01,-1193.82
2025-11-10T03:30:00.000Z,-1096.79,-1193.51
2025-11-10T03:45:00.000Z,-1054.23,-1191.83
2025-11-10T04:00:00.000Z,-1011.89,-1175.37
2025-11-10T04:15:00.000Z,-1129.86,-1149.96
2025-11-10T04:30:00.000Z,-1341.81,-1126.78
2025-11-10T04:45:00.000Z,-1279.57,-1108.06
2025-11-10T05:00:00.000Z,-1192.71,-808.8
2025-11-10T05:15:00.000Z,-1073.26,-654.66
2025-11-10T05:30:00.000Z,-1092.58,-552.6
2025-11-10T05:45:00.000Z,-1187.16,-459.12
2025-11-10T06:00:00.000Z,-1115.83,-313.14
2025-11-10T06:15:00.000Z,-1027.54,-299.32
2025-11-10T06:30:00.000Z,-956.08,-341.34
2025-11-10T06:45:00.000Z,-1070.92,-328.8
2025-11-10T07:00:00.000Z,-1230.03,-230.78
2025-11-10T07:15:00.000Z,-1226.65,-261.75
2025-11-10T07:30:00.000Z,-1216.02,-326.21
2025-11-10T07:45:00.000Z,-1101.51,-358.19
2025-11-10T08:00:00.000Z,-1124.82,-336.51
2025-11-10T08:15:00.000Z,-1174.02,-342.83
2025-11-10T08:30:00.000Z,-1190.29,-363.39
2025-11-10T08:45:00.000Z,-1146.02,-395.66
2025-11-10T09:00:00.000Z,-999.38,-494.63
2025-11-10T09:15:00.000Z,-954.12,-487.49
2025-11-10T09:30:00.000Z,-1007.27,-472.89
2025-11-10T09:45:00.000Z,-1056.43,-493.49
2025-11-10T10:00:00.000Z,-1107.1,-637.01
2025-11-10T10:15:00.000Z,-1180.23,-683.66
2025-11-10T10:30:00.000Z,-1130.67,-732.86
2025-11-10T10:45:00.000Z,-1162.07,-796.34
2025-11-10T11:00:00.000Z,-992.28,-1104.37
2025-11-10T11:15:00.000Z,-910.48,-1172.89
2025-11-10T11:30:00.000Z,-941.67,-1168.03
2025-11-10T11:45:00.000Z,-937.44,-1167.21
2025-11-10T12:00:00.000Z,-917.61,-1094.62
2025-11-10T12:15:00.000Z,-1018.58,-1041.99
2025-11-10T12:30:00.000Z,-997.75,-1097.11
2025-11-10T12:45:00.000Z,-986.46,-1080.81
2025-11-10T13:00:00.000Z,-895.34,-1152.77
2025-11-10T13:15:00.000Z,-834.09,-1140.66
2025-11-10T13:30:00.000Z,-979.9,-1024.31
2025-11-10T13:45:00.000Z,-988.35,-975.43
2025-11-10T14:00:00.000Z,-1034.66,-831.53
2025-11-10T14:15:00.000Z,-1086.69,-813.12
2025-11-10T14:30:00.000Z,-1119.25,-838.22
2025-11-10T14:45:00.000Z,-1121.85,-917.64
2025-11-10T15:00:00.000Z,-1114.59,-843.26
2025-11-10T15:15:00.000Z,-1070.97,-853.09
2025-11-10T15:30:00.000Z,-1058.12,-815.72
2025-11-10T15:45:00.000Z,-1012.79,-749.38
2025-11-10T16:00:00.000Z,-1056.42,-784.57
2025-11-10T16:15:00.000Z,-1112.97,-735.38
2025-11-10T16:30:00.000Z,-1087.84,-753.24
2025-11-10T16:45:00.000Z,-1038.96,-824.8
2025-11-10T17:00:00.000Z,-986.47,-871.47
2025-11-10T17:15:00.000Z,-960.84,-910.44
2025-11-10T17:30:00.000Z,-1044.36,-902.9
2025-11-10T17:45:00.000Z,-1035.32,-862.82
2025-11-10T18:00:00.000Z,-1252.46,-690.12
2025-11-10T18:15:00.000Z,-1186.46,-685.64
2025-11-10T18:30:00.000Z,-1085.58,-707.53
2025-11-10T18:45:00.000Z,-1069.21,-670.49
2025-11-10T19:00:00.000Z,-1063.22,-755.38
2025-11-10T19:15:00.000Z,-1167.81,-727.1
2025-11-10T19:30:00.000Z,-1069.36,-686.83
2025-11-10T19:45:00.000Z,-1033.95,-672.1
2025-11-10T20:00:00.000Z,-1102.02,-839.85
2025-11-10T20:15:00.000Z,-1089.1,-892.33
2025-11-10T20:30:00.000Z,-1108.43,-892.38
2025-11-10T20:45:00.000Z,-1124.76,-929.71
2025-11-10T21:00:00.000Z,-971.93,-1100.27
2025-11-10T21:15:00.000Z,-909.27,-1092.12
2025-11-10T21:30:00.000Z,-1075.62,-835.4
2025-11-10T21:45:00.000Z,-941.52,-846.81
2025-11-10T22:00:00.000Z,-595.86,-1155.41
2025-11-10T22:15:00.000Z,-672.08,-1171.19
2025-11-10T22:30:00.000Z,-729.33,-1098.11
2025-11-10T22:45:00.000Z,-845.31,-1119.94
2025-11-10T23:00:00.000Z,-885.23,-1181.92
2025-11-10T23:15:00.000Z,-951.19,-1188.36
2025-11-10T23:30:00.000Z,-922.4,-1161.96
2025-11-10T23:45:00.000Z,-917.21,-1155.78
2025-11-11T00:00:00.000Z,-1011.56,-1153.39
2025-11-11T00:15:00.000Z,-980.93,-1159.65
2025-11-11T00:30:00.000Z,-903.75,-1188.51
2025-11-11T00:45:00.000Z,-949.44,-1165.34
2025-11-11T01:00:00.000Z,-1100.63,-1160.78
2025-11-11T01:15:00.000Z,-1074,-1178.08
2025-11-11T01:30:00.000Z,-1174.02,-1164.61
2025-11-11T01:45:00.000Z,-1235.13,-1073.31
2025-11-11T02:00:00.000Z,-1240.39,-1149.33
2025-11-11T02:15:00.000Z,-1244.35,-1110.27
2025-11-11T02:30:00.000Z,-1221.98,-1161.08
2025-11-11T02:45:00.000Z,-1170.45,-1159.06
2025-11-11T03:00:00.000Z,-1130.78,-1140.37
2025-11-11T03:15:00.000Z,-1110.64,-1155.8
2025-11-11T03:30:00.000Z,-1171.63,-1177.1
2025-11-11T03:45:00.000Z,-1057.75,-1182.65
2025-11-11T04:00:00.000Z,-937.28,-1194.13
2025-11-11T04:15:00.000Z,-968.6,-1193.94
2025-11-11T04:30:00.000Z,-1137.93,-1194.05
2025-11-11T04:45:00.000Z,-1203.22,-1193.89
2025-11-11T05:00:00.000Z,-1048.99,-1193.74
2025-11-11T05:15:00.000Z,-998.56,-1193.79
2025-11-11T05:30:00.000Z,-1069.31,-1191.52
2025-11-11T05:45:00.000Z,-1028.22,-1187.32
2025-11-11T06:00:00.000Z,-981.03,-1190.5
2025-11-11T06:15:00.000Z,-1006.14,-1148.44
2025-11-11T06:30:00.000Z,-955.12,-1137.55
2025-11-11T06:45:00.000Z,-1062.29,-1088.39
2025-11-11T07:00:00.000Z,-1041.89,-1086.53
2025-11-11T07:15:00.000Z,-1127.53,-1086.73
2025-11-11T07:30:00.000Z,-1131.89,-1047.75
2025-11-11T07:45:00.000Z,-1098.12,-1071.42
2025-11-11T08:00:00.000Z,-1190.21,-1051.84
2025-11-11T08:15:00.000Z,-1191.3,-978.91
2025-11-11T08:30:00.000Z,-1218.17,-895.33
2025-11-11T08:45:00.000Z,-1194.43,-871.69
2025-11-11T09:00:00.000Z,-1118.2,-932.49
2025-11-11T09:15:00.000Z,-1120.2,-881.05
2025-11-11T09:30:00.000Z,-1195.09,-923.83
2025-11-11T09:45:00.000Z,-1213.89,-962.24
2025-11-11T10:00:00.000Z,-1199.08,-990.33
2025-11-11T10:15:00.000Z,-1189.9,-1026.2
2025-11-11T10:30:00.000Z,-1049.08,-998.09
2025-11-11T10:45:00.000Z,-1012.91,-1072.69
2025-11-11T11:00:00.000Z,-987.77,-1117.72
2025-11-11T11:15:00.000Z,-993.15,-1047.94
2025-11-11T11:30:00.000Z,-1052.46,-979.79
2025-11-11T11:45:00.000Z,-1093.91,-903.28
2025-11-11T12:00:00.000Z,-1055.37,-796.6
2025-11-11T12:15:00.000Z,-1067.66,-731.79
2025-11-11T12:30:00.000Z,-1067.49,-678.07
2025-11-11T12:45:00.000Z,-1120.43,-667.48
2025-11-11T13:00:00.000Z,-1041.47,-662.27
2025-11-11T13:15:00.000Z,-1074.1,-575.15
2025-11-11T13:30:00.000Z,-1061.34,-485.69
2025-11-11T13:45:00.000Z,-1072.92,-439.99
2025-11-11T14:00:00.000Z,-1135.51,-411.22
2025-11-11T14:15:00.000Z,-1266.83,-217.67
2025-11-11T14:30:00.000Z,-1247.47,-132.39
2025-11-11T14:45:00.000Z,-1183.35,-96.13
2025-11-11T15:00:00.000Z,-1237.06,68.94
2025-11-11T15:15:00.000Z,-1208.9,211.23
2025-11-11T15:30:00.000Z,-1083.12,268.1
2025-11-11T15:45:00.000Z,-1094.63,342.31
2025-11-11T16:00:00.000Z,-1241.72,499.13
2025-11-11T16:15:00.000Z,-1185.2,538.69
2025-11-11T16:30:00.000Z,-1130.8,630.96
2025-11-11T16:45:00.000Z,-1114.09,667.15
2025-11-11T17:00:00.000Z,-1094.94,631.26
2025-11-11T17:15:00.000Z,-1146.53,611.83
2025-11-11T17:30:00.000Z,-1096.72,678.06
2025-11-11T17:45:00.000Z,-1064.96,639.48
2025-11-11T18:00:00.000Z,-1280.31,546.35
2025-11-11T18:15:00.000Z,-1235.88,560.76
2025-11-11T18:30:00.000Z,-1195.52,677.91
2025-11-11T18:45:00.000Z,-1211.25,816.12
2025-11-11T19:00:00.000Z,-1071.7,920.13
2025-11-11T19:15:00.000Z,-997.83,1086.42
2025-11-11T19:30:00.000Z,-1001.48,1182.69
2025-11-11T19:45:00.000Z,-1023.4,1189.59
2025-11-11T20:00:00.000Z,-1180.18,1178.98
2025-11-11T20:15:00.000Z,-1222.52,1186.26
2025-11-11T20:30:00.000Z,-1028.92,1194.78
2025-11-11T20:45:00.000Z,-961.98,1175.54
2025-11-11T21:00:00.000Z,-1021.53,1193.96
2025-11-11T21:15:00.000Z,-1022.18,1196.69
2025-11-11T21:30:00.000Z,-875.49,1196.44
2025-11-11T21:45:00.000Z,-766.44,1196.61
2025-11-11T22:00:00.000Z,-942.74,1196.63
2025-11-11T22:15:00.000Z,-651.18,1196.6
2025-11-11T22:30:00.000Z,-666.64,1196.44
2025-11-11T22:45:00.000Z,-723.8,1196.81
2025-11-11T23:00:00.000Z,-850.91,1196.73
2025-11-11T23:15:00.000Z,-916.63,1196.88
2025-11-11T23:30:00.000Z,-884.56,1196.73
2025-11-11T23:45:00.000Z,-673.65,1196.59
2025-11-12T00:00:00.000Z,-665.01,1196.53
2025-11-12T00:15:00.000Z,-685.97,1195.8
2025-11-12T00:30:00.000Z,-596.77,1187.93
2025-11-12T00:45:00.000Z,-524.32,1193.24
2025-11-12T01:00:00.000Z,-529.93,1165.58
2025-11-12T01:15:00.000Z,-480.73,1156.45
2025-11-12T01:30:00.000Z,-469.89,1178.7
2025-11-12T01:45:00.000Z,-391.94,1181.33
2025-11-12T02:00:00.000Z,-456.26,1163
2025-11-12T02:15:00.000Z,-487.64,1185.69
2025-11-12T02:30:00.000Z,-319.21,1177.71
2025-11-12T02:45:00.000Z,-392.66,1178.92
2025-11-12T03:00:00.000Z,-297.56,1158.24
2025-11-12T03:15:00.000Z,-233.9,1145.92
2025-11-12T03:30:00.000Z,-283.17,1191.02
2025-11-12T03:45:00.000Z,-339.23,1196.3
2025-11-12T04:00:00.000Z,-612.67,1196.88
2025-11-12T04:15:00.000Z,-611.65,1196.79
2025-11-12T04:30:00.000Z,-706.97,1196.83
2025-11-12T04:45:00.000Z,-771.73,1193.78
2025-11-12T05:00:00.000Z,-474.91,1171.9
2025-11-12T05:15:00.000Z,-424.12,1182.91
2025-11-12T05:30:00.000Z,-528.29,1194.93
2025-11-12T05:45:00.000Z,-564.2,1196.56
2025-11-12T06:00:00.000Z,-429.31,1195.29
2025-11-12T06:15:00.000Z,-422.67,1194.31
2025-11-12T06:30:00.000Z,-532.62,1196.53
2025-11-12T06:45:00.000Z,-692.35,1196.74
2025-11-12T07:00:00.000Z,-711.65,1191.97
2025-11-12T07:15:00.000Z,-552.32,1135.14
2025-11-12T07:30:00.000Z,-658.74,1156.26
2025-11-12T07:45:00.000Z,-711.28,1185.06
2025-11-12T08:00:00.000Z,-565.92,1091.09
2025-11-12T08:15:00.000Z,-687.73,1183.16
2025-11-12T08:30:00.000Z,-555.34,1196.45
2025-11-12T08:45:00.000Z,-646.57,1192.19
2025-11-12T09:00:00.000Z,-779.34,1185.76
2025-11-12T09:15:00.000Z,-777.18,1192.39
2025-11-12T09:30:00.000Z,-724.59,1194.75
2025-11-12T09:45:00.000Z,-814.43,1190.02
2025-11-12T10:00:00.000Z,-962.62,1192.26
2025-11-12T10:15:00.000Z,-1059.55,1193.69
2025-11-12T10:30:00.000Z,-925.4,1190.48
2025-11-12T10:45:00.000Z,-966.48,1186.46
2025-11-12T11:00:00.000Z,-740.93,1174.64
2025-11-12T11:15:00.000Z,-604.25,1151.35
2025-11-12T11:30:00.000Z,-612.19,1103.64
2025-11-12T11:45:00.000Z,-402.91,1115.54
2025-11-12T12:00:00.000Z,-592.61,1136.43
2025-11-12T12:15:00.000Z,-714.51,1141.04
2025-11-12T12:30:00.000Z,-786.77,1183.68
2025-11-12T12:45:00.000Z,-706.68,1159.59
2025-11-12T13:00:00.000Z,-693.76,1121.12
2025-11-12T13:15:00.000Z,-717.02,1134.83
2025-11-12T13:30:00.000Z,-743.07,1140.75
2025-11-12T13:45:00.000Z,-897.14,1175.27
2025-11-12T14:00:00.000Z,-945.69,1186.03
2025-11-12T14:15:00.000Z,-959.84,1194.63
2025-11-12T14:30:00.000Z,-913.77,1190.4
2025-11-12T14:45:00.000Z,-1027.11,1187.71
2025-11-12T15:00:00.000Z,-864.43,1173.94
2025-11-12T15:15:00.000Z,-840.56,1195.99
2025-11-12T15:30:00.000Z,-766.23,1192.94
2025-11-12T15:45:00.000Z,-797.73,1188.37
2025-11-12T16:00:00.000Z,-760.16,1190.87
2025-11-12T16:15:00.000Z,-572.45,1125.36
2025-11-12T16:30:00.000Z,-586.54,1187.34
2025-11-12T16:45:00.000Z,-589.85,1196.31
2025-11-12T17:00:00.000Z,-500.07,1196.56
2025-11-12T17:15:00.000Z,-460.11,1196.4
2025-11-12T17:30:00.000Z,-405.31,1195.96
2025-11-12T17:45:00.000Z,-439.04,1196.11
2025-11-12T18:00:00.000Z,-162.59,1196.33
2025-11-12T18:15:00.000Z,-203.67,1196.37
2025-11-12T18:30:00.000Z,-37.45,1196.44
2025-11-12T18:45:00.000Z,-15.09,1193.85
2025-11-12T19:00:00.000Z,348.95,1187.31
2025-11-12T19:15:00.000Z,411.71,1187.32
2025-11-12T19:30:00.000Z,598.45,1162.29
2025-11-12T19:45:00.000Z,566.53,1082
2025-11-12T20:00:00.000Z,440.03,1146.42
2025-11-12T20:15:00.000Z,383.51,1050.11
2025-11-12T20:30:00.000Z,806.72,588.96
2025-11-12T20:45:00.000Z,1255.54,144.36
2025-11-12T21:00:00.000Z,1151.25,386.76
2025-11-12T21:15:00.000Z,1448.81,51.71
2025-11-12T21:30:00.000Z,1383.68,11.73
2025-11-12T21:45:00.000Z,1106.66,-15.62
2025-11-12T22:00:00.000Z,1187.18,-180.78
2025-11-12T22:15:00.000Z,1302.96,-467.95
2025-11-12T22:30:00.000Z,1347.97,-490.7
2025-11-12T22:45:00.000Z,1278.74,-283.05
2025-11-12T23:00:00.000Z,950.08,224.34
2025-11-12T23:15:00.000Z,1094.79,304.93
2025-11-12T23:30:00.000Z,897.62,362.56
2025-11-12T23:45:00.000Z,854.46,555.11
2025-11-13T00:00:00.000Z,858.39,498.89
2025-11-13T00:15:00.000Z,856.64,521.19
2025-11-13T00:30:00.000Z,802.85,595.39
2025-11-13T00:45:00.000Z,839.66,567.07
2025-11-13T01:00:00.000Z,1015.52,494.03
2025-11-13T01:15:00.000Z,971.65,485.87
2025-11-13T01:30:00.000Z,922.63,488.73
2025-11-13T01:45:00.000Z,857.24,514.09
2025-11-13T02:00:00.000Z,765.37,415.33
2025-11-13T02:15:00.000Z,869.12,430.46
2025-11-13T02:30:00.000Z,907.95,438.22
2025-11-13T02:45:00.000Z,897.17,377.02
2025-11-13T03:00:00.000Z,886.86,289.9
2025-11-13T03:15:00.000Z,1103.91,22.58
2025-11-13T03:30:00.000Z,1195.7,-55.24
2025-11-13T03:45:00.000Z,1183.7,-45.51
2025-11-13T04:00:00.000Z,1161.94,-358.07
2025-11-13T04:15:00.000Z,1189.36,-668.97
2025-11-13T04:30:00.000Z,1197.02,-961.79
2025-11-13T04:45:00.000Z,1119.13,-1108.55
2025-11-13T05:00:00.000Z,1160.24,-1171.45
2025-11-13T05:15:00.000Z,786.85,-928.27
2025-11-13T05:30:00.000Z,136.94,-365.91
2025-11-13T05:45:00.000Z,-627.45,218.51
2025-11-13T06:00:00.000Z,-1007.63,612.19
2025-11-13T06:15:00.000Z,-867.27,400.61
2025-11-13T06:30:00.000Z,-937.14,261.37
2025-11-13T06:45:00.000Z,-1062.09,122.37
2025-11-13T07:00:00.000Z,-715.44,-331.1
2025-11-13T07:15:00.000Z,-658.56,-502.93
2025-11-13T07:30:00.000Z,-527.62,-613.25
2025-11-13T07:45:00.000Z,-570.79,-727.53
2025-11-13T08:00:00.000Z,-495.5,-878.29
2025-11-13T08:15:00.000Z,-391.11,-960.41
2025-11-13T08:30:00.000Z,-403.61,-1023.19
2025-11-13T08:45:00.000Z,-522.05,-1059.75
2025-11-13T09:00:00.000Z,-710.83,-1049.94
2025-11-13T09:15:00.000Z,-625.04,-1050.19
2025-11-13T09:30:00.000Z,-729.4,-1053.37
2025-11-13T09:45:00.000Z,-773.57,-1048.97
2025-11-13T10:00:00.000Z,-624.08,-1049.18
2025-11-13T10:15:00.000Z,-657.98,-1049.12
2025-11-13T10:30:00.000Z,-729.36,-1049.75
2025-11-13T10:45:00.000Z,-827.01,-1059.9
2025-11-13T11:00:00.000Z,-791.17,-1080.09
2025-11-13T11:15:00.000Z,-773.57,-1052.35
2025-11-13T11:30:00.000Z,-932.61,-1049.6
2025-11-13T11:45:00.000Z,-791.05,-1049.38
2025-11-13T12:00:00.000Z,-651.84,-1048.79
2025-11-13T12:15:00.000Z,-342.16,-1036.85
2025-11-13T12:30:00.000Z,-250.03,-976.74
2025-11-13T12:45:00.000Z,-231.65,-833.74
2025-11-13T13:00:00.000Z,-242.61,-866.5
2025-11-13T13:15:00.000Z,-87.72,-789.07
2025-11-13T13:30:00.000Z,25.87,-645.6
2025-11-13T13:45:00.000Z,73.31,-523.33
2025-11-13T14:00:00.000Z,-27.53,-435.71
2025-11-13T14:15:00.000Z,-142.51,-364
2025-11-13T14:30:00.000Z,-248.95,-292.78
2025-11-13T14:45:00.000Z,-299.02,-254.8
2025-11-13T15:00:00.000Z,-156.31,-258.89
2025-11-13T15:15:00.000Z,-294.02,-258.22
2025-11-13T15:30:00.000Z,-302.34,-87.68
2025-11-13T15:45:00.000Z,-464.22,-22.36
2025-11-13T16:00:00.000Z,-528.58,188.69
2025-11-13T16:15:00.000Z,-740.38,262.43
2025-11-13T16:30:00.000Z,-771.05,281.26
2025-11-13T16:45:00.000Z,-864.68,324.87
2025-11-13T17:00:00.000Z,-1076.87,353.98
2025-11-13T17:15:00.000Z,-1219.91,398.8
2025-11-13T17:30:00.000Z,-1126.91,428
2025-11-13T17:45:00.000Z,-960.47,446.79
2025-11-13T18:00:00.000Z,-567.54,528.72
2025-11-13T18:15:00.000Z,-435.81,602.54
2025-11-13T18:30:00.000Z,-527.25,701.57
2025-11-13T18:45:00.000Z,-627.03,836.09
2025-11-13T19:00:00.000Z,-744.45,1015.18
2025-11-13T19:15:00.000Z,-613.53,1033.4
2025-11-13T19:30:00.000Z,-502.71,1036.23
2025-11-13T19:45:00.000Z,-240.35,1020.64
2025-11-13T20:00:00.000Z,-215.84,994.75
2025-11-13T20:15:00.000Z,-642.06,990.03
2025-11-13T20:30:00.000Z,-509.04,1047.34
2025-11-13T20:45:00.000Z,-502.47,1066.78
2025-11-13T21:00:00.000Z,-436.09,999.55
2025-11-13T21:15:00.000Z,-374.83,951.23
2025-11-13T21:30:00.000Z,-147.87,917.87
2025-11-13T21:45:00.000Z,-45.64,935.34
2025-11-13T22:00:00.000Z,-201.13,1052.13
2025-11-13T22:15:00.000Z,-135.83,1061.13
2025-11-13T22:30:00.000Z,-108.35,989.48
2025-11-13T22:45:00.000Z,-250.37,1105.7
2025-11-13T23:00:00.000Z,-112.19,1083.37
2025-11-13T23:15:00.000Z,109.48,1089.09
2025-11-13T23:30:00.000Z,294.82,1119.21
2025-11-13T23:45:00.000Z,339.23,1155.49
2025-11-14T00:00:00.000Z,213.44,1192.58
2025-11-14T00:15:00.000Z,164.38,1196.37
2025-11-14T00:30:00.000Z,171.74,1196.29
2025-11-14T00:45:00.000Z,151.93,1195.39
2025-11-14T01:00:00.000Z,224.67,1193.69
2025-11-14T01:15:00.000Z,275.14,1196.76
2025-11-14T01:30:00.000Z,132.54,1196.97
2025-11-14T01:45:00.000Z,71.28,1197.2
2025-11-14T02:00:00.000Z,-10.47,1197.13
2025-11-14T02:15:00.000Z,-99.76,1193.95
2025-11-14T02:30:00.000Z,-198.19,1156.41
2025-11-14T02:45:00.000Z,-251.12,1127.24
2025-11-14T03:00:00.000Z,-501.28,1143.87
2025-11-14T03:15:00.000Z,-575.71,1164.48
2025-11-14T03:30:00.000Z,-854.53,1099.77
2025-11-14T03:45:00.000Z,-998.12,1105.74
2025-11-14T04:00:00.000Z,-875.21,954.63
2025-11-14T04:15:00.000Z,-798.11,745.66
2025-11-14T04:30:00.000Z,-727.54,500.04
2025-11-14T04:45:00.000Z,-588.05,259.55
2025-11-14T05:00:00.000Z,-411.02,34.92
2025-11-14T05:15:00.000Z,-318.93,-132.98
2025-11-14T05:30:00.000Z,-1074.93,264.47
2025-11-14T05:45:00.000Z,-1090.59,319.3
2025-11-14T06:00:00.000Z,-844.36,399.83
2025-11-14T06:15:00.000Z,-725.1,399.38
2025-11-14T06:30:00.000Z,-690.29,388.67
2025-11-14T06:45:00.000Z,-776.69,286.6
2025-11-14T07:00:00.000Z,-1192.94,422.58
2025-11-14T07:15:00.000Z,-1196.04,346.91
2025-11-14T07:30:00.000Z,-1013.56,207.54
2025-11-14T07:45:00.000Z,-1154,82.61
2025-11-14T08:00:00.000Z,-1625.69,216.69
2025-11-14T08:15:00.000Z,-1481.21,111.38
2025-11-14T08:30:00.000Z,-1575.5,0.61
2025-11-14T08:45:00.000Z,-1719.48,-125.22
2025-11-14T09:00:00.000Z,-1803.59,17.72
2025-11-14T09:15:00.000Z,-1788.02,-60.67
2025-11-14T09:30:00.000Z,-1785.82,-182.28
2025-11-14T09:45:00.000Z,-1805.31,-269.67
2025-11-14T10:00:00.000Z,-1943.62,-356.88
2025-11-14T10:15:00.000Z,-2050.75,-359.92
2025-11-14T10:30:00.000Z,-2052.53,-407.52
2025-11-14T10:45:00.000Z,-1822.23,-623.73
2025-11-14T11:00:00.000Z,-1778.72,-761.22
2025-11-14T11:15:00.000Z,-1885.81,-765.68
2025-11-14T11:30:00.000Z,-1787.84,-788.87
2025-11-14T11:45:00.000Z,-1710.03,-846.99
2025-11-14T12:00:00.000Z,-1688.54,-880.38
2025-11-14T12:15:00.000Z,-1802.6,-812.28
2025-11-14T12:30:00.000Z,-1685.2,-882.62
2025-11-14T12:45:00.000Z,-1948.16,-873.67
2025-11-14T13:00:00.000Z,-2052.74,-749.69
2025-11-14T13:15:00.000Z,-1831.93,-816.63
2025-11-14T13:30:00.000Z,-1634.22,-884.82
2025-11-14T13:45:00.000Z,-1755.37,-713.87
2025-11-14T14:00:00.000Z,-1904,-438.99
2025-11-14T14:15:00.000Z,-2005.05,-459.11
2025-11-14T14:30:00.000Z,-1964.13,-465.99
2025-11-14T14:45:00.000Z,-1903.43,-428.35
2025-11-14T15:00:00.000Z,-1938.37,-406.29
2025-11-14T15:15:00.000Z,-1949.5,-331.29
2025-11-14T15:30:00.000Z,-1915.77,-367.97
2025-11-14T15:45:00.000Z,-1852.76,-378.5
2025-11-14T16:00:00.000Z,-1984.47,-322.09
2025-11-14T16:15:00.000Z,-1951.89,-271.97
2025-11-14T16:30:00.000Z,-1897.82,-197.66
2025-11-14T16:45:00.000Z,-1864.49,-161.8
2025-11-14T17:00:00.000Z,-1657.38,-280.46
2025-11-14T17:15:00.000Z,-1998.61,-383.99
2025-11-14T17:30:00.000Z,-1973.76,-404.48
2025-11-14T17:45:00.000Z,-1734.8,-605.61
2025-11-14T18:00:00.000Z,-1646.73,-747.02
2025-11-14T18:15:00.000Z,-1741.32,-843.45
2025-11-14T18:30:00.000Z,-1743.25,-874.8
2025-11-14T18:45:00.000Z,-1626.23,-920.29
2025-11-14T19:00:00.000Z,-1902.99,-946.4
2025-11-14T19:15:00.000Z,-2014.39,-882.82
2025-11-14T19:30:00.000Z,-1724.21,-851.36
2025-11-14T19:45:00.000Z,-1592.58,-760.08
2025-11-14T20:00:00.000Z,-1809.39,-672.82
2025-11-14T20:15:00.000Z,-1992.22,-641.24
2025-11-14T20:30:00.000Z,-1764.41,-662.26
2025-11-14T20:45:00.000Z,-1837.41,-603.47
2025-11-14T21:00:00.000Z,-1891.45,-388.75
2025-11-14T21:15:00.000Z,-1673.51,-265.95
2025-11-14T21:30:00.000Z,-1650.71,-79.1
2025-11-14T21:45:00.000Z,-1729.79,53.05
2025-11-14T22:00:00.000Z,-1569.45,158.61
2025-11-14T22:15:00.000Z,-1473.83,266.7
2025-11-14T22:30:00.000Z,-1587.33,485.03
2025-11-14T22:45:00.000Z,-1753.67,637.16
2025-11-14T23:00:00.000Z,-1773.16,761.05
2025-11-14T23:15:00.000Z,-1680.97,845.18
2025-11-14T23:30:00.000Z,-1851.41,974.45
2025-11-14T23:45:00.000Z,-1825.04,1027.93
2025-11-15T00:00:00.000Z,-1698.82,976.99
2025-11-15T00:15:00.000Z,-1789.52,1034.68
2025-11-15T00:30:00.000Z,-1818.25,1029.31
2025-11-15T00:45:00.000Z,-1616.71,994.84
2025-11-15T01:00:00.000Z,-1653.64,1034.89
2025-11-15T01:15:00.000Z,-1668.45,1071.2
2025-11-15T01:30:00.000Z,-1783.81,1087.87
2025-11-15T01:45:00.000Z,-1830.71,1055.21
2025-11-15T02:00:00.000Z,-1521.92,1070.47
2025-11-15T02:15:00.000Z,-1761.66,1138.68
2025-11-15T02:30:00.000Z,-1751.07,1183.08
2025-11-15T02:45:00.000Z,-1496,1138.16
2025-11-15T03:00:00.000Z,-1493.81,1164.35
2025-11-15T03:15:00.000Z,-1613.04,1194.16
2025-11-15T03:30:00.000Z,-1658.78,1197.54
2025-11-15T03:45:00.000Z,-1737.4,1197.72
2025-11-15T04:00:00.000Z,-1841.04,1196.48
2025-11-15T04:15:00.000Z,-1681.16,1175.54
2025-11-15T04:30:00.000Z,-1853.84,1194.74
2025-11-15T04:45:00.000Z,-1882.93,1194.67
2025-11-15T05:00:00.000Z,-1689.98,1127.16
2025-11-15T05:15:00.000Z,-1708.68,1164.36
2025-11-15T05:30:00.000Z,-1850.8,1197.8
2025-11-15T05:45:00.000Z,-1775.45,1196.5
2025-11-15T06:00:00.000Z,-1698.54,1195.06
2025-11-15T06:15:00.000Z,-1677.38,1197.55
2025-11-15T06:30:00.000Z,-1537.11,1197.83
2025-11-15T06:45:00.000Z,-1691.26,1197.56
2025-11-15T07:00:00.000Z,-1672.22,1197.55
2025-11-15T07:15:00.000Z,-1718.92,1197.64
2025-11-15T07:30:00.000Z,-1853.15,1197.48
2025-11-15T07:45:00.000Z,-1951.23,1197.4
2025-11-15T08:00:00.000Z,-1842.59,1197.61
2025-11-15T08:15:00.000Z,-1968.76,1198.02
2025-11-15T08:30:00.000Z,-1920.42,1193.67
2025-11-15T08:45:00.000Z,-1736.84,1140.14
2025-11-15T09:00:00.000Z,-1716.8,1136.97
2025-11-15T09:15:00.000Z,-1969.6,1183.82
2025-11-15T09:30:00.000Z,-2041.99,1109.63
2025-11-15T09:45:00.000Z,-1936.54,1186.72
2025-11-15T10:00:00.000Z,-1758.25,1190.59
2025-11-15T10:15:00.000Z,-1683.9,1097.7
2025-11-15T10:30:00.000Z,-1648.78,1040.54
2025-11-15T10:45:00.000Z,-1909.95,1046.64
2025-11-15T11:00:00.000Z,-1868.09,1049.55
2025-11-15T11:15:00.000Z,-1892.02,1064.13
2025-11-15T11:30:00.000Z,-2079.71,1134.87
2025-11-15T11:45:00.000Z,-1914.53,1031.06
2025-11-15T12:00:00.000Z,-1973.81,1012.37
2025-11-15T12:15:00.000Z,-1909.78,1030.65
2025-11-15T12:30:00.000Z,-1872.29,1035.9
2025-11-15T12:45:00.000Z,-1829.71,1035.9
2025-11-15T13:00:00.000Z,-1770.76,1035.9
2025-11-15T13:15:00.000Z,-1660.59,1035.89
2025-11-15T13:30:00.000Z,-1564.95,1037.37
2025-11-15T13:45:00.000Z,-1794.89,1063.81
2025-11-15T14:00:00.000Z,-1862.94,1165.3
2025-11-15T14:15:00.000Z,-1965.94,1184.59
2025-11-15T14:30:00.000Z,-1903.58,1192.03
2025-11-15T14:45:00.000Z,-1864.55,1136.67
2025-11-15T15:00:00.000Z,-1756.12,1080.51
2025-11-15T15:15:00.000Z,-1810.96,1183.9
2025-11-15T15:30:00.000Z,-1779.04,1197.38
2025-11-15T15:45:00.000Z,-1913.11,1197.58
2025-11-15T16:00:00.000Z,-1975.47,1197.65
2025-11-15T16:15:00.000Z,-1776.43,1197.59
2025-11-15T16:30:00.000Z,-1705.37,1197.43
2025-11-15T16:45:00.000Z,-1699.25,1197.49
2025-11-15T17:00:00.000Z,-1723.74,1197.44
2025-11-15T17:15:00.000Z,-1666.16,1197.81
2025-11-15T17:30:00.000Z,-1529.84,1197.82
2025-11-15T17:45:00.000Z,-1411.29,1197.16
2025-11-15T18:00:00.000Z,-1367.92,1197.66
2025-11-15T18:15:00.000Z,-1289.19,1197.65
2025-11-15T18:30:00.000Z,-1225.76,1197.75
2025-11-15T18:45:00.000Z,-1213.42,1197.47
2025-11-15T19:00:00.000Z,-1378.36,1197.59
2025-11-15T19:15:00.000Z,-1400.95,1195.22
2025-11-15T19:30:00.000Z,-1485.67,1162.97
2025-11-15T19:45:00.000Z,-1407.1,1122.06
2025-11-15T20:00:00.000Z,-1350.6,1103.42
2025-11-15T20:15:00.000Z,-1557.82,1163.12
2025-11-15T20:30:00.000Z,-1691.12,1192.21
2025-11-15T20:45:00.000Z,-1656.57,1165.98
2025-11-15T21:00:00.000Z,-1609.68,1156.67
2025-11-15T21:15:00.000Z,-1618.47,1138.96
2025-11-15T21:30:00.000Z,-1536.87,1148.68
2025-11-15T21:45:00.000Z,-1407.69,1176.71
2025-11-15T22:00:00.000Z,-1430.59,1149.08
2025-11-15T22:15:00.000Z,-1481.21,1184.2
2025-11-15T22:30:00.000Z,-1386.23,1164.41
2025-11-15T22:45:00.000Z,-1348.99,1163.05
2025-11-15T23:00:00.000Z,-1006.42,1192.4
2025-11-15T23:15:00.000Z,-894.66,1181.94
2025-11-15T23:30:00.000Z,-882.85,1174.24
2025-11-15T23:45:00.000Z,-909.8,1117.61
2025-11-16T00:00:00.000Z,-889.64,1081.74
2025-11-16T00:15:00.000Z,-1042.16,1128.76
2025-11-16T00:30:00.000Z,-1039.36,1188.03
2025-11-16T00:45:00.000Z,-1021.32,1164.87
2025-11-16T01:00:00.000Z,-1068.58,1150.18
2025-11-16T01:15:00.000Z,-1153.62,1181.6
2025-11-16T01:30:00.000Z,-1222.14,1187.1
2025-11-16T01:45:00.000Z,-1343.63,1177.19
2025-11-16T02:00:00.000Z,-1338.87,1140.39
2025-11-16T02:15:00.000Z,-1465.94,1140.44
2025-11-16T02:30:00.000Z,-1625.98,1134.02
2025-11-16T02:45:00.000Z,-1475.43,1087.96
2025-11-16T03:00:00.000Z,-1626,1047.44
2025-11-16T03:15:00.000Z,-1813.48,1074.64
2025-11-16T03:30:00.000Z,-1941.92,1064.51
2025-11-16T03:45:00.000Z,-1876.34,973.93
2025-11-16T04:00:00.000Z,-1805.28,902.06
2025-11-16T04:15:00.000Z,-1696.61,775.53
2025-11-16T04:30:00.000Z,-1685.1,624.48
2025-11-16T04:45:00.000Z,-1663.13,437.77
2025-11-16T05:00:00.000Z,-1536.81,160.25
2025-11-16T05:15:00.000Z,-1581.44,20.05
2025-11-16T05:30:00.000Z,-1728.02,-83.99
2025-11-16T05:45:00.000Z,-1964.06,-147.37
2025-11-16T06:00:00.000Z,-1890.41,-251.88
2025-11-16T06:15:00.000Z,-1786.8,-377.39
2025-11-16T06:30:00.000Z,-1745.45,-646.24
2025-11-16T06:45:00.000Z,-1777.47,-747.67
2025-11-16T07:00:00.000Z,-1721.64,-799.18
2025-11-16T07:15:00.000Z,-1808.44,-920.03
2025-11-16T07:30:00.000Z,-1776.83,-998.56
2025-11-16T07:45:00.000Z,-1695.7,-1088.99
2025-11-16T08:00:00.000Z,-1681.21,-1113.78
2025-11-16T08:15:00.000Z,-1770.2,-1115.06
2025-11-16T08:30:00.000Z,-1790.34,-1114.71
2025-11-16T08:45:00.000Z,-1811.54,-1118.84
2025-11-16T09:00:00.000Z,-1674.17,-1169.8
2025-11-16T09:15:00.000Z,-1680.23,-1188.85
2025-11-16T09:30:00.000Z,-1793.48,-1149.38
2025-11-16T09:45:00.000Z,-1814.49,-1153.64
2025-11-16T10:00:00.000Z,-1839.31,-1177.5
2025-11-16T10:15:00.000Z,-1806.04,-1157.45
2025-11-16T10:30:00.000Z,-1786.41,-1185.38
2025-11-16T10:45:00.000Z,-1790.8,-1139.66
2025-11-16T11:00:00.000Z,-1711.01,-1184.56
2025-11-16T11:15:00.000Z,-1785.85,-1147.84
2025-11-16T11:30:00.000Z,-1756.21,-1080
2025-11-16T11:45:00.000Z,-1802.24,-1005.22
2025-11-16T12:00:00.000Z,-1751.58,-1053.67
2025-11-16T12:15:00.000Z,-1748.15,-1070.64
2025-11-16T12:30:00.000Z,-1765.74,-1081.08
2025-11-16T12:45:00.000Z,-1793.64,-1092.08
2025-11-16T13:00:00.000Z,-1857.27,-1117.07
2025-11-16T13:15:00.000Z,-1941.29,-1104.59
2025-11-16T13:30:00.000Z,-1959.26,-1100.68
2025-11-16T13:45:00.000Z,-1949.17,-1086.07
2025-11-16T14:00:00.000Z,-1767.99,-950.83
2025-11-16T14:15:00.000Z,-1784.56,-947.34
2025-11-16T14:30:00.000Z,-1952.28,-1028.11
2025-11-16T14:45:00.000Z,-1972.35,-1000.66
2025-11-16T15:00:00.000Z,-1932.77,-831.05
2025-11-16T15:15:00.000Z,-1753.1,-809.37
2025-11-16T15:30:00.000Z,-1697.78,-803.57
2025-11-16T15:45:00.000Z,-1798.22,-807.4
2025-11-16T16:00:00.000Z,-1936.98,-759.89
2025-11-16T16:15:00.000Z,-1969.61,-738.4
2025-11-16T16:30:00.000Z,-1746.54,-634.04
2025-11-16T16:45:00.000Z,-1695.81,-611.21
2025-11-16T17:00:00.000Z,-1794.44,-768.46
2025-11-16T17:15:00.000Z,-1835.7,-788.66
2025-11-16T17:30:00.000Z,-1931.72,-792.42
2025-11-16T17:45:00.000Z,-1821.04,-786.01
2025-11-16T18:00:00.000Z,-1656.51,-800.35
2025-11-16T18:15:00.000Z,-1782.51,-733.59
2025-11-16T18:30:00.000Z,-1845.26,-743.1
2025-11-16T18:45:00.000Z,-1912.11,-652.72
2025-11-16T19:00:00.000Z,-1912.29,-710.3
2025-11-16T19:15:00.000Z,-1793.86,-804.06
2025-11-16T19:30:00.000Z,-1644.1,-969.45
2025-11-16T19:45:00.000Z,-1688.57,-942.38
2025-11-16T20:00:00.000Z,-1792.65,-1022.97
2025-11-16T20:15:00.000Z,-1826.14,-1096.48
2025-11-16T20:30:00.000Z,-1850.55,-1105.41
2025-11-16T20:45:00.000Z,-1775.95,-1164.7
2025-11-16T21:00:00.000Z,-1816.22,-1188.67
2025-11-16T21:15:00.000Z,-1859.6,-1172.89
2025-11-16T21:30:00.000Z,-1842.46,-1189.43
2025-11-16T21:45:00.000Z,-1806.07,-1193.69
2025-11-16T22:00:00.000Z,-1843.98,-1193.65
2025-11-16T22:15:00.000Z,-1902.17,-1193.71
2025-11-16T22:30:00.000Z,-1747.9,-1193.65
2025-11-16T22:45:00.000Z,-1620.44,-1194.07
2025-11-16T23:00:00.000Z,-1588.75,-1193.79
2025-11-16T23:15:00.000Z,-1684.63,-1193.9
2025-11-16T23:30:00.000Z,-1616.61,-1193.8
2025-11-16T23:45:00.000Z,-1808.22,-1191.41
2025-11-17T00:00:00.000Z,-1873.54,-1164.85
2025-11-17T00:15:00.000Z,-1848.99,-1191.15
2025-11-17T00:30:00.000Z,-1760.82,-1193.77
2025-11-17T00:45:00.000Z,-1696.55,-1193.83
2025-11-17T01:00:00.000Z,-1687.67,-1193.95
2025-11-17T01:15:00.000Z,-1742.7,-1194.11
2025-11-17T01:30:00.000Z,-1789.37,-1193.9
2025-11-17T01:45:00.000Z,-1752.72,-1194.22
2025-11-17T02:00:00.000Z,-1767.48,-1193.97
2025-11-17T02:15:00.000Z,-1680.59,-1194.06
2025-11-17T02:30:00.000Z,-1621.45,-1194.05
2025-11-17T02:45:00.000Z,-1668.99,-1194.06
2025-11-17T03:00:00.000Z,-1669.68,-1194.05
2025-11-17T03:15:00.000Z,-1650.59,-1193.72
2025-11-17T03:30:00.000Z,-1741.33,-1193.93
2025-11-17T03:45:00.000Z,-1755.25,-1192.05
2025-11-17T04:00:00.000Z,-1706.59,-1187.17
2025-11-17T04:15:00.000Z,-1817.19,-1193.68
2025-11-17T04:30:00.000Z,-1818.23,-1193.82
2025-11-17T04:45:00.000Z,-1799.17,-1193.8
2025-11-17T05:00:00.000Z,-1672.57,-1193.9
2025-11-17T05:15:00.000Z,-1611.03,-1193.94
2025-11-17T05:30:00.000Z,-1725.81,-1193.62
2025-11-17T05:45:00.000Z,-1803.85,-1182.26
2025-11-17T06:00:00.000Z,-1882.86,-1032.02
2025-11-17T06:15:00.000Z,-1714.78,-987.14
2025-11-17T06:30:00.000Z,-1734.4,-860.71
2025-11-17T06:45:00.000Z,-1811.97,-814.04
2025-11-17T07:00:00.000Z,-1775.91,-689.77
2025-11-17T07:15:00.000Z,-1767.05,-667.12
2025-11-17T07:30:00.000Z,-1796.23,-677.86
2025-11-17T07:45:00.000Z,-1806.44,-717.45
2025-11-17T08:00:00.000Z,-1830.42,-756.11
2025-11-17T08:15:00.000Z,-1869.79,-796.39
2025-11-17T08:30:00.000Z,-1901.87,-839.81
2025-11-17T08:45:00.000Z,-1858.2,-945.63
2025-11-17T09:00:00.000Z,-1773.35,-993.53
2025-11-17T09:15:00.000Z,-1792.17,-1021.63
2025-11-17T09:30:00.000Z,-1826.06,-1062.08
2025-11-17T09:45:00.000Z,-1800.56,-1175.82
2025-11-17T10:00:00.000Z,-1708.12,-1194.25
2025-11-17T10:15:00.000Z,-1726.38,-1193.81
2025-11-17T10:30:00.000Z,-1705.8,-1194.11
2025-11-17T10:45:00.000Z,-1732.55,-1194.35
2025-11-17T11:00:00.000Z,-1745.8,-1193.94
2025-11-17T11:15:00.000Z,-1797.14,-1194.37
2025-11-17T11:30:00.000Z,-1782.51,-1193.99
2025-11-17T11:45:00.000Z,-1769,-1194.15
2025-11-17T12:00:00.000Z,-1685.13,-1194.21
2025-11-17T12:15:00.000Z,-1710.88,-1192.09
2025-11-17T12:30:00.000Z,-1832.03,-1167.84
2025-11-17T12:45:00.000Z,-1862.71,-1166.29
2025-11-17T13:00:00.000Z,-1845.14,-1187.17
2025-11-17T13:15:00.000Z,-1803.76,-1189.22
2025-11-17T13:30:00.000Z,-1862.99,-1190.69
2025-11-17T13:45:00.000Z,-2043.19,-1187.67
2025-11-17T14:00:00.000Z,-1944.81,-1193.83
2025-11-17T14:15:00.000Z,-1813.51,-1193.75
2025-11-17T14:30:00.000Z,-1726.12,-1193.57
2025-11-17T14:45:00.000Z,-1735.68,-1180.42
2025-11-17T15:00:00.000Z,-1789.25,-1008.98
2025-11-17T15:15:00.000Z,-1798.37,-958.28
2025-11-17T15:30:00.000Z,-1924.12,-919.6
2025-11-17T15:45:00.000Z,-1771.9,-899.49
2025-11-17T16:00:00.000Z,-1817.32,-922.49
2025-11-17T16:15:00.000Z,-1806.19,-976.48
2025-11-17T16:30:00.000Z,-1739.08,-1029.51
2025-11-17T16:45:00.000Z,-1816.07,-1037.47
2025-11-17T17:00:00.000Z,-1716.43,-1076.32
2025-11-17T17:15:00.000Z,-1763.1,-1152.32
2025-11-17T17:30:00.000Z,-1851.36,-1114.54
2025-11-17T17:45:00.000Z,-1876.52,-1094.08
2025-11-17T18:00:00.000Z,-1827.04,-1027.16
2025-11-17T18:15:00.000Z,-1848.63,-1053.28
2025-11-17T18:30:00.000Z,-1704.82,-1120.47
2025-11-17T18:45:00.000Z,-1809.84,-1028.77
2025-11-17T19:00:00.000Z,-1865.03,-914.41
2025-11-17T19:15:00.000Z,-1854.72,-834.03
2025-11-17T19:30:00.000Z,-1697.26,-752.72
2025-11-17T19:45:00.000Z,-1709.12,-769.28
2025-11-17T20:00:00.000Z,-1822.18,-1008.65
2025-11-17T20:15:00.000Z,-1798.71,-1129.19
2025-11-17T20:30:00.000Z,-1817.45,-1163.32
2025-11-17T20:45:00.000Z,-1814.82,-1147.9
2025-11-17T21:00:00.000Z,-1884.48,-1101.35
2025-11-17T21:15:00.000Z,-1848.89,-1105.35
2025-11-17T21:30:00.000Z,-1870.41,-1043.25
2025-11-17T21:45:00.000Z,-1813.73,-977.12
2025-11-17T22:00:00.000Z,-1870.63,-1036.04
2025-11-17T22:15:00.000Z,-1864.51,-936.17
2025-11-17T22:30:00.000Z,-1744.96,-965.17
2025-11-17T22:45:00.000Z,-1860.85,-971.62
2025-11-17T23:00:00.000Z,-1857.22,-1071.2
2025-11-17T23:15:00.000Z,-1743.95,-1169.78
2025-11-17T23:30:00.000Z,-1717.86,-1083.64
2025-11-17T23:45:00.000Z,-1577.93,-1084.05
2025-11-18T00:00:00.000Z,-1464.54,-1093.34
2025-11-18T00:15:00.000Z,-1288.58,-1120.7
2025-11-18T00:30:00.000Z,-1156.02,-1097.91
2025-11-18T00:45:00.000Z,-1223.79,-1088.38
2025-11-18T01:00:00.000Z,-1068.56,-1091.14
2025-11-18T01:15:00.000Z,-998.27,-1093.16
2025-11-18T01:30:00.000Z,-996.04,-1093.78
2025-11-18T01:45:00.000Z,-993.6,-1095.05
2025-11-18T02:00:00.000Z,-958.53,-1092.18
2025-11-18T02:15:00.000Z,-912.18,-1094.95
2025-11-18T02:30:00.000Z,-952.97,-1094.11
2025-11-18T02:45:00.000Z,-922.4,-1092.95
2025-11-18T03:00:00.000Z,-1015.65,-1095.57
2025-11-18T03:15:00.000Z,-1061.29,-1097.76
2025-11-18T03:30:00.000Z,-1158.93,-1093.4
2025-11-18T03:45:00.000Z,-1286.02,-1092.96
2025-11-18T04:00:00.000Z,-1342.63,-1093.32
2025-11-18T04:15:00.000Z,-1603.5,-1105.06
2025-11-18T04:30:00.000Z,-1677.7,-1021.27
2025-11-18T04:45:00.000Z,-1780.19,-1111.69
2025-11-18T05:00:00.000Z,-1854.63,-1120.04
2025-11-18T05:15:00.000Z,-1822.11,-1147.7
2025-11-18T05:30:00.000Z,-1890.78,-1120.82
2025-11-18T05:45:00.000Z,-1960.89,-1074.64
2025-11-18T06:00:00.000Z,-1864.95,-1178.65
2025-11-18T06:15:00.000Z,-1833.75,-1163
2025-11-18T06:30:00.000Z,-1809.75,-1148.61
2025-11-18T06:45:00.000Z,-1831.52,-1068.93
2025-11-18T07:00:00.000Z,-1786.22,-939.56
2025-11-18T07:15:00.000Z,-1821.04,-965.27
2025-11-18T07:30:00.000Z,-1847.68,-959.15
2025-11-18T07:45:00.000Z,-1773.1,-1019.54
2025-11-18T08:00:00.000Z,-1812.44,-1138.43
2025-11-18T08:15:00.000Z,-1931.93,-1048.6
2025-11-18T08:30:00.000Z,-1893.57,-1115.08
2025-11-18T08:45:00.000Z,-1865.63,-1081.04
2025-11-18T09:00:00.000Z,-2033.25,-1093.88
2025-11-18T09:15:00.000Z,-2001.73,-1112.78
2025-11-18T09:30:00.000Z,-1819.03,-1179.39
2025-11-18T09:45:00.000Z,-1874.74,-1193.66
2025-11-18T10:00:00.000Z,-1876.93,-1187.66
2025-11-18T10:15:00.000Z,-1903.68,-1166.89
2025-11-18T10:30:00.000Z,-1888.94,-1153.22
2025-11-18T10:45:00.000Z,-1912.56,-1152.42
2025-11-18T11:00:00.000Z,-1784.7,-1143.62
2025-11-18T11:15:00.000Z,-1743.72,-1150.21
2025-11-18T11:30:00.000Z,-1797.09,-1176.18
2025-11-18T11:45:00.000Z,-1757.91,-1189.86
2025-11-18T12:00:00.000Z,-1868.88,-1180.15
2025-11-18T12:15:00.000Z,-1928.33,-1181.99
2025-11-18T12:30:00.000Z,-2006.3,-1192.57
2025-11-18T12:45:00.000Z,-1950.09,-1174.38
2025-11-18T13:00:00.000Z,-1892.47,-1136.13
2025-11-18T13:15:00.000Z,-1835.91,-1155.53
2025-11-18T13:30:00.000Z,-1866.05,-1169.83
2025-11-18T13:45:00.000Z,-1851.48,-1160.42
2025-11-18T14:00:00.000Z,-1755.76,-1161.85
2025-11-18T14:15:00.000Z,-1726.37,-1156.59
2025-11-18T14:30:00.000Z,-1758.24,-1145.85
2025-11-18T14:45:00.000Z,-1777.64,-1127.95
2025-11-18T15:00:00.000Z,-1807.03,-1107.14
2025-11-18T15:15:00.000Z,-1770.03,-1056.68
2025-11-18T15:30:00.000Z,-1762.25,-846.36
2025-11-18T15:45:00.000Z,-1843.09,-656.34
2025-11-18T16:00:00.000Z,-1894.9,-575.09
2025-11-18T16:15:00.000Z,-1840.8,-577.09
2025-11-18T16:30:00.000Z,-1828.74,-549.18
2025-11-18T16:45:00.000Z,-1862.93,-531.89
2025-11-18T17:00:00.000Z,-1880.5,-705.58
2025-11-18T17:15:00.000Z,-1749.63,-832.79
2025-11-18T17:30:00.000Z,-1854.11,-831.35
2025-11-18T17:45:00.000Z,-1883.51,-797.4
2025-11-18T18:00:00.000Z,-1878.94,-710.63
2025-11-18T18:15:00.000Z,-1917.94,-837.93
2025-11-18T18:30:00.000Z,-1906.57,-1015.36
2025-11-18T18:45:00.000Z,-1784.97,-1103.49
2025-11-18T19:00:00.000Z,-1761.38,-1060.09
2025-11-18T19:15:00.000Z,-1867.35,-976.8
2025-11-18T19:30:00.000Z,-1821.6,-947.29
2025-11-18T19:45:00.000Z,-1662.94,-897.6
2025-11-18T20:00:00.000Z,-1706.92,-1013.12
2025-11-18T20:15:00.000Z,-1742.82,-1028.11
2025-11-18T20:30:00.000Z,-1826.07,-1044.09
2025-11-18T20:45:00.000Z,-1807.62,-1032.26
2025-11-18T21:00:00.000Z,-1889.85,-1016.92
2025-11-18T21:15:00.000Z,-1876.92,-949.45
2025-11-18T21:30:00.000Z,-1784.02,-901.82
2025-11-18T21:45:00.000Z,-1696.2,-887.93
2025-11-18T22:00:00.000Z,-1681.11,-943.86
2025-11-18T22:15:00.000Z,-1649.43,-908.96
2025-11-18T22:30:00.000Z,-1709,-975.73
2025-11-18T22:45:00.000Z,-1760.59,-1041.3
2025-11-18T23:00:00.000Z,-1499.67,-1097.93
2025-11-18T23:15:00.000Z,-1315.95,-1149.24
2025-11-18T23:30:00.000Z,-1134.66,-1188.99
2025-11-18T23:45:00.000Z,-1106.15,-1192.35
2025-11-19T00:00:00.000Z,-1004.11,-1169.7
2025-11-19T00:15:00.000Z,-1003.39,-1056.59
2025-11-19T00:30:00.000Z,-797.22,-1158.83
2025-11-19T00:45:00.000Z,-751.81,-1190.55
2025-11-19T01:00:00.000Z,-804.26,-1184.3
2025-11-19T01:15:00.000Z,-862.24,-1181.48
2025-11-19T01:30:00.000Z,-961.48,-1053.4
2025-11-19T01:45:00.000Z,-898.26,-1042.74
2025-11-19T02:00:00.000Z,-1009.49,-1111.75
2025-11-19T02:15:00.000Z,-1031.49,-1114.8
2025-11-19T02:30:00.000Z,-1037.61,-1109.42
2025-11-19T02:45:00.000Z,-1069.16,-1054.93
2025-11-19T03:00:00.000Z,-962.95,-1167.48
2025-11-19T03:15:00.000Z,-874.07,-1065.89
2025-11-19T03:30:00.000Z,-983.69,-1081.37
2025-11-19T03:45:00.000Z,-1028.19,-1157.1
2025-11-19T04:00:00.000Z,-1273.5,-1163.07
2025-11-19T04:15:00.000Z,-1725.82,-1087.05
2025-11-19T04:30:00.000Z,-1827.48,-1106
2025-11-19T04:45:00.000Z,-1861.38,-1122.3
2025-11-19T05:00:00.000Z,-1655.27,-1049.2
2025-11-19T05:15:00.000Z,-1613.83,-1081.95
2025-11-19T05:30:00.000Z,-1843.02,-1036.66
2025-11-19T05:45:00.000Z,-1855.51,-976.06
2025-11-19T06:00:00.000Z,-1723.06,-993.98
2025-11-19T06:15:00.000Z,-1654.34,-937.03
2025-11-19T06:30:00.000Z,-1592.92,-784.46
2025-11-19T06:45:00.000Z,-1686.66,-541.21
2025-11-19T07:00:00.000Z,-1664.66,-449.87
2025-11-19T07:15:00.000Z,-1684.68,-467.7
2025-11-19T07:30:00.000Z,-1675.42,-440.81
2025-11-19T07:45:00.000Z,-1597.88,-434.06
2025-11-19T08:00:00.000Z,-1627.33,-388.55
2025-11-19T08:15:00.000Z,-1661.92,-436.33
2025-11-19T08:30:00.000Z,-1596.45,-438.63
2025-11-19T08:45:00.000Z,-1598.14,-438.69
2025-11-19T09:00:00.000Z,-1507.62,-438.72
2025-11-19T09:15:00.000Z,-1375.02,-438.62
2025-11-19T09:30:00.000Z,-1378.52,-438.83
2025-11-19T09:45:00.000Z,-1371.99,-442.67
2025-11-19T10:00:00.000Z,-1448.79,-501.94
2025-11-19T10:15:00.000Z,-1510.01,-523.74
2025-11-19T10:30:00.000Z,-1547.81,-534.17
2025-11-19T10:45:00.000Z,-1640.89,-536.79
2025-11-19T11:00:00.000Z,-1727.49,-550.01
2025-11-19T11:15:00.000Z,-1672.09,-582.3
2025-11-19T11:30:00.000Z,-1603.4,-499.19
2025-11-19T11:45:00.000Z,-1604.67,-469.11
2025-11-19T12:00:00.000Z,-1599.23,-467.01
2025-11-19T12:15:00.000Z,-1500.66,-445.88
2025-11-19T12:30:00.000Z,-1495.37,-438.46
2025-11-19T12:45:00.000Z,-1463.05,-404.27
2025-11-19T13:00:00.000Z,-1398.42,-432.43
2025-11-19T13:15:00.000Z,-1307.42,-438.32
2025-11-19T13:30:00.000Z,-1416.93,-446.88
2025-11-19T13:45:00.000Z,-1547.44,-412.45
2025-11-19T14:00:00.000Z,-1530.43,-258.7
2025-11-19T14:15:00.000Z,-1441.14,-163.44
2025-11-19T14:30:00.000Z,-1474.05,-107.91
2025-11-19T14:45:00.000Z,-1462.46,-53.93
2025-11-19T15:00:00.000Z,-1605.05,282.6
2025-11-19T15:15:00.000Z,-1523.84,404.09
2025-11-19T15:30:00.000Z,-1435.73,401.49
2025-11-19T15:45:00.000Z,-1318.39,359.84
2025-11-19T16:00:00.000Z,-1024.94,39.36
2025-11-19T16:15:00.000Z,-927.41,-24.54
2025-11-19T16:30:00.000Z,-965.79,-103.99
2025-11-19T16:45:00.000Z,-1039.47,-64.08
2025-11-19T17:00:00.000Z,-1119.03,186.18
2025-11-19T17:15:00.000Z,-1027.72,22.86
2025-11-19T17:30:00.000Z,-992.91,0.6
2025-11-19T17:45:00.000Z,-752.36,5.94
2025-11-19T18:00:00.000Z,-848.64,73.35
2025-11-19T18:15:00.000Z,-805.58,15.42
2025-11-19T18:30:00.000Z,-741.78,0.6
2025-11-19T18:45:00.000Z,-790.49,40.95
2025-11-19T19:00:00.000Z,-1334.8,531.92
2025-11-19T19:15:00.000Z,-1235.27,498.38
2025-11-19T19:30:00.000Z,-944.8,380.52
2025-11-19T19:45:00.000Z,-908.4,516.18
2025-11-19T20:00:00.000Z,-1487.87,683.58
2025-11-19T20:15:00.000Z,-1669.34,668.81
2025-11-19T20:30:00.000Z,-1643,645.23
2025-11-19T20:45:00.000Z,-1547.12,524.69
2025-11-19T21:00:00.000Z,-1505.9,641.03
2025-11-19T21:15:00.000Z,-1313.51,514.51
2025-11-19T21:30:00.000Z,-1341.78,496.8
2025-11-19T21:45:00.000Z,-1196.05,487.59
2025-11-19T22:00:00.000Z,-1197.54,306.85
2025-11-19T22:15:00.000Z,-799.34,-289.05
2025-11-19T22:30:00.000Z,-650.45,-291.18
2025-11-19T22:45:00.000Z,-694.96,-190.63
2025-11-19T23:00:00.000Z,-1017.76,395.79
2025-11-19T23:15:00.000Z,-1251.98,480.23
2025-11-19T23:30:00.000Z,-1255.4,497.58
2025-11-19T23:45:00.000Z,-1053.68,499.1
2025-11-20T00:00:00.000Z,-1212.38,499.1
2025-11-20T00:15:00.000Z,-1280.51,499.1
2025-11-20T00:30:00.000Z,-1316.88,499.1
2025-11-20T00:45:00.000Z,-1236,517
2025-11-20T01:00:00.000Z,-1252.64,738
2025-11-20T01:15:00.000Z,-1223.84,748.7
2025-11-20T01:30:00.000Z,-1128.72,755.6
2025-11-20T01:45:00.000Z,-1010.17,756.91
2025-11-20T02:00:00.000Z,-972.23,730.2
2025-11-20T02:15:00.000Z,-1011.6,729.08
2025-11-20T02:30:00.000Z,-954.2,738.38
2025-11-20T02:45:00.000Z,-967.11,738.35
2025-11-20T03:00:00.000Z,-1148.99,791.39
2025-11-20T03:15:00.000Z,-1173.15,815.62
2025-11-20T03:30:00.000Z,-1300.78,847.13
2025-11-20T03:45:00.000Z,-1460.78,797.14
2025-11-20T04:00:00.000Z,-1642.61,785.82
2025-11-20T04:15:00.000Z,-1810.42,673.8
2025-11-20T04:30:00.000Z,-1896.58,480.65
2025-11-20T04:45:00.000Z,-1740.52,302.64
2025-11-20T05:00:00.000Z,-1457.84,115.76
2025-11-20T05:15:00.000Z,-1373.38,134.39
2025-11-20T05:30:00.000Z,-1377.06,15.47
2025-11-20T05:45:00.000Z,-1328.68,0.6
2025-11-20T06:00:00.000Z,-1046.76,33.2
2025-11-20T06:15:00.000Z,-1255.73,225.16
2025-11-20T06:30:00.000Z,-1015.43,61.44
2025-11-20T06:45:00.000Z,-1142.62,96.97
2025-11-20T07:00:00.000Z,-1322.22,560.9
2025-11-20T07:15:00.000Z,-1274.85,660.88
2025-11-20T07:30:00.000Z,-1430.24,783.61
2025-11-20T07:45:00.000Z,-1449.99,813.84
2025-11-20T08:00:00.000Z,-1299.66,869.33
2025-11-20T08:15:00.000Z,-1372.5,888.49
2025-11-20T08:30:00.000Z,-1370.95,883.27
2025-11-20T08:45:00.000Z,-1399.3,878.72
2025-11-20T09:00:00.000Z,-1173.43,535.66
2025-11-20T09:15:00.000Z,-1534.56,752.78
2025-11-20T09:30:00.000Z,-1407.63,729.26
2025-11-20T09:45:00.000Z,-1177.37,542.05
2025-11-20T10:00:00.000Z,-1260.55,763.19
2025-11-20T10:15:00.000Z,-1298.66,718.55
2025-11-20T10:30:00.000Z,-1249.67,520.24
2025-11-20T10:45:00.000Z,-1196.96,495.85
2025-11-20T11:00:00.000Z,-1187,472.42
2025-11-20T11:15:00.000Z,-1097.69,391.83
2025-11-20T11:30:00.000Z,-1082.37,354.82
2025-11-20T11:45:00.000Z,-1005.79,352.95
2025-11-20T12:00:00.000Z,-1063.68,307.53
2025-11-20T12:15:00.000Z,-1152.12,287.89
2025-11-20T12:30:00.000Z,-1266.96,360.86
2025-11-20T12:45:00.000Z,-1296.03,432.21
2025-11-20T13:00:00.000Z,-1150.49,324.32
2025-11-20T13:15:00.000Z,-1192.58,390.63
2025-11-20T13:30:00.000Z,-1175.88,419.6
2025-11-20T13:45:00.000Z,-995.54,427.3
2025-11-20T14:00:00.000Z,-972.86,369.11
2025-11-20T14:15:00.000Z,-922.41,372.95
2025-11-20T14:30:00.000Z,-954.14,470.81
2025-11-20T14:45:00.000Z,-858.5,650.93
2025-11-20T15:00:00.000Z,-842.19,782.37
2025-11-20T15:15:00.000Z,-781.17,798.38
2025-11-20T15:30:00.000Z,-804.07,798.33
2025-11-20T15:45:00.000Z,-751.27,810.58
2025-11-20T16:00:00.000Z,-848.56,846.99
2025-11-20T16:15:00.000Z,-953.84,855.86
2025-11-20T16:30:00.000Z,-972.2,848.42
2025-11-20T16:45:00.000Z,-969.3,798.77
2025-11-20T17:00:00.000Z,-1174.84,798.34
2025-11-20T17:15:00.000Z,-1255.48,798.45
2025-11-20T17:30:00.000Z,-1164.63,816.27
2025-11-20T17:45:00.000Z,-1098.84,867.59
2025-11-20T18:00:00.000Z,-1023.3,848.07
2025-11-20T18:15:00.000Z,-1229.97,798.46
2025-11-20T18:30:00.000Z,-1350.12,798.47
2025-11-20T18:45:00.000Z,-1371.11,814.78
2025-11-20T19:00:00.000Z,-1274.4,852.01
2025-11-20T19:15:00.000Z,-1257.97,833.69
2025-11-20T19:30:00.000Z,-1321.05,854.92
2025-11-20T19:45:00.000Z,-1231.2,836.52
2025-11-20T20:00:00.000Z,-1257.08,526.06
2025-11-20T20:15:00.000Z,-1231.34,496.72
2025-11-20T20:30:00.000Z,-1299.7,496.87
2025-11-20T20:45:00.000Z,-1530.87,496.82
2025-11-20T21:00:00.000Z,-1528.44,496.96
2025-11-20T21:15:00.000Z,-1531.3,495.63
2025-11-20T21:30:00.000Z,-1421.95,470.55
2025-11-20T21:45:00.000Z,-1335.94,377.3
2025-11-20T22:00:00.000Z,-1520.21,373.97
2025-11-20T22:15:00.000Z,-1664.6,240.26
2025-11-20T22:30:00.000Z,-1668.1,238.5
2025-11-20T22:45:00.000Z,-1451.23,-5.39
2025-11-20T23:00:00.000Z,-1476.85,-214.88
2025-11-20T23:15:00.000Z,-1411.75,-395.39
2025-11-20T23:30:00.000Z,-994.45,-623.67
2025-11-20T23:45:00.000Z,-599.69,-790.69
2025-11-21T00:00:00.000Z,-616.69,-883.68
2025-11-21T00:15:00.000Z,-572.5,-855.58
2025-11-21T00:30:00.000Z,-522.91,-843.41
2025-11-21T00:45:00.000Z,-462.48,-853.6
2025-11-21T01:00:00.000Z,-523.14,-842.37
2025-11-21T01:15:00.000Z,-516.9,-897.31
2025-11-21T01:30:00.000Z,-446.71,-892.59
2025-11-21T01:45:00.000Z,-442.2,-904.44
2025-11-21T02:00:00.000Z,-446.01,-964.87
2025-11-21T02:15:00.000Z,-487.35,-991.77
2025-11-21T02:30:00.000Z,-575.96,-990.38
2025-11-21T02:45:00.000Z,-625.41,-1011.91
2025-11-21T03:00:00.000Z,-313.34,-1018.49
2025-11-21T03:15:00.000Z,-336.06,-1011.68
2025-11-21T03:30:00.000Z,-436.66,-984.51
2025-11-21T03:45:00.000Z,-655.18,-992.63
2025-11-21T04:00:00.000Z,-1105.59,-591.06
2025-11-21T04:15:00.000Z,-1140.47,-848.95
2025-11-21T04:30:00.000Z,-1271.08,-725.77
2025-11-21T04:45:00.000Z,-860.58,-889.94
2025-11-21T05:00:00.000Z,-687.05,-1007.23
2025-11-21T05:15:00.000Z,-577.78,-1089.96
2025-11-21T05:30:00.000Z,-556.46,-1080.18
2025-11-21T05:45:00.000Z,-688.15,-962.7
2025-11-21T06:00:00.000Z,-879.38,-446.41
2025-11-21T06:15:00.000Z,-1099.45,-109.25
2025-11-21T06:30:00.000Z,-1117.77,-89.65
2025-11-21T06:45:00.000Z,-1146.5,-82.79
2025-11-21T07:00:00.000Z,-1173.84,95.62
2025-11-21T07:15:00.000Z,-1042.61,0.78
2025-11-21T07:30:00.000Z,-989.58,-103.01
2025-11-21T07:45:00.000Z,-1092,-122.55
2025-11-21T08:00:00.000Z,-1253.74,-22.52
2025-11-21T08:15:00.000Z,-1183.41,-95.35
2025-11-21T08:30:00.000Z,-1121.51,-163.26
2025-11-21T08:45:00.000Z,-978.38,-402.01
2025-11-21T09:00:00.000Z,-1208.59,-243.27
2025-11-21T09:15:00.000Z,-1265.01,-295.56
2025-11-21T09:30:00.000Z,-1261.39,-416.45
2025-11-21T09:45:00.000Z,-1242.05,-452.49
2025-11-21T10:00:00.000Z,-1307.07,-525.73
2025-11-21T10:15:00.000Z,-1338.42,-624.61
2025-11-21T10:30:00.000Z,-1466.35,-572.45
2025-11-21T10:45:00.000Z,-1331.57,-649.87
2025-11-21T11:00:00.000Z,-1079.89,-1081.78
2025-11-21T11:15:00.000Z,-1106.88,-1120.9
2025-11-21T11:30:00.000Z,-1099.66,-1114.68
2025-11-21T11:45:00.000Z,-1095.17,-1089.95
2025-11-21T12:00:00.000Z,-1079.57,-1033.09
2025-11-21T12:15:00.000Z,-1173.71,-1036.48
2025-11-21T12:30:00.000Z,-1290.61,-1035.44
2025-11-21T12:45:00.000Z,-1450.62,-909.35
2025-11-21T13:00:00.000Z,-1730.07,-597.3
2025-11-21T13:15:00.000Z,-1774.79,-562.91
2025-11-21T13:30:00.000Z,-1882.35,-453.08
2025-11-21T13:45:00.000Z,-1842.9,-489.58
2025-11-21T14:00:00.000Z,-1696.91,-721.95
2025-11-21T14:15:00.000Z,-1773.91,-663.35
2025-11-21T14:30:00.000Z,-1804.12,-457.11
2025-11-21T14:45:00.000Z,-1864.55,-345.09
2025-11-21T15:00:00.000Z,-1839.25,-595.69
2025-11-21T15:15:00.000Z,-1859.38,-670.69
2025-11-21T15:30:00.000Z,-1820.06,-632.66
2025-11-21T15:45:00.000Z,-1881.31,-388.56
2025-11-21T16:00:00.000Z,-1768.09,-365.28
2025-11-21T16:15:00.000Z,-1725.18,-399.74
2025-11-21T16:30:00.000Z,-1632.51,-621.45
2025-11-21T16:45:00.000Z,-1555.97,-718.96
2025-11-21T17:00:00.000Z,-1635.45,-689.66
2025-11-21T17:15:00.000Z,-1745.92,-665.5
2025-11-21T17:30:00.000Z,-1762.4,-689.22
2025-11-21T17:45:00.000Z,-1800.91,-713.75
2025-11-21T18:00:00.000Z,-1820.05,-664.63
2025-11-21T18:15:00.000Z,-1734.23,-634.2
2025-11-21T18:30:00.000Z,-1699.99,-588.15
2025-11-21T18:45:00.000Z,-1669.58,-552.95
2025-11-21T19:00:00.000Z,-1461.28,-646.04
2025-11-21T19:15:00.000Z,-1409.01,-741.26
2025-11-21T19:30:00.000Z,-1350.29,-685.73
2025-11-21T19:45:00.000Z,-1164.83,-660.66
2025-11-21T20:00:00.000Z,-1156.92,-963.72
2025-11-21T20:15:00.000Z,-1307.76,-1016.47
2025-11-21T20:30:00.000Z,-1420.39,-1006.57
2025-11-21T20:45:00.000Z,-1331.13,-1004.24
2025-11-21T21:00:00.000Z,-1135.35,-1028.17
2025-11-21T21:15:00.000Z,-1294.51,-835.08
2025-11-21T21:30:00.000Z,-1497.65,-741.08
2025-11-21T21:45:00.000Z,-1430.48,-670.96
2025-11-21T22:00:00.000Z,-1656.84,-582.85
2025-11-21T22:15:00.000Z,-1637.85,-364.38
2025-11-21T22:30:00.000Z,-1758.71,-142.76
2025-11-21T22:45:00.000Z,-1715.48,-256.15
2025-11-21T23:00:00.000Z,-1587.18,-503.78
2025-11-21T23:15:00.000Z,-1610.14,-540.36
2025-11-21T23:30:00.000Z,-1692.15,-575.38
2025-11-21T23:45:00.000Z,-1570.18,-617.43
2025-11-22T00:00:00.000Z,-1379,-679.74
2025-11-22T00:15:00.000Z,-1335.42,-679.36
2025-11-22T00:30:00.000Z,-1290.46,-613.74
2025-11-22T00:45:00.000Z,-1368.57,-562.17
2025-11-22T01:00:00.000Z,-1334.67,-632.33
2025-11-22T01:15:00.000Z,-1288.09,-530.79
2025-11-22T01:30:00.000Z,-1350.06,-390.73
2025-11-22T01:45:00.000Z,-1370.96,-325.74
2025-11-22T02:00:00.000Z,-1417.03,-455.83
2025-11-22T02:15:00.000Z,-1556.94,-375.08
2025-11-22T02:30:00.000Z,-1634.72,-314.01
2025-11-22T02:45:00.000Z,-1625.51,-288.21
2025-11-22T03:00:00.000Z,-1602.68,-483.69
2025-11-22T03:15:00.000Z,-1554.69,-445.69
2025-11-22T03:30:00.000Z,-1596.93,-386
2025-11-22T03:45:00.000Z,-1589.37,-331.7
2025-11-22T04:00:00.000Z,-1622.53,-353.34
2025-11-22T04:15:00.000Z,-1644.81,-303.58
2025-11-22T04:30:00.000Z,-1767.65,-243.21
2025-11-22T04:45:00.000Z,-1734.95,-168.25
2025-11-22T05:00:00.000Z,-1742.48,15.72
2025-11-22T05:15:00.000Z,-1752.04,76.18
2025-11-22T05:30:00.000Z,-1880.11,101.82
2025-11-22T05:45:00.000Z,-1784.05,162.54
2025-11-22T06:00:00.000Z,-1566.69,-67.66
2025-11-22T06:15:00.000Z,-1661.74,-7.71
2025-11-22T06:30:00.000Z,-1715.08,81.65
2025-11-22T06:45:00.000Z,-1829.38,210.39
2025-11-22T07:00:00.000Z,-1837.44,394.58
2025-11-22T07:15:00.000Z,-1711.21,454.32
2025-11-22T07:30:00.000Z,-1671.35,514.07
2025-11-22T07:45:00.000Z,-1609.77,614.59
2025-11-22T08:00:00.000Z,-1713.24,744.65
2025-11-22T08:15:00.000Z,-1763.88,864.62
2025-11-22T08:30:00.000Z,-1723.49,948.71
2025-11-22T08:45:00.000Z,-1673,995.4
2025-11-22T09:00:00.000Z,-1848.34,1031.17
2025-11-22T09:15:00.000Z,-1809.01,1098.04
2025-11-22T09:30:00.000Z,-1778.36,1155.52
2025-11-22T09:45:00.000Z,-1690.81,1162.06
2025-11-22T10:00:00.000Z,-1485.06,1053.08
2025-11-22T10:15:00.000Z,-1620.72,1169.5
2025-11-22T10:30:00.000Z,-1685.51,1197.79
2025-11-22T10:45:00.000Z,-1578.18,1191.69
2025-11-22T11:00:00.000Z,-1582.14,1183.35
2025-11-22T11:15:00.000Z,-1635.47,1197.39
2025-11-22T11:30:00.000Z,-1530.31,1197.41
2025-11-22T11:45:00.000Z,-1540.82,1197.49
2025-11-22T12:00:00.000Z,-1458.95,1197.6
2025-11-22T12:15:00.000Z,-1495.12,1197.51
2025-11-22T12:30:00.000Z,-1454.17,1197.6
2025-11-22T12:45:00.000Z,-1385.23,1197.6
2025-11-22T13:00:00.000Z,-1308.53,1197.28
2025-11-22T13:15:00.000Z,-1394.69,1197.24
2025-11-22T13:30:00.000Z,-1445.98,1197.16
2025-11-22T13:45:00.000Z,-1472.61,1195.76
2025-11-22T14:00:00.000Z,-1524.17,1168.48
2025-11-22T14:15:00.000Z,-1575.59,1086.92
2025-11-22T14:30:00.000Z,-1509.78,1140.09
2025-11-22T14:45:00.000Z,-1424.76,1124.21
2025-11-22T15:00:00.000Z,-1317.15,1137.23
2025-11-22T15:15:00.000Z,-1301.63,1056.76
2025-11-22T15:30:00.000Z,-1243.54,1107.04
2025-11-22T15:45:00.000Z,-1188.4,1046.29
2025-11-22T16:00:00.000Z,-1294.42,1146.4
2025-11-22T16:15:00.000Z,-1312.74,1065.14
2025-11-22T16:30:00.000Z,-1249.19,1019.61
2025-11-22T16:45:00.000Z,-1149.56,898.35
2025-11-22T17:00:00.000Z,-1141.79,648.23
2025-11-22T17:15:00.000Z,-1189.38,530.38
2025-11-22T17:30:00.000Z,-1235.56,480.1
2025-11-22T17:45:00.000Z,-1136.57,444.06
2025-11-22T18:00:00.000Z,-1103.19,438.58
2025-11-22T18:15:00.000Z,-1216.07,395.38
2025-11-22T18:30:00.000Z,-1288.59,312.5
2025-11-22T18:45:00.000Z,-1244.45,214.56
2025-11-22T19:00:00.000Z,-1274.84,152.87
2025-11-22T19:15:00.000Z,-1298,143.34
2025-11-22T19:30:00.000Z,-1464.39,244.15
2025-11-22T19:45:00.000Z,-1465.9,89
2025-11-22T20:00:00.000Z,-1362.8,-64.81
2025-11-22T20:15:00.000Z,-1445.82,-139.14
2025-11-22T20:30:00.000Z,-1340.07,-246.98
2025-11-22T20:45:00.000Z,-1347.54,-251.82
2025-11-22T21:00:00.000Z,-1313.48,-259.68
2025-11-22T21:15:00.000Z,-1219.36,-280.64
2025-11-22T21:30:00.000Z,-983.65,-318.27
2025-11-22T21:45:00.000Z,-873.08,-338.74
2025-11-22T22:00:00.000Z,-1196.58,-261.98
2025-11-22T22:15:00.000Z,-1341.68,-148.96
2025-11-22T22:30:00.000Z,-1300.66,-171.76
2025-11-22T22:45:00.000Z,-1470.59,1.46
2025-11-22T23:00:00.000Z,-1957.62,518.32
2025-11-22T23:15:00.000Z,-2245.23,907.21
2025-11-22T23:30:00.000Z,-1725.4,900.88
2025-11-22T23:45:00.000Z,-1512.83,940.08
2025-11-23T00:00:00.000Z,-1539.41,769.52
2025-11-23T00:15:00.000Z,-1751.97,715.05
2025-11-23T00:30:00.000Z,-1874.2,756
2025-11-23T00:45:00.000Z,-1794.09,664.48
2025-11-23T01:00:00.000Z,-1825.82,828.06
2025-11-23T01:15:00.000Z,-1812.53,832.27
2025-11-23T01:30:00.000Z,-1812.14,756.02
2025-11-23T01:45:00.000Z,-1723.83,648.55
2025-11-23T02:00:00.000Z,-1709.45,929.21
2025-11-23T02:15:00.000Z,-1678.51,936.63
2025-11-23T02:30:00.000Z,-1600.36,675.18
2025-11-23T02:45:00.000Z,-1345.95,230.81
2025-11-23T03:00:00.000Z,-1543.46,581.45
2025-11-23T03:15:00.000Z,-1303.66,351.35
2025-11-23T03:30:00.000Z,-1279.27,217.15
2025-11-23T03:45:00.000Z,-1129.59,-56.52
2025-11-23T04:00:00.000Z,-577.89,-614.15
2025-11-23T04:15:00.000Z,-595.05,-665.46
2025-11-23T04:30:00.000Z,-576.49,-579.46
2025-11-23T04:45:00.000Z,-654.78,-526.48
2025-11-23T05:00:00.000Z,-756.61,-486.62
2025-11-23T05:15:00.000Z,-1113.54,-221.53
2025-11-23T05:30:00.000Z,-1357.66,-105.87
2025-11-23T05:45:00.000Z,-1547.54,-81.69
2025-11-23T06:00:00.000Z,-1781.19,325.89
2025-11-23T06:15:00.000Z,-1706.97,388.8
2025-11-23T06:30:00.000Z,-1712.16,444.44
2025-11-23T06:45:00.000Z,-1850.35,562.18
2025-11-23T07:00:00.000Z,-1774.05,543.76
2025-11-23T07:15:00.000Z,-1723.7,555.85
2025-11-23T07:30:00.000Z,-1779.94,560.24
2025-11-23T07:45:00.000Z,-1447.42,116.35
2025-11-23T08:00:00.000Z,-854.94,-440.1
2025-11-23T08:15:00.000Z,-356.33,-1009.14
2025-11-23T08:30:00.000Z,-288.87,-1159.19
2025-11-23T08:45:00.000Z,-315.78,-1021.96
2025-11-23T09:00:00.000Z,-869.79,-551.9
2025-11-23T09:15:00.000Z,-970.9,-398.82
2025-11-23T09:30:00.000Z,-649.69,-756.95
2025-11-23T09:45:00.000Z,-842.69,-666.72
2025-11-23T10:00:00.000Z,-1036.52,-559.62
2025-11-23T10:15:00.000Z,-1434.46,45
2025-11-23T10:30:00.000Z,-1535.77,441.09
2025-11-23T10:45:00.000Z,-1652.33,471.83
2025-11-23T11:00:00.000Z,-1944.56,733.4
2025-11-23T11:15:00.000Z,-1854.86,720.54
2025-11-23T11:30:00.000Z,-1620.73,543.73
2025-11-23T11:45:00.000Z,-1518.61,498.56
2025-11-23T12:00:00.000Z,-1535.16,330.88
2025-11-23T12:15:00.000Z,-1387.04,95.29
2025-11-23T12:30:00.000Z,-935.36,-413.18
2025-11-23T12:45:00.000Z,-967.07,-347.9
2025-11-23T13:00:00.000Z,-1235.16,191.21
2025-11-23T13:15:00.000Z,-1488.38,616.08
2025-11-23T13:30:00.000Z,-1712.96,684.96
2025-11-23T13:45:00.000Z,-1831.65,752.69
2025-11-23T14:00:00.000Z,-1631.19,738.78
2025-11-23T14:15:00.000Z,-1554.89,690.29
2025-11-23T14:30:00.000Z,-1786.7,869.79
2025-11-23T14:45:00.000Z,-1835.47,880.93
2025-11-23T15:00:00.000Z,-1762.78,862.65
2025-11-23T15:15:00.000Z,-1739.27,846.83
2025-11-23T15:30:00.000Z,-1590.14,810.89
2025-11-23T15:45:00.000Z,-1501.92,890.32
2025-11-23T16:00:00.000Z,-1544.67,980.87
2025-11-23T16:15:00.000Z,-1481.3,1014.37
2025-11-23T16:30:00.000Z,-1627.22,1037.17
2025-11-23T16:45:00.000Z,-1606.23,1048.95
2025-11-23T17:00:00.000Z,-1642.69,1078.16
2025-11-23T17:15:00.000Z,-1704.26,1094.23
2025-11-23T17:30:00.000Z,-1721.92,1094.59
2025-11-23T17:45:00.000Z,-1758.06,1054.23
2025-11-23T18:00:00.000Z,-1807.78,1019.41
2025-11-23T18:15:00.000Z,-1772.55,1089.08
2025-11-23T18:30:00.000Z,-1815.86,1084.24
2025-11-23T18:45:00.000Z,-1862.2,1096.06
2025-11-23T19:00:00.000Z,-1836.57,1098.2
2025-11-23T19:15:00.000Z,-1642.23,1104.41
2025-11-23T19:30:00.000Z,-1773.05,1183.67
2025-11-23T19:45:00.000Z,-1813.4,1137.23
2025-11-23T20:00:00.000Z,-1896.2,1033.27
2025-11-23T20:15:00.000Z,-1898.69,1019.88
2025-11-23T20:30:00.000Z,-1770.2,852.21
2025-11-23T20:45:00.000Z,-1905.68,833.11
2025-11-23T21:00:00.000Z,-1887.37,866.83
2025-11-23T21:15:00.000Z,-1852.65,795.79
2025-11-23T21:30:00.000Z,-1961.25,911.03
2025-11-23T21:45:00.000Z,-1818.71,846.37
2025-11-23T22:00:00.000Z,-1672.28,526.15
2025-11-23T22:15:00.000Z,-1651.46,488.64
2025-11-23T22:30:00.000Z,-1625.08,487.7
2025-11-23T22:45:00.000Z,-1447.35,266.23
2025-11-23T23:00:00.000Z,-1401.32,192.52
2025-11-23T23:15:00.000Z,-1423.28,274.03
2025-11-23T23:30:00.000Z,-1416.15,373.6
2025-11-23T23:45:00.000Z,-1362.94,372.55
2025-11-24T00:00:00.000Z,-1366.34,285.11
2025-11-24T00:15:00.000Z,-1456.42,278.01
2025-11-24T00:30:00.000Z,-1532.59,256.45
2025-11-24T00:45:00.000Z,-1498.44,220.71
2025-11-24T01:00:00.000Z,-1557.82,343.54
2025-11-24T01:15:00.000Z,-1493.8,337.48
2025-11-24T01:30:00.000Z,-1529.2,304.23
2025-11-24T01:45:00.000Z,-1474.69,225.47
2025-11-24T02:00:00.000Z,-1597.94,279.52
2025-11-24T02:15:00.000Z,-1640.82,343.2
2025-11-24T02:30:00.000Z,-1622.61,247.18
2025-11-24T02:45:00.000Z,-1664.76,246.99
2025-11-24T03:00:00.000Z,-1580.98,92.67
2025-11-24T03:15:00.000Z,-1499.29,-19.25
2025-11-24T03:30:00.000Z,-1492.01,-138.98
2025-11-24T03:45:00.000Z,-1427.35,-413.41
2025-11-24T04:00:00.000Z,-1432.96,-461.29
2025-11-24T04:15:00.000Z,-1498.93,-506.81
2025-11-24T04:30:00.000Z,-1350.77,-759.38
2025-11-24T04:45:00.000Z,-1408.67,-752.97
2025-11-24T05:00:00.000Z,-1303.95,-939.73
2025-11-24T05:15:00.000Z,-1305.94,-1023.39
2025-11-24T05:30:00.000Z,-1298.84,-1053.73
2025-11-24T05:45:00.000Z,-1262.7,-1040.44
2025-11-24T06:00:00.000Z,-1366.37,-881.98
2025-11-24T06:15:00.000Z,-1322.03,-866.68
2025-11-24T06:30:00.000Z,-1337.12,-768.67
2025-11-24T06:45:00.000Z,-1439.93,-653.49
2025-11-24T07:00:00.000Z,-1437.79,-642.89
2025-11-24T07:15:00.000Z,-1439.37,-677.06
2025-11-24T07:30:00.000Z,-1342.02,-682.77
2025-11-24T07:45:00.000Z,-1292.29,-667.53
2025-11-24T08:00:00.000Z,-1122.52,-688.75
2025-11-24T08:15:00.000Z,-1119.2,-681.43
2025-11-24T08:30:00.000Z,-1207.19,-680.11
2025-11-24T08:45:00.000Z,-1299.45,-687.68
2025-11-24T09:00:00.000Z,-1301.1,-718.82
2025-11-24T09:15:00.000Z,-1331.09,-712.93
2025-11-24T09:30:00.000Z,-1442.76,-712.24
2025-11-24T09:45:00.000Z,-1411.11,-738.54
2025-11-24T10:00:00.000Z,-1384.09,-850.34
2025-11-24T10:15:00.000Z,-1220.85,-905.86
2025-11-24T10:30:00.000Z,-1188.47,-927.56
2025-11-24T10:45:00.000Z,-1261.21,-869.6
2025-11-24T11:00:00.000Z,-1446.31,-804.37
2025-11-24T11:15:00.000Z,-1530.02,-800.29
2025-11-24T11:30:00.000Z,-1412.33,-791.01
2025-11-24T11:45:00.000Z,-1438.41,-720.28
2025-11-24T12:00:00.000Z,-1486.32,-625.02
2025-11-24T12:15:00.000Z,-1518.15,-589.12
2025-11-24T12:30:00.000Z,-1568.28,-570.54
2025-11-24T12:45:00.000Z,-1686.24,-491.25
2025-11-24T13:00:00.000Z,-1634.53,-400.36
2025-11-24T13:15:00.000Z,-1685.16,-333.21
2025-11-24T13:30:00.000Z,-1564.02,-417.69
2025-11-24T13:45:00.000Z,-1540.25,-430.66
2025-11-24T14:00:00.000Z,-1700.55,-426.61
2025-11-24T14:15:00.000Z,-1681.6,-375.94
2025-11-24T14:30:00.000Z,-1656.47,-331.52
2025-11-24T14:45:00.000Z,-1522.73,-294.7
2025-11-24T15:00:00.000Z,-1385.86,-275.79
2025-11-24T15:15:00.000Z,-1369.67,-183.68
2025-11-24T15:30:00.000Z,-1443.69,-90.98
2025-11-24T15:45:00.000Z,-1583.96,15.63
2025-11-24T16:00:00.000Z,-1614.35,17.95
2025-11-24T16:15:00.000Z,-1485.2,64.04
2025-11-24T16:30:00.000Z,-1511.02,64.33
2025-11-24T16:45:00.000Z,-1512.51,58.97
2025-11-24T17:00:00.000Z,-1584.41,4.64
2025-11-24T17:15:00.000Z,-1589.26,-40.08
2025-11-24T17:30:00.000Z,-1489.82,-55.44
2025-11-24T17:45:00.000Z,-1472.48,-91.06
2025-11-24T18:00:00.000Z,-1439.37,-12.68
2025-11-24T18:15:00.000Z,-1516.8,-71.62
2025-11-24T18:30:00.000Z,-1549.85,-38.4
2025-11-24T18:45:00.000Z,-1549.31,6.39
2025-11-24T19:00:00.000Z,-1622.5,14.3
2025-11-24T19:15:00.000Z,-1543.4,15.5
2025-11-24T19:30:00.000Z,-1601.96,76.67
2025-11-24T19:45:00.000Z,-1560.51,77.4
2025-11-24T20:00:00.000Z,-1598.47,-151.94
2025-11-24T20:15:00.000Z,-1643.94,-224.56
2025-11-24T20:30:00.000Z,-1707.31,-290.19
2025-11-24T20:45:00.000Z,-1646.19,-307.97
2025-11-24T21:00:00.000Z,-1652.21,-110.27
2025-11-24T21:15:00.000Z,-1568.99,-110.84
2025-11-24T21:30:00.000Z,-1536.44,-96.38
2025-11-24T21:45:00.000Z,-1506.07,-78.83
2025-11-24T22:00:00.000Z,-1451.23,-190.4
2025-11-24T22:15:00.000Z,-1437.79,-200.79
2025-11-24T22:30:00.000Z,-1390,-159.96
2025-11-24T22:45:00.000Z,-1372.85,-120.01
2025-11-24T23:00:00.000Z,-1665.65,220.05
2025-11-24T23:15:00.000Z,-1836.73,378.78
2025-11-24T23:30:00.000Z,-1832.72,522.49
2025-11-24T23:45:00.000Z,-1753.6,545.94
2025-11-25T00:00:00.000Z,-1774.81,474.76
2025-11-25T00:15:00.000Z,-1744,577.64
2025-11-25T00:30:00.000Z,-1748.67,625.93
2025-11-25T00:45:00.000Z,-1746.76,639.33
2025-11-25T01:00:00.000Z,-1805.59,658.79
2025-11-25T01:15:00.000Z,-1725.75,639.94
2025-11-25T01:30:00.000Z,-1747.58,625.72
2025-11-25T01:45:00.000Z,-1823.43,615.54
2025-11-25T02:00:00.000Z,-1679.72,616.82
2025-11-25T02:15:00.000Z,-1593.26,574.34
2025-11-25T02:30:00.000Z,-1536.28,536.82
2025-11-25T02:45:00.000Z,-1518.75,490.83
2025-11-25T03:00:00.000Z,-1512.85,395.09
2025-11-25T03:15:00.000Z,-1492.33,316.2
2025-11-25T03:30:00.000Z,-1540.35,220.54
2025-11-25T03:45:00.000Z,-1548.27,81.66
2025-11-25T04:00:00.000Z,-1471.9,-193.22
2025-11-25T04:15:00.000Z,-1443.58,-362.66
2025-11-25T04:30:00.000Z,-1464.33,-505.92
2025-11-25T04:45:00.000Z,-1555.44,-565.54
2025-11-25T05:00:00.000Z,-1544.65,-285.92
2025-11-25T05:15:00.000Z,-1553.82,-309.93
2025-11-25T05:30:00.000Z,-1627.31,-337.58
2025-11-25T05:45:00.000Z,-1644.29,-308.09
2025-11-25T06:00:00.000Z,-1538.12,-116.56
2025-11-25T06:15:00.000Z,-1437.23,57.02
2025-11-25T06:30:00.000Z,-1468.36,192.98
2025-11-25T06:45:00.000Z,-1566.54,207.84
2025-11-25T07:00:00.000Z,-1582.22,217.44
2025-11-25T07:15:00.000Z,-1562.58,291.36
2025-11-25T07:30:00.000Z,-1548.45,304.04
2025-11-25T07:45:00.000Z,-1504.13,319.8
2025-11-25T08:00:00.000Z,-1439.49,257.58
2025-11-25T08:15:00.000Z,-1545.7,279.52
2025-11-25T08:30:00.000Z,-1606.61,286.99
2025-11-25T08:45:00.000Z,-1648.38,305.03
2025-11-25T09:00:00.000Z,-1732.73,168.42
2025-11-25T09:15:00.000Z,-1758,158.97
2025-11-25T09:30:00.000Z,-1800.41,169.55
2025-11-25T09:45:00.000Z,-1862.66,170.99
2025-11-25T10:00:00.000Z,-1847.88,307.55
2025-11-25T10:15:00.000Z,-1918.32,417.84
2025-11-25T10:30:00.000Z,-1884.76,478.5
2025-11-25T10:45:00.000Z,-1811.98,500.4
2025-11-25T11:00:00.000Z,-1879.81,541.37
2025-11-25T11:15:00.000Z,-1935.28,593.27
2025-11-25T11:30:00.000Z,-1889.46,668.74
2025-11-25T11:45:00.000Z,-1868.13,783.81
2025-11-25T12:00:00.000Z,-1762.57,777.06
2025-11-25T12:15:00.000Z,-1684.97,795.48
2025-11-25T12:30:00.000Z,-1754,798.2
2025-11-25T12:45:00.000Z,-1724.21,832.08
2025-11-25T13:00:00.000Z,-1836.65,967.39
2025-11-25T13:15:00.000Z,-1991.52,1006.47
2025-11-25T13:30:00.000Z,-2067.01,1048.12
2025-11-25T13:45:00.000Z,-2074.25,1110.95
2025-11-25T14:00:00.000Z,-2068.37,1134.16
2025-11-25T14:15:00.000Z,-1871.51,1166.67
2025-11-25T14:30:00.000Z,-1765.27,1191.51
2025-11-25T14:45:00.000Z,-1692.17,1148.6
2025-11-25T15:00:00.000Z,-1734.88,1165.72
2025-11-25T15:15:00.000Z,-1762.34,1194.02
2025-11-25T15:30:00.000Z,-1709.63,1197.39
2025-11-25T15:45:00.000Z,-1673.19,1197.1
2025-11-25T16:00:00.000Z,-1741.37,1197.1
2025-11-25T16:15:00.000Z,-1837.46,1197.13
2025-11-25T16:30:00.000Z,-1794.39,1197.1
2025-11-25T16:45:00.000Z,-1789.8,1197.1
2025-11-25T17:00:00.000Z,-1663.91,1197.15
2025-11-25T17:15:00.000Z,-1671.43,1197.1
2025-11-25T17:30:00.000Z,-1812.38,1197.31
2025-11-25T17:45:00.000Z,-1772.04,1197.08
2025-11-25T18:00:00.000Z,-1924.4,1197.34
2025-11-25T18:15:00.000Z,-1973.76,1196.8
2025-11-25T18:30:00.000Z,-1786.05,1195.63
2025-11-25T18:45:00.000Z,-1652.66,1197
2025-11-25T19:00:00.000Z,-1810.99,1197
2025-11-25T19:15:00.000Z,-1725.44,1196.94
2025-11-25T19:30:00.000Z,-1767.08,1197.6
2025-11-25T19:45:00.000Z,-1690.83,1157.54
2025-11-25T20:00:00.000Z,-1676.31,956.92
2025-11-25T20:15:00.000Z,-1710.42,836.04
2025-11-25T20:30:00.000Z,-1683.16,791.24
2025-11-25T20:45:00.000Z,-1687.43,786.81
2025-11-25T21:00:00.000Z,-1685.41,847.23
2025-11-25T21:15:00.000Z,-1637.91,919.28
2025-11-25T21:30:00.000Z,-1693.19,987.05
2025-11-25T21:45:00.000Z,-1650.91,998.24
2025-11-25T22:00:00.000Z,-1645.38,876.79
2025-11-25T22:15:00.000Z,-1612.94,933.16
2025-11-25T22:30:00.000Z,-1734.88,941.21
2025-11-25T22:45:00.000Z,-1737.29,928.02
2025-11-25T23:00:00.000Z,-1581.6,642.19
2025-11-25T23:15:00.000Z,-1798.59,661.17
2025-11-25T23:30:00.000Z,-1882.61,707.96
2025-11-25T23:45:00.000Z,-1756.18,688.9
2025-11-26T00:00:00.000Z,-1759.16,477.17
2025-11-26T00:15:00.000Z,-1771.47,472.57
2025-11-26T00:30:00.000Z,-1737.35,465.58
2025-11-26T00:45:00.000Z,-1767.39,447.07
2025-11-26T01:00:00.000Z,-1800.4,416.87
2025-11-26T01:15:00.000Z,-1760.89,420.68
2025-11-26T01:30:00.000Z,-1617.73,424.07
2025-11-26T01:45:00.000Z,-1616.38,449.18
2025-11-26T02:00:00.000Z,-1686.11,517.48
2025-11-26T02:15:00.000Z,-1684.12,521.71
2025-11-26T02:30:00.000Z,-1690.4,522.08
2025-11-26T02:45:00.000Z,-1705.07,497.65
2025-11-26T03:00:00.000Z,-1656.19,410.72
2025-11-26T03:15:00.000Z,-1677.83,443.75
2025-11-26T03:30:00.000Z,-1696.19,472.11
2025-11-26T03:45:00.000Z,-1752.6,512.27
2025-11-26T04:00:00.000Z,-1767.73,548.57
2025-11-26T04:15:00.000Z,-1814.71,563.5
2025-11-26T04:30:00.000Z,-1734.31,521.48
2025-11-26T04:45:00.000Z,-1859.3,460.45
2025-11-26T05:00:00.000Z,-1698.05,529.92
2025-11-26T05:15:00.000Z,-1568.17,438.42
2025-11-26T05:30:00.000Z,-1685.19,360.03
2025-11-26T05:45:00.000Z,-1830.42,291.12
2025-11-26T06:00:00.000Z,-1571.79,-215.3
2025-11-26T06:15:00.000Z,-1837.33,-268.29
2025-11-26T06:30:00.000Z,-1959.93,-233.96
2025-11-26T06:45:00.000Z,-1940.97,-232.82
2025-11-26T07:00:00.000Z,-1910.57,-258.69
2025-11-26T07:15:00.000Z,-1835.81,-255.87
2025-11-26T07:30:00.000Z,-1869.81,-252.32
2025-11-26T07:45:00.000Z,-1896.1,-245.53
2025-11-26T08:00:00.000Z,-1836.6,-240.92
2025-11-26T08:15:00.000Z,-1766.57,-249.06
2025-11-26T08:30:00.000Z,-1762.53,-249.03
2025-11-26T08:45:00.000Z,-1900.76,-226.83
2025-11-26T09:00:00.000Z,-1822.97,-270.37
2025-11-26T09:15:00.000Z,-1747.12,-297.92
2025-11-26T09:30:00.000Z,-1882.82,-269.3
2025-11-26T09:45:00.000Z,-1961.76,-262.9
2025-11-26T10:00:00.000Z,-1953.36,-244.1
2025-11-26T10:15:00.000Z,-1763.87,-244.1
2025-11-26T10:30:00.000Z,-1602.36,-245.9
2025-11-26T10:45:00.000Z,-1646.22,-259.5
2025-11-26T11:00:00.000Z,-1788,-284.9
2025-11-26T11:15:00.000Z,-1715.46,-290.61
2025-11-26T11:30:00.000Z,-1694.38,-292.5
2025-11-26T11:45:00.000Z,-1610.49,-299.42
2025-11-26T12:00:00.000Z,-1646.07,-293.42
2025-11-26T12:15:00.000Z,-1551.28,-337.92
2025-11-26T12:30:00.000Z,-1623.38,-328.24
2025-11-26T12:45:00.000Z,-1894.69,-318.37
2025-11-26T13:00:00.000Z,-1679.87,-353.1
2025-11-26T13:15:00.000Z,-1687.38,-352.47
2025-11-26T13:30:00.000Z,-1842.07,-350.7
2025-11-26T13:45:00.000Z,-1809.83,-334.71
2025-11-26T14:00:00.000Z,-1826.46,-289.43
2025-11-26T14:15:00.000Z,-1832.37,-278.71
2025-11-26T14:30:00.000Z,-1550.63,-275.83
2025-11-26T14:45:00.000Z,-1532.74,-260.16
2025-11-26T15:00:00.000Z,-1592.33,-234.9
2025-11-26T15:15:00.000Z,-1791.67,-214.15
2025-11-26T15:30:00.000Z,-1717.76,-248.46
2025-11-26T15:45:00.000Z,-1677.29,-246.76
2025-11-26T16:00:00.000Z,-1677.06,-108.76
2025-11-26T16:15:00.000Z,-1630.49,-134.4
2025-11-26T16:30:00.000Z,-1627.84,-156.9
2025-11-26T16:45:00.000Z,-1602.95,-152.09
2025-11-26T17:00:00.000Z,-1658.97,-113.13
2025-11-26T17:15:00.000Z,-1544.56,-141.78
2025-11-26T17:30:00.000Z,-1634.52,-187.36
2025-11-26T17:45:00.000Z,-1561.66,-181.78
2025-11-26T18:00:00.000Z,-1446.41,-124.21
2025-11-26T18:15:00.000Z,-1418.03,-166.28
2025-11-26T18:30:00.000Z,-1576.32,-206.6
2025-11-26T18:45:00.000Z,-1618.67,-271.66
2025-11-26T19:00:00.000Z,-1346.63,-398
2025-11-26T19:15:00.000Z,-1201.46,-433.01
2025-11-26T19:30:00.000Z,-957.68,-464.08
2025-11-26T19:45:00.000Z,-924.62,-503.16
2025-11-26T20:00:00.000Z,-1488.29,-533.76
2025-11-26T20:15:00.000Z,-1499.84,-567.09
2025-11-26T20:30:00.000Z,-1322.63,-621.76
2025-11-26T20:45:00.000Z,-1282.98,-662.47
2025-11-26T21:00:00.000Z,-1366.13,-693.01
2025-11-26T21:15:00.000Z,-1357.75,-724.37
2025-11-26T21:30:00.000Z,-1176.33,-789.77
2025-11-26T21:45:00.000Z,-877.9,-855.22
2025-11-26T22:00:00.000Z,-772.56,-891.19
2025-11-26T22:15:00.000Z,-750.82,-980.26
2025-11-26T22:30:00.000Z,-605.85,-1050.44
2025-11-26T22:45:00.000Z,-514.3,-1100.3
2025-11-26T23:00:00.000Z,-357.42,-945.36
2025-11-26T23:15:00.000Z,-240.35,-958.66
2025-11-26T23:30:00.000Z,-100.07,-996.75
2025-11-26T23:45:00.000Z,77.03,-1024.66
2025-11-27T00:00:00.000Z,137.57,-1042.29
2025-11-27T00:15:00.000Z,262.01,-1070
2025-11-27T00:30:00.000Z,98.82,-1101.93
2025-11-27T00:45:00.000Z,78.63,-1132.76
2025-11-27T01:00:00.000Z,132.26,-1180.03
2025-11-27T01:15:00.000Z,200.84,-1193.87
2025-11-27T01:30:00.000Z,35.88,-1193.78
2025-11-27T01:45:00.000Z,54.5,-1193.78
2025-11-27T02:00:00.000Z,94.44,-1193.71
2025-11-27T02:15:00.000Z,83.83,-1193.82
2025-11-27T02:30:00.000Z,-2.93,-1193.62
2025-11-27T02:45:00.000Z,10.79,-1193.36
2025-11-27T03:00:00.000Z,139.85,-1193.57
2025-11-27T03:15:00.000Z,164.92,-1194.38
2025-11-27T03:30:00.000Z,-0.13,-1194.35
2025-11-27T03:45:00.000Z,-149.34,-1154.83
2025-11-27T04:00:00.000Z,-749.08,-655.14
2025-11-27T04:15:00.000Z,-948.61,-573.14
2025-11-27T04:30:00.000Z,-917.8,-746.67
2025-11-27T04:45:00.000Z,-859.16,-913.17
2025-11-27T05:00:00.000Z,-760.12,-896.89
2025-11-27T05:15:00.000Z,-863.29,-816.37
2025-11-27T05:30:00.000Z,-913.79,-774.37
2025-11-27T05:45:00.000Z,-813.76,-691.73
2025-11-27T06:00:00.000Z,-736.05,-488.44
2025-11-27T06:15:00.000Z,-807.1,-423.31
2025-11-27T06:30:00.000Z,-825.96,-403.69
2025-11-27T06:45:00.000Z,-1002.99,-423.31
2025-11-27T07:00:00.000Z,-1025.9,-428.35
2025-11-27T07:15:00.000Z,-979.61,-428.52
2025-11-27T07:30:00.000Z,-883.87,-432.07
2025-11-27T07:45:00.000Z,-839.02,-429.64
2025-11-27T08:00:00.000Z,-811.88,-458.58
2025-11-27T08:15:00.000Z,-731.76,-597.57
2025-11-27T08:30:00.000Z,-797.52,-597.17
2025-11-27T08:45:00.000Z,-786.06,-604.36
2025-11-27T09:00:00.000Z,-784.7,-616.31
2025-11-27T09:15:00.000Z,-654.5,-597.35
2025-11-27T09:30:00.000Z,-723.57,-557.74
2025-11-27T09:45:00.000Z,-1106.37,-170.49
2025-11-27T10:00:00.000Z,-1526.03,357.85
2025-11-27T10:15:00.000Z,-1594.06,525.34
2025-11-27T10:30:00.000Z,-1519.71,397.05
2025-11-27T10:45:00.000Z,-1328.3,318.71
2025-11-27T11:00:00.000Z,-1524.67,691.48
2025-11-27T11:15:00.000Z,-1599.71,857.44
2025-11-27T11:30:00.000Z,-1492.56,920.69
2025-11-27T11:45:00.000Z,-1477.79,960.09
2025-11-27T12:00:00.000Z,-1578.5,1015.84
2025-11-27T12:15:00.000Z,-1452.69,986.04
2025-11-27T12:30:00.000Z,-1371.85,993.01
2025-11-27T12:45:00.000Z,-1389.87,984.06
2025-11-27T13:00:00.000Z,-1317.69,1030.32
2025-11-27T13:15:00.000Z,-1306.85,1036.21
2025-11-27T13:30:00.000Z,-1340.87,1038.47
2025-11-27T13:45:00.000Z,-1376.9,1044.68
2025-11-27T14:00:00.000Z,-1268.69,1044.04
2025-11-27T14:15:00.000Z,-1269.82,1084.65
2025-11-27T14:30:00.000Z,-1184.94,1069.14
2025-11-27T14:45:00.000Z,-765.43,820.31
2025-11-27T15:00:00.000Z,-318.43,271.6
2025-11-27T15:15:00.000Z,339.37,-306.91
2025-11-27T15:30:00.000Z,589.06,-482.35
2025-11-27T15:45:00.000Z,550.13,-508.09
2025-11-27T16:00:00.000Z,493.63,-440.62
2025-11-27T16:15:00.000Z,484.86,-419.3
2025-11-27T16:30:00.000Z,165.53,-409.8
2025-11-27T16:45:00.000Z,60.19,-416.58
2025-11-27T17:00:00.000Z,194.07,-313.68
2025-11-27T17:15:00.000Z,-155.7,-334.51
2025-11-27T17:30:00.000Z,-230.49,-352.2
2025-11-27T17:45:00.000Z,-149.73,-314.1
2025-11-27T18:00:00.000Z,17.55,-393.18
2025-11-27T18:15:00.000Z,-11.37,-453.79
2025-11-27T18:30:00.000Z,119.16,-468.73
2025-11-27T18:45:00.000Z,63.88,-469.74
2025-11-27T19:00:00.000Z,76.28,-329.34
2025-11-27T19:15:00.000Z,7.98,-281.6
2025-11-27T19:30:00.000Z,-25.06,-239.34
2025-11-27T19:45:00.000Z,100.42,-250.35
2025-11-27T20:00:00.000Z,-579.14,172.62
2025-11-27T20:15:00.000Z,-904.73,197.49
2025-11-27T20:30:00.000Z,-737.24,139.76
2025-11-27T20:45:00.000Z,-664.46,-5.42
2025-11-27T21:00:00.000Z,-345.71,-165.35
2025-11-27T21:15:00.000Z,-212.82,-151.99
2025-11-27T21:30:00.000Z,-575.07,150.65
2025-11-27T21:45:00.000Z,-1030.42,463.48
2025-11-27T22:00:00.000Z,-1698.82,970.89
2025-11-27T22:15:00.000Z,-2049.66,1080.53
2025-11-27T22:30:00.000Z,-1885.92,975.93
2025-11-27T22:45:00.000Z,-1894.71,874.36
2025-11-27T23:00:00.000Z,-1539.95,917.58
2025-11-27T23:15:00.000Z,-1405.72,744.22
2025-11-27T23:30:00.000Z,-1696.06,765.64
2025-11-27T23:45:00.000Z,-1738.25,698.86
2025-11-28T00:00:00.000Z,-1707.95,682.06
2025-11-28T00:15:00.000Z,-1680.77,647.76
2025-11-28T00:30:00.000Z,-1644.5,530.42
2025-11-28T00:45:00.000Z,-1476.04,481.09
2025-11-28T01:00:00.000Z,-1722.07,521.88
2025-11-28T01:15:00.000Z,-1609.96,516.1
2025-11-28T01:30:00.000Z,-1543.49,497.09
2025-11-28T01:45:00.000Z,-1874.21,500.14
2025-11-28T02:00:00.000Z,-1870.36,507.29
2025-11-28T02:15:00.000Z,-1911.76,473.6
2025-11-28T02:30:00.000Z,-1935.62,473.6
2025-11-28T02:45:00.000Z,-1851.79,439.33
2025-11-28T03:00:00.000Z,-1457,65.32
2025-11-28T03:15:00.000Z,-1289.68,93.25
2025-11-28T03:30:00.000Z,-1510.29,245.96
2025-11-28T03:45:00.000Z,-1228.2,159.16
2025-11-28T04:00:00.000Z,-940.09,-326.69
2025-11-28T04:15:00.000Z,-1171.97,-233.37
2025-11-28T04:30:00.000Z,-1177,-196.24
2025-11-28T04:45:00.000Z,-1256.67,-189.26
2025-11-28T05:00:00.000Z,-1018.99,-380.87
2025-11-28T05:15:00.000Z,-1057.2,-404.51
2025-11-28T05:30:00.000Z,-653.79,-502.76
2025-11-28T05:45:00.000Z,-730.49,-514.91
2025-11-28T06:00:00.000Z,-132.63,-1008.67
2025-11-28T06:15:00.000Z,-6.17,-1094.94
2025-11-28T06:30:00.000Z,-25.93,-1086.67
2025-11-28T06:45:00.000Z,-31.16,-1048.06
2025-11-28T07:00:00.000Z,116.28,-1175.53
2025-11-28T07:15:00.000Z,186.27,-1193.82
2025-11-28T07:30:00.000Z,155.12,-1193.93
2025-11-28T07:45:00.000Z,341.44,-1193.98
2025-11-28T08:00:00.000Z,579.28,-1193.85
2025-11-28T08:15:00.000Z,556.8,-1193.95
2025-11-28T08:30:00.000Z,576.48,-1193.84
2025-11-28T08:45:00.000Z,635.14,-1177.87
2025-11-28T09:00:00.000Z,620.12,-965.62
2025-11-28T09:15:00.000Z,554.75,-881.73
2025-11-28T09:30:00.000Z,481.94,-884.17
2025-11-28T09:45:00.000Z,389.98,-861.11
2025-11-28T10:00:00.000Z,594.09,-1097.06
2025-11-28T10:15:00.000Z,633.03,-1146.29
2025-11-28T10:30:00.000Z,544.35,-1004.4
2025-11-28T10:45:00.000Z,443.59,-911.9
2025-11-28T11:00:00.000Z,443.16,-965.69
2025-11-28T11:15:00.000Z,591.98,-969
2025-11-28T11:30:00.000Z,630.71,-971.32
2025-11-28T11:45:00.000Z,777.85,-987.65
2025-11-28T12:00:00.000Z,854.04,-995.76
2025-11-28T12:15:00.000Z,803.76,-994.98
2025-11-28T12:30:00.000Z,704.57,-994.97
2025-11-28T12:45:00.000Z,719.92,-996.98
2025-11-28T13:00:00.000Z,721.33,-1016.2
2025-11-28T13:15:00.000Z,664.72,-1046.57
2025-11-28T13:30:00.000Z,521.7,-998.93
2025-11-28T13:45:00.000Z,607.86,-1028.22
2025-11-28T14:00:00.000Z,134.35,-561.04
2025-11-28T14:15:00.000Z,83.84,-543.51
2025-11-28T14:30:00.000Z,-88.57,-230.01
2025-11-28T14:45:00.000Z,-579.6,261.67
2025-11-28T15:00:00.000Z,-1334.38,886.46
2025-11-28T15:15:00.000Z,-1308.59,1182.95
2025-11-28T15:30:00.000Z,-752.79,873.29
2025-11-28T15:45:00.000Z,-567.04,796.29
2025-11-28T16:00:00.000Z,-962.21,796.45
2025-11-28T16:15:00.000Z,-794.17,796.3
2025-11-28T16:30:00.000Z,-867.35,796.3
2025-11-28T16:45:00.000Z,-737.67,796.3
2025-11-28T17:00:00.000Z,-844.43,796.36
2025-11-28T17:15:00.000Z,-804.9,796.41
2025-11-28T17:30:00.000Z,-717.34,796.24
2025-11-28T17:45:00.000Z,-810.44,796.4
2025-11-28T18:00:00.000Z,-735.97,796.4
2025-11-28T18:15:00.000Z,-840.58,796.4
2025-11-28T18:30:00.000Z,-825.13,796.4
2025-11-28T18:45:00.000Z,-782.26,823.63
2025-11-28T19:00:00.000Z,-1110.48,1157.13
2025-11-28T19:15:00.000Z,-837.76,932.99
2025-11-28T19:30:00.000Z,-770.34,796.61
2025-11-28T19:45:00.000Z,-798.65,796.36
2025-11-28T20:00:00.000Z,-794.2,796.65
2025-11-28T20:15:00.000Z,-828.93,793.99
2025-11-28T20:30:00.000Z,-769.98,698.9
2025-11-28T20:45:00.000Z,-750.42,697.37
2025-11-28T21:00:00.000Z,-590.35,697.4
2025-11-28T21:15:00.000Z,-491.95,697.39
2025-11-28T21:30:00.000Z,-496.15,697.5
2025-11-28T21:45:00.000Z,-436.46,697.5
2025-11-28T22:00:00.000Z,-464.48,697.5
2025-11-28T22:15:00.000Z,-715.71,697.5
2025-11-28T22:30:00.000Z,-602.89,697.5
2025-11-28T22:45:00.000Z,-580.6,697.41
2025-11-28T23:00:00.000Z,-420.83,697.43
2025-11-28T23:15:00.000Z,-195.22,697.34
2025-11-28T23:30:00.000Z,-242.69,697.6
2025-11-28T23:45:00.000Z,-256.59,697.6
2025-11-29T00:00:00.000Z,-701.12,697.49
2025-11-29T00:15:00.000Z,-605.63,697.5
2025-11-29T00:30:00.000Z,-576.48,697.31
2025-11-29T00:45:00.000Z,-688.42,697.4
2025-11-29T01:00:00.000Z,-510.7,697.35
2025-11-29T01:15:00.000Z,-748.4,697.16
2025-11-29T01:30:00.000Z,-708.05,697.38
2025-11-29T01:45:00.000Z,-675.89,697.32
2025-11-29T02:00:00.000Z,-666.32,697.1
2025-11-29T02:15:00.000Z,-757.01,697.1
2025-11-29T02:30:00.000Z,-711.36,697.05
2025-11-29T02:45:00.000Z,-738.24,697
2025-11-29T03:00:00.000Z,-773.25,697
2025-11-29T03:15:00.000Z,-827.39,697
2025-11-29T03:30:00.000Z,-1118.01,697
2025-11-29T03:45:00.000Z,-1172.57,697
2025-11-29T04:00:00.000Z,-1107.04,697
2025-11-29T04:15:00.000Z,-709.35,697.07
2025-11-29T04:30:00.000Z,-716.55,697.35
2025-11-29T04:45:00.000Z,-848.22,697.54
2025-11-29T05:00:00.000Z,-643.84,697.3
2025-11-29T05:15:00.000Z,-748.42,697.03
2025-11-29T05:30:00.000Z,-968.58,697.23
2025-11-29T05:45:00.000Z,-934.51,697.48
2025-11-29T06:00:00.000Z,-1083.07,697.27
2025-11-29T06:15:00.000Z,-1105.26,697
2025-11-29T06:30:00.000Z,-1131.42,697
2025-11-29T06:45:00.000Z,-1112.61,697
2025-11-29T07:00:00.000Z,-974.39,697
2025-11-29T07:15:00.000Z,-1053.6,697.26
2025-11-29T07:30:00.000Z,-1133.3,677.11
2025-11-29T07:45:00.000Z,-903.48,498.84
2025-11-29T08:00:00.000Z,-826.3,498.57
2025-11-29T08:15:00.000Z,-767,498.5
2025-11-29T08:30:00.000Z,-795.79,498.59
2025-11-29T08:45:00.000Z,-698.76,498.78
2025-11-29T09:00:00.000Z,-583.82,498.82
2025-11-29T09:15:00.000Z,-441.89,498.68
2025-11-29T09:30:00.000Z,-536.48,498.56
2025-11-29T09:45:00.000Z,-507.19,498.99
2025-11-29T10:00:00.000Z,-440.02,498.7
2025-11-29T10:15:00.000Z,-408.05,498.59
2025-11-29T10:30:00.000Z,-412.06,498.79
2025-11-29T10:45:00.000Z,-407.92,498.7
2025-11-29T11:00:00.000Z,-392.52,498.7
2025-11-29T11:15:00.000Z,-381.87,498.7
2025-11-29T11:30:00.000Z,-497.81,498.48
2025-11-29T11:45:00.000Z,-447.32,498.73
2025-11-29T12:00:00.000Z,-409.8,498.54
2025-11-29T12:15:00.000Z,-434.96,498.4
2025-11-29T12:30:00.000Z,-338.98,498.71
2025-11-29T12:45:00.000Z,-327.36,498.77
2025-11-29T13:00:00.000Z,-326.71,498.44
2025-11-29T13:15:00.000Z,-422.76,498.58
2025-11-29T13:30:00.000Z,-314.27,498.42
2025-11-29T13:45:00.000Z,-348.58,498.97
2025-11-29T14:00:00.000Z,-209.3,498.89
2025-11-29T14:15:00.000Z,-252.56,498.76
2025-11-29T14:30:00.000Z,-337.25,498.82
2025-11-29T14:45:00.000Z,-333.4,546.07
2025-11-29T15:00:00.000Z,-821.98,1127.14
2025-11-29T15:15:00.000Z,-854.37,1197.43
2025-11-29T15:30:00.000Z,-903.18,1197.6
2025-11-29T15:45:00.000Z,-892.14,1197.67
2025-11-29T16:00:00.000Z,-884.2,1197.54
2025-11-29T16:15:00.000Z,-930.86,1197.3
2025-11-29T16:30:00.000Z,-1078.26,1197.44
2025-11-29T16:45:00.000Z,-1006.86,1197.35
2025-11-29T17:00:00.000Z,-891.47,1197.33
2025-11-29T17:15:00.000Z,-962.53,1197.48
2025-11-29T17:30:00.000Z,-895.39,1197.3
2025-11-29T17:45:00.000Z,-927.45,1197.39
2025-11-29T18:00:00.000Z,-802.34,1197.32
2025-11-29T18:15:00.000Z,-754.31,1197.29
2025-11-29T18:30:00.000Z,-727.86,1197.19
2025-11-29T18:45:00.000Z,-701.25,1197.24
2025-11-29T19:00:00.000Z,-774.9,1197.12
2025-11-29T19:15:00.000Z,-758.61,1197.31
2025-11-29T19:30:00.000Z,-716.82,1197.36
2025-11-29T19:45:00.000Z,-627.76,1197.01
2025-11-29T20:00:00.000Z,-929.45,1197.32
2025-11-29T20:15:00.000Z,-1034.45,1197.32
2025-11-29T20:30:00.000Z,-1013,1197.28
2025-11-29T20:45:00.000Z,-1032.54,1197.37
2025-11-29T21:00:00.000Z,-857.09,1197.24
2025-11-29T21:15:00.000Z,-852.28,1197.29
2025-11-29T21:30:00.000Z,-879.82,1197.23
2025-11-29T21:45:00.000Z,-740.92,1197.33
2025-11-29T22:00:00.000Z,-845.42,1197.39
2025-11-29T22:15:00.000Z,-801.33,1197.31
2025-11-29T22:30:00.000Z,-799.83,1197.24
2025-11-29T22:45:00.000Z,-938.76,1197.24
2025-11-29T23:00:00.000Z,-766.5,1197.1
2025-11-29T23:15:00.000Z,-665.02,1195.15
2025-11-29T23:30:00.000Z,-637.4,1187.54
2025-11-29T23:45:00.000Z,-549.5,1155.42
2025-11-30T00:00:00.000Z,-509.75,1116.29
2025-11-30T00:15:00.000Z,-421.93,1154.66
2025-11-30T00:30:00.000Z,-683.73,1192.06
2025-11-30T00:45:00.000Z,-728.32,1186.38
2025-11-30T01:00:00.000Z,-701.25,1195.75
2025-11-30T01:15:00.000Z,-656.69,1196.81
2025-11-30T01:30:00.000Z,-662.26,1197.3
2025-11-30T01:45:00.000Z,-573.09,1197.22
2025-11-30T02:00:00.000Z,-392.68,1196.23
2025-11-30T02:15:00.000Z,-466.86,1183.98
2025-11-30T02:30:00.000Z,-564,1194.53
2025-11-30T02:45:00.000Z,-739.33,1192.82
2025-11-30T03:00:00.000Z,-859.23,1173.65
2025-11-30T03:15:00.000Z,-922.24,1160.5
2025-11-30T03:30:00.000Z,-969.31,1160.7
2025-11-30T03:45:00.000Z,-990.81,1105.99
2025-11-30T04:00:00.000Z,-879.44,1121.98
2025-11-30T04:15:00.000Z,-805.04,1164.42
2025-11-30T04:30:00.000Z,-681.37,1193.94
2025-11-30T04:45:00.000Z,-692.8,1197.16
2025-11-30T05:00:00.000Z,-635.52,1195.36
2025-11-30T05:15:00.000Z,-725.51,1172.5
2025-11-30T05:30:00.000Z,-852.97,1193.26
2025-11-30T05:45:00.000Z,-784.06,1188.84
2025-11-30T06:00:00.000Z,-646.73,1087.96
2025-11-30T06:15:00.000Z,-762.83,1097.23
2025-11-30T06:30:00.000Z,-826.43,1186.41
2025-11-30T06:45:00.000Z,-743.05,1197.1
2025-11-30T07:00:00.000Z,-923.75,1197.1
2025-11-30T07:15:00.000Z,-1283.2,1197.1
2025-11-30T07:30:00.000Z,-1318.88,1197.1
2025-11-30T07:45:00.000Z,-1289.11,1197.07
2025-11-30T08:00:00.000Z,-1509.37,1197.14
2025-11-30T08:15:00.000Z,-1616.38,1194.95
2025-11-30T08:30:00.000Z,-1598.22,1165.71
2025-11-30T08:45:00.000Z,-1573.55,1159.69
2025-11-30T09:00:00.000Z,-1537.71,1159.35
2025-11-30T09:15:00.000Z,-1620.81,1129.09
2025-11-30T09:30:00.000Z,-1671.08,1144.77
2025-11-30T09:45:00.000Z,-1652.51,1151.79
2025-11-30T10:00:00.000Z,-1616.54,1063.7
2025-11-30T10:15:00.000Z,-1794.81,1036.82
2025-11-30T10:30:00.000Z,-1855.46,1081.42
2025-11-30T10:45:00.000Z,-1861.79,1088.03
2025-11-30T11:00:00.000Z,-1893.14,1058.15
2025-11-30T11:15:00.000Z,-1953.17,1048.22
2025-11-30T11:30:00.000Z,-1893.23,969.39
2025-11-30T11:45:00.000Z,-1810.57,931.95
2025-11-30T12:00:00.000Z,-1781.31,908.28
2025-11-30T12:15:00.000Z,-1780.58,941.59
2025-11-30T12:30:00.000Z,-1601.93,910.53
2025-11-30T12:45:00.000Z,-1690.68,886.15
2025-11-30T13:00:00.000Z,-1678.58,766.46
2025-11-30T13:15:00.000Z,-1695.53,683.435
2025-11-30T13:30:00.000Z,-1815.37,550.525
2025-11-30T13:45:00.000Z,-1745.74,423.784
2025-11-30T14:00:00.000Z,-1710.38,395.927
2025-11-30T14:15:00.000Z,-1741.06,394.21
2025-11-30T14:30:00.000Z,-1787.43,400.175
2025-11-30T14:45:00.000Z,-1902.35,400.715
2025-11-30T15:00:00.000Z,-1837.39,397.133
2025-11-30T15:15:00.000Z,-1784.61,395.779
2025-11-30T15:30:00.000Z,-1790.56,399.7
2025-11-30T15:45:00.000Z,-1795.75,398.72
2025-11-30T16:00:00.000Z,-1784.65,369.54
2025-11-30T16:15:00.000Z,-1875.82,321.83
2025-11-30T16:30:00.000Z,-1947.95,284.76
2025-11-30T16:45:00.000Z,-1932.88,279.81
2025-11-30T17:00:00.000Z,-1880.21,275.47
2025-11-30T17:15:00.000Z,-1740.78,252.53
2025-11-30T17:30:00.000Z,-1753.63,254.55
2025-11-30T17:45:00.000Z,-1733.44,220.42
2025-11-30T18:00:00.000Z,-1734.46,187.73
2025-11-30T18:15:00.000Z,-1691.59,222.75
2025-11-30T18:30:00.000Z,-1549.82,172.41
2025-11-30T18:45:00.000Z,-1592.22,238.82
2025-11-30T19:00:00.000Z,-1764.14,245.36
2025-11-30T19:15:00.000Z,-1758.35,207.57
2025-11-30T19:30:00.000Z,-1736.34,191.19
2025-11-30T19:45:00.000Z,-1650.65,224.52
2025-11-30T20:00:00.000Z,-1771.87,142.49
2025-11-30T20:15:00.000Z,-1880.2,137
2025-11-30T20:30:00.000Z,-1899.93,124.72
2025-11-30T20:45:00.000Z,-1838.37,78.05
2025-11-30T21:00:00.000Z,-1673.79,-94.62
2025-11-30T21:15:00.000Z,-1632.23,-76.35
2025-11-30T21:30:00.000Z,-1632.89,31.32
2025-11-30T21:45:00.000Z,-1726.91,53.97
2025-11-30T22:00:00.000Z,-1986.27,172.58
2025-11-30T22:15:00.000Z,-1912.68,123.36
2025-11-30T22:30:00.000Z,-1794.47,98.73
2025-11-30T22:45:00.000Z,-1751.6,40.58
2025-11-30T23:00:00.000Z,-1941.49,391.18
2025-11-30T23:15:00.000Z,-1963.07,612.63
2025-11-30T23:30:00.000Z,-1593.24,461.73
2025-11-30T23:45:00.000Z,-1531.23,524.98
2025-12-01T00:00:00.000Z,-1911.37,997.91
2025-12-01T00:15:00.000Z,-1783.22,1056.83
2025-12-01T00:30:00.000Z,-1721.43,1077.55
2025-12-01T00:45:00.000Z,-1860.62,1062.13
2025-12-01T01:00:00.000Z,-1739.82,1102.87
2025-12-01T01:15:00.000Z,-1763.11,1183.56
2025-12-01T01:30:00.000Z,-1557.29,1135.06
2025-12-01T01:45:00.000Z,-1407.76,1069.97
2025-12-01T02:00:00.000Z,-1346.1,1181.15
2025-12-01T02:15:00.000Z,-1318.52,1196.97
2025-12-01T02:30:00.000Z,-1288.47,1196.84
2025-12-01T02:45:00.000Z,-1302.34,1197
2025-12-01T03:00:00.000Z,-1354.69,1197
2025-12-01T03:15:00.000Z,-1490.09,1197
2025-12-01T03:30:00.000Z,-1527.32,1197
2025-12-01T03:45:00.000Z,-1553.6,1186.22
2025-12-01T04:00:00.000Z,-1481.01,1050.56
2025-12-01T04:15:00.000Z,-1475.8,1034.71
2025-12-01T04:30:00.000Z,-1485.19,1025.11
2025-12-01T04:45:00.000Z,-1547.56,990.19
2025-12-01T05:00:00.000Z,-844.83,524.06
2025-12-01T05:15:00.000Z,-867.13,543.11
2025-12-01T05:30:00.000Z,-1084.65,680.01
2025-12-01T05:45:00.000Z,-868.03,664.14
2025-12-01T06:00:00.000Z,-864.98,654.49
2025-12-01T06:15:00.000Z,-975.88,712.14
2025-12-01T06:30:00.000Z,-917.53,786.69
2025-12-01T06:45:00.000Z,-938.56,883.82
2025-12-01T07:00:00.000Z,-905.65,1163.21
2025-12-01T07:15:00.000Z,-940.19,1183.5
2025-12-01T07:30:00.000Z,-1113.97,1190.36
2025-12-01T07:45:00.000Z,-1081.4,1181.47
2025-12-01T08:00:00.000Z,-1042.9,1194.94
2025-12-01T08:15:00.000Z,-1070.17,1191.26
2025-12-01T08:30:00.000Z,-999.39,1118.01
2025-12-01T08:45:00.000Z,-1118.11,1095.27
2025-12-01T09:00:00.000Z,-1076.55,973.24
2025-12-01T09:15:00.000Z,-1043.87,879.49
2025-12-01T09:30:00.000Z,-1118.47,903.06
2025-12-01T09:45:00.000Z,-1013.3,777.48
2025-12-01T10:00:00.000Z,-957.65,629.4
2025-12-01T10:15:00.000Z,-977.33,634.1
2025-12-01T10:30:00.000Z,-947.3,545.03
2025-12-01T10:45:00.000Z,-901.6,503.92
2025-12-01T11:00:00.000Z,-659.86,264.52
2025-12-01T11:15:00.000Z,-835.73,244.22
2025-12-01T11:30:00.000Z,-839.95,247.54
2025-12-01T11:45:00.000Z,-771.28,237.64
2025-12-01T12:00:00.000Z,-770.73,216.38
2025-12-01T12:15:00.000Z,-840.29,236.14
2025-12-01T12:30:00.000Z,-811.46,274.77
2025-12-01T12:45:00.000Z,-845.22,306.34
2025-12-01T13:00:00.000Z,-658.57,109.55
2025-12-01T13:15:00.000Z,-669.96,69.43
2025-12-01T13:30:00.000Z,-634.94,52.63
2025-12-01T13:45:00.000Z,-722.95,37.52
2025-12-01T14:00:00.000Z,-866.43,209.57
2025-12-01T14:15:00.000Z,-777.2,306.85
2025-12-01T14:30:00.000Z,-841.32,312.48
2025-12-01T14:45:00.000Z,-776.39,328.39
2025-12-01T15:00:00.000Z,-793.89,354.58
2025-12-01T15:15:00.000Z,-677.78,359.48
2025-12-01T15:30:00.000Z,-610.77,340.18
2025-12-01T15:45:00.000Z,-728.52,352.78
2025-12-01T16:00:00.000Z,-929.13,390.25
2025-12-01T16:15:00.000Z,-1036.36,366.82
2025-12-01T16:30:00.000Z,-1166.53,294.51
2025-12-01T16:45:00.000Z,-1109.02,194.71
2025-12-01T17:00:00.000Z,-1033.68,90
2025-12-01T17:15:00.000Z,-1110.19,120.31
2025-12-01T17:30:00.000Z,-1147.85,140.19
2025-12-01T17:45:00.000Z,-1074.33,-46.3
2025-12-01T18:00:00.000Z,-984.01,-224.06
2025-12-01T18:15:00.000Z,-892.41,-329.36
2025-12-01T18:30:00.000Z,-948.79,-308.98
2025-12-01T18:45:00.000Z,-889.02,-381.46
2025-12-01T19:00:00.000Z,-890.84,-502.17
2025-12-01T19:15:00.000Z,-1030.84,-501.65
2025-12-01T19:30:00.000Z,-1006.35,-495.48
2025-12-01T19:45:00.000Z,-878.38,-541.03
2025-12-01T20:00:00.000Z,-884.76,-704.13
2025-12-01T20:15:00.000Z,-987.64,-786.17
2025-12-01T20:30:00.000Z,-1007.9,-853.68
2025-12-01T20:45:00.000Z,-1005.03,-906.52
2025-12-01T21:00:00.000Z,-1072.59,-1083.93
2025-12-01T21:15:00.000Z,-1018.91,-1133.83
2025-12-01T21:30:00.000Z,-1043.87,-1165.31
2025-12-01T21:45:00.000Z,-1106.16,-1187.09
2025-12-01T22:00:00.000Z,-1165.67,-1193.64
2025-12-01T22:15:00.000Z,-1102.76,-1193.38
2025-12-01T22:30:00.000Z,-1113.73,-1193.36
2025-12-01T22:45:00.000Z,-1162.45,-1193.55
2025-12-01T23:00:00.000Z,-994.31,-1187.69
2025-12-01T23:15:00.000Z,-986.42,-1179.74
2025-12-01T23:30:00.000Z,-1135.55,-1193.33
2025-12-01T23:45:00.000Z,-1264.57,-1193.4
2025-12-02T00:00:00.000Z,-1063.59,-1193.06
2025-12-02T00:15:00.000Z,-1037.6,-1193.35
2025-12-02T00:30:00.000Z,-976.53,-1193.43
2025-12-02T00:45:00.000Z,-845.84,-1193.3
2025-12-02T01:00:00.000Z,-881.32,-1193.27
2025-12-02T01:15:00.000Z,-893.09,-1193.11
2025-12-02T01:30:00.000Z,-897.47,-1193.21
2025-12-02T01:45:00.000Z,-1028.24,-1192.98
2025-12-02T02:00:00.000Z,-1143.05,-1193.13
2025-12-02T02:15:00.000Z,-1158.76,-1193.09
2025-12-02T02:30:00.000Z,-1150.3,-1193.18
2025-12-02T02:45:00.000Z,-1051.42,-1193.36
2025-12-02T03:00:00.000Z,-964.66,-1193.13
2025-12-02T03:15:00.000Z,-979.8,-1192.84
2025-12-02T03:30:00.000Z,-1013.37,-1192.83
2025-12-02T03:45:00.000Z,-1052.23,-1191.11
2025-12-02T04:00:00.000Z,-933,-1193.1
2025-12-02T04:15:00.000Z,-1000.39,-1192.7
2025-12-02T04:30:00.000Z,-1088.09,-1185.92
2025-12-02T04:45:00.000Z,-1098.8,-1191.84
2025-12-02T05:00:00.000Z,-1114.87,-1190.53
2025-12-02T05:15:00.000Z,-998.19,-1186.33
2025-12-02T05:30:00.000Z,-1010.46,-1166.64
2025-12-02T05:45:00.000Z,-916.08,-1077.67
2025-12-02T06:00:00.000Z,-921,-977.81
2025-12-02T06:15:00.000Z,-1007.31,-776.14
2025-12-02T06:30:00.000Z,-1063.36,-629.14
2025-12-02T06:45:00.000Z,-1028.59,-633.48
2025-12-02T07:00:00.000Z,-907.02,-645.86
2025-12-02T07:15:00.000Z,-966.91,-621.89
2025-12-02T07:30:00.000Z,-937.57,-628.37
2025-12-02T07:45:00.000Z,-897.41,-645.99
2025-12-02T08:00:00.000Z,-1098.66,-603.28
2025-12-02T08:15:00.000Z,-1114.93,-606.51
2025-12-02T08:30:00.000Z,-929.64,-631.16
2025-12-02T08:45:00.000Z,-946.86,-441.21
2025-12-02T09:00:00.000Z,-924.51,-475.08
2025-12-02T09:15:00.000Z,-923.38,-444.96
2025-12-02T09:30:00.000Z,-1017.9,-434.68
2025-12-02T09:45:00.000Z,-995.95,-394.95
2025-12-02T10:00:00.000Z,-947.7,-408.33
2025-12-02T10:15:00.000Z,-900.73,-363.26
2025-12-02T10:30:00.000Z,-959.13,-358.2
2025-12-02T10:45:00.000Z,-888.06,-354.33
2025-12-02T11:00:00.000Z,-900.76,-318.43
2025-12-02T11:15:00.000Z,-934.28,-225.22
2025-12-02T11:30:00.000Z,-885.09,-204.39
2025-12-02T11:45:00.000Z,-879.36,-201.79
2025-12-02T12:00:00.000Z,-564.22,-228.45
2025-12-02T12:15:00.000Z,-458.46,-223.48
2025-12-02T12:30:00.000Z,-315.5,-215.62
2025-12-02T12:45:00.000Z,-490.12,-202.23
2025-12-02T13:00:00.000Z,-620.83,-469.97
2025-12-02T13:15:00.000Z,-397.7,-489.62
2025-12-02T13:30:00.000Z,-309.35,-495.85
2025-12-02T13:45:00.000Z,-301.53,-476.86
2025-12-02T14:00:00.000Z,-110.57,-432.06
2025-12-02T14:15:00.000Z,-79.85,-430.08
2025-12-02T14:30:00.000Z,-198.2,-397.1
2025-12-02T14:45:00.000Z,-240.76,-365.43
2025-12-02T15:00:00.000Z,-40.78,-338.2
2025-12-02T15:15:00.000Z,-30.97,-314.31
2025-12-02T15:30:00.000Z,141.8,-287.56
2025-12-02T15:45:00.000Z,349.65,-253.41
2025-12-02T16:00:00.000Z,70.94,-167.71
2025-12-02T16:15:00.000Z,-81.88,-147.45
2025-12-02T16:30:00.000Z,190.62,-141.41
2025-12-02T16:45:00.000Z,105.69,-142.55
2025-12-02T17:00:00.000Z,278.01,-169.09
2025-12-02T17:15:00.000Z,435.01,-182.46
2025-12-02T17:30:00.000Z,391.26,-213.7
2025-12-02T17:45:00.000Z,424.42,-189.34
2025-12-02T18:00:00.000Z,502.4,-173.25
2025-12-02T18:15:00.000Z,410.46,-195.55
2025-12-02T18:30:00.000Z,646.42,-212.4
2025-12-02T18:45:00.000Z,735.19,-209.96
2025-12-02T19:00:00.000Z,625.56,-196.51
2025-12-02T19:15:00.000Z,834.9,-211.44
2025-12-02T19:30:00.000Z,778.95,-230.88
2025-12-02T19:45:00.000Z,899.32,-249.49
2025-12-02T20:00:00.000Z,1010.17,-229.95
2025-12-02T20:15:00.000Z,669,-251.17
2025-12-02T20:30:00.000Z,753.16,-277.52
2025-12-02T20:45:00.000Z,956.79,-319.97
2025-12-02T21:00:00.000Z,798.86,-252.08
2025-12-02T21:15:00.000Z,929.85,-158.34
2025-12-02T21:30:00.000Z,1031.87,-70.06
2025-12-02T21:45:00.000Z,889.91,-33.61
2025-12-02T22:00:00.000Z,672.79,137.32
2025-12-02T22:15:00.000Z,803.48,90.83
2025-12-02T22:30:00.000Z,704.11,39.73
2025-12-02T22:45:00.000Z,650.32,87.11
2025-12-02T23:00:00.000Z,706.64,480.26
2025-12-02T23:15:00.000Z,582.37,639.48
2025-12-02T23:30:00.000Z,689.57,585.5
2025-12-02T23:45:00.000Z,911.65,607.1
2025-12-03T00:00:00.000Z,877.71,526.63
2025-12-03T00:15:00.000Z,752.86,544.2
2025-12-03T00:30:00.000Z,825.69,562.1
2025-12-03T00:45:00.000Z,744.12,632.21
2025-12-03T01:00:00.000Z,536.18,697.02
2025-12-03T01:15:00.000Z,602.3,648.58
2025-12-03T01:30:00.000Z,613.58,660.11
2025-12-03T01:45:00.000Z,660.38,616.82
2025-12-03T02:00:00.000Z,811.05,496.67
2025-12-03T02:15:00.000Z,773.41,498.61
2025-12-03T02:30:00.000Z,807.21,490.8
2025-12-03T02:45:00.000Z,835.88,444.43
2025-12-03T03:00:00.000Z,812.65,404.97
2025-12-03T03:15:00.000Z,740.9,304.89
2025-12-03T03:30:00.000Z,578.06,286.36
2025-12-03T03:45:00.000Z,528.32,271.8
2025-12-03T04:00:00.000Z,690.76,-67.51
2025-12-03T04:15:00.000Z,812.07,-291.31
2025-12-03T04:30:00.000Z,759.72,-227.39
2025-12-03T04:45:00.000Z,695.1,-346.45
2025-12-03T05:00:00.000Z,747.83,-424.3
2025-12-03T05:15:00.000Z,915.74,-338.37
2025-12-03T05:30:00.000Z,865.46,-236.25
2025-12-03T05:45:00.000Z,780.82,-159.28
2025-12-03T06:00:00.000Z,545.61,-37.1
2025-12-03T06:15:00.000Z,198.14,114.22
2025-12-03T06:30:00.000Z,-86.66,165.13
2025-12-03T06:45:00.000Z,-375.65,192.29
2025-12-03T07:00:00.000Z,-500.63,260.14
2025-12-03T07:15:00.000Z,-595.1,280.09
2025-12-03T07:30:00.000Z,-692.64,291.4
2025-12-03T07:45:00.000Z,-602.4,296.34
2025-12-03T08:00:00.000Z,-662.53,259.69
2025-12-03T08:15:00.000Z,-519.08,261.7
2025-12-03T08:30:00.000Z,-511.91,279.2
2025-12-03T08:45:00.000Z,-409.57,288.88
2025-12-03T09:00:00.000Z,-411.99,258.17
2025-12-03T09:15:00.000Z,-442.38,263.33
2025-12-03T09:30:00.000Z,-596.33,266.68
2025-12-03T09:45:00.000Z,-667.42,274.86
2025-12-03T10:00:00.000Z,-769.3,340.98
2025-12-03T10:15:00.000Z,-730.51,359.89
2025-12-03T10:30:00.000Z,-812.87,368.65
2025-12-03T10:45:00.000Z,-895.12,371.94
2025-12-03T11:00:00.000Z,-883.34,331.93
2025-12-03T11:15:00.000Z,-1092.35,330.83
2025-12-03T11:30:00.000Z,-1051.65,331.4
2025-12-03T11:45:00.000Z,-888.38,332.92
2025-12-03T12:00:00.000Z,-649.44,338.81
2025-12-03T12:15:00.000Z,-670.45,343.54
2025-12-03T12:30:00.000Z,-749.98,347.1
2025-12-03T12:45:00.000Z,-947.47,357.61
2025-12-03T13:00:00.000Z,-896.63,352.13
2025-12-03T13:15:00.000Z,-855.69,363.79
2025-12-03T13:30:00.000Z,-689.96,375
2025-12-03T13:45:00.000Z,-636.71,374.97
2025-12-03T14:00:00.000Z,-653.27,370.11
2025-12-03T14:15:00.000Z,-611.19,384.08
2025-12-03T14:30:00.000Z,-793.92,399.96
2025-12-03T14:45:00.000Z,-921.19,412.09
2025-12-03T15:00:00.000Z,-1114.62,443.68
2025-12-03T15:15:00.000Z,-948.48,446.61
2025-12-03T15:30:00.000Z,-787.89,452.15
2025-12-03T15:45:00.000Z,-983.05,469.19
2025-12-03T16:00:00.000Z,-1020.95,513.04
2025-12-03T16:15:00.000Z,-998.14,501.27
2025-12-03T16:30:00.000Z,-1088.67,486.09
2025-12-03T16:45:00.000Z,-1061.27,471.04
2025-12-03T17:00:00.000Z,-1057.07,450.85
2025-12-03T17:15:00.000Z,-1029.67,420.92
2025-12-03T17:30:00.000Z,-1117.11,399.03
2025-12-03T17:45:00.000Z,-1078.45,385.66
2025-12-03T18:00:00.000Z,-1078.16,385.96
2025-12-03T18:15:00.000Z,-1038.53,356.27
2025-12-03T18:30:00.000Z,-862.56,311.57
2025-12-03T18:45:00.000Z,-1063.77,367.52
2025-12-03T19:00:00.000Z,-1316.78,359.01
2025-12-03T19:15:00.000Z,-1405.21,383.8
2025-12-03T19:30:00.000Z,-1474.76,411.29
2025-12-03T19:45:00.000Z,-1363.68,407.02
2025-12-03T20:00:00.000Z,-1298.21,306.39
2025-12-03T20:15:00.000Z,-1377.8,265.06
2025-12-03T20:30:00.000Z,-1347.66,243.28
2025-12-03T20:45:00.000Z,-1354.82,234.84
2025-12-03T21:00:00.000Z,-1343.22,163.65
2025-12-03T21:15:00.000Z,-1262.41,160.86
2025-12-03T21:30:00.000Z,-1315.52,168.18
2025-12-03T21:45:00.000Z,-1419.31,181.53
2025-12-03T22:00:00.000Z,-1363.43,114.99
2025-12-03T22:15:00.000Z,-1062.35,123.87
2025-12-03T22:30:00.000Z,-978.85,98.25
2025-12-03T22:45:00.000Z,-918.54,103.13
2025-12-03T23:00:00.000Z,-1254.71,243.34
2025-12-03T23:15:00.000Z,-1320.05,318.68
2025-12-03T23:30:00.000Z,-1308.1,270.92
2025-12-03T23:45:00.000Z,-1290.66,262.94
2025-12-04T00:00:00.000Z,-1348.76,318.5
2025-12-04T00:15:00.000Z,-1146.16,273.36
2025-12-04T00:30:00.000Z,-1076.21,242.31
2025-12-04T00:45:00.000Z,-902.54,243.41
2025-12-04T01:00:00.000Z,-848.59,312.44
2025-12-04T01:15:00.000Z,-794.76,305.78
2025-12-04T01:30:00.000Z,-732.91,363.94
2025-12-04T01:45:00.000Z,-1037.13,590.64
2025-12-04T02:00:00.000Z,-1028.63,658.32
2025-12-04T02:15:00.000Z,-1032.68,765.46
2025-12-04T02:30:00.000Z,-1146.62,942.22
2025-12-04T02:45:00.000Z,-1276.09,1020.58
2025-12-04T03:00:00.000Z,-1130.42,855.93
2025-12-04T03:15:00.000Z,-1083.62,800.4
2025-12-04T03:30:00.000Z,-1026.47,805.26
2025-12-04T03:45:00.000Z,-967.52,789.67
2025-12-04T04:00:00.000Z,-1049.96,571
2025-12-04T04:15:00.000Z,-931.9,358.94
2025-12-04T04:30:00.000Z,-863.48,173.33
2025-12-04T04:45:00.000Z,-1514.65,642.8
2025-12-04T05:00:00.000Z,-858.94,136.3
2025-12-04T05:15:00.000Z,-797.78,0.8
2025-12-04T05:30:00.000Z,-828.38,0.8
2025-12-04T05:45:00.000Z,-1003.62,0.8
2025-12-04T06:00:00.000Z,-954,50.61
2025-12-04T06:15:00.000Z,-1303.26,545.34
2025-12-04T06:30:00.000Z,-1759.01,1067.15
2025-12-04T06:45:00.000Z,-1919.49,1161.1
2025-12-04T07:00:00.000Z,-1680.36,1163.44
2025-12-04T07:15:00.000Z,-1685.16,1191.36
2025-12-04T07:30:00.000Z,-1764.7,1194.26
2025-12-04T07:45:00.000Z,-1766.65,1185.02
2025-12-04T08:00:00.000Z,-1466.3,1110.6
2025-12-04T08:15:00.000Z,-1438.95,1133.86
2025-12-04T08:30:00.000Z,-1541.69,1186.2
2025-12-04T08:45:00.000Z,-1528.71,1165.82
2025-12-04T09:00:00.000Z,-1680.07,1163.82
2025-12-04T09:15:00.000Z,-1717.53,1158.47
2025-12-04T09:30:00.000Z,-1655.08,1124.72
2025-12-04T09:45:00.000Z,-1872.92,1121.03
2025-12-04T10:00:00.000Z,-1719.48,1114.24
2025-12-04T10:15:00.000Z,-1777.72,1061.52
2025-12-04T10:30:00.000Z,-1823.66,1039.94
2025-12-04T10:45:00.000Z,-1913.96,1073.73
2025-12-04T11:00:00.000Z,-1752.88,989.56
2025-12-04T11:15:00.000Z,-1582.91,972.98
2025-12-04T11:30:00.000Z,-1724.59,1010.74
2025-12-04T11:45:00.000Z,-1776.86,1013.92
2025-12-04T12:00:00.000Z,-1657.86,993.09
2025-12-04T12:15:00.000Z,-1888.1,1155.22
2025-12-04T12:30:00.000Z,-1826.74,1148.89
2025-12-04T12:45:00.000Z,-1844.49,1116.87
2025-12-04T13:00:00.000Z,-1916.11,1156.29
2025-12-04T13:15:00.000Z,-1814.58,1050.07
2025-12-04T13:30:00.000Z,-1846.57,1035.83
2025-12-04T13:45:00.000Z,-1747.12,1032.87
2025-12-04T14:00:00.000Z,-1668.76,1001.48
2025-12-04T14:15:00.000Z,-1799.1,1043.04
2025-12-04T14:30:00.000Z,-1757.09,1004.65
2025-12-04T14:45:00.000Z,-1639.75,936.09
2025-12-04T15:00:00.000Z,-1792.6,1165.09
2025-12-04T15:15:00.000Z,-1868,1150.76
2025-12-04T15:30:00.000Z,-1955.22,1097.44
2025-12-04T15:45:00.000Z,-1865.5,1035.92
2025-12-04T16:00:00.000Z,-1844.17,1072.58
2025-12-04T16:15:00.000Z,-1807.2,1082.66
2025-12-04T16:30:00.000Z,-1858.56,1101.33
2025-12-04T16:45:00.000Z,-1915.93,1114.31
2025-12-04T17:00:00.000Z,-1881.06,1131.5
2025-12-04T17:15:00.000Z,-1930.86,1156.46
2025-12-04T17:30:00.000Z,-1854.95,1148.48
2025-12-04T17:45:00.000Z,-1823.09,1084.67
2025-12-04T18:00:00.000Z,-1944.79,1148.47
2025-12-04T18:15:00.000Z,-1862.66,1188.88
2025-12-04T18:30:00.000Z,-1735.82,1158.54
2025-12-04T18:45:00.000Z,-1751.99,1151.19
2025-12-04T19:00:00.000Z,-1759.53,1039.95
2025-12-04T19:15:00.000Z,-1754.04,1102.73
2025-12-04T19:30:00.000Z,-1767.57,1138.19
2025-12-04T19:45:00.000Z,-1720.56,1164.23
2025-12-04T20:00:00.000Z,-1807.64,866.29
2025-12-04T20:15:00.000Z,-1965.74,742.27
2025-12-04T20:30:00.000Z,-1872.22,656.93
2025-12-04T20:45:00.000Z,-1924.23,586.07
2025-12-04T21:00:00.000Z,-1834.67,499.06
2025-12-04T21:15:00.000Z,-1366.67,23.19
2025-12-04T21:30:00.000Z,-1292.99,0.6
2025-12-04T21:45:00.000Z,-1172.61,0.6
2025-12-04T22:00:00.000Z,-1294.03,0.6
2025-12-04T22:15:00.000Z,-1350.36,49.36
2025-12-04T22:30:00.000Z,-1766.02,488.04
2025-12-04T22:45:00.000Z,-1801.54,547.62
2025-12-04T23:00:00.000Z,-1816.9,602.64
2025-12-04T23:15:00.000Z,-1909.96,699.04
2025-12-04T23:30:00.000Z,-1828.48,630.18
2025-12-04T23:45:00.000Z,-1908.03,645.63
2025-12-05T00:00:00.000Z,-1955.1,669.23
2025-12-05T00:15:00.000Z,-1859.89,600.06
2025-12-05T00:30:00.000Z,-1896.97,676.01
2025-12-05T00:45:00.000Z,-1820.57,686.76
2025-12-05T01:00:00.000Z,-1761.02,593.48
2025-12-05T01:15:00.000Z,-1714.41,621.83
2025-12-05T01:30:00.000Z,-1672.56,567.73
2025-12-05T01:45:00.000Z,-1706.64,615.55
2025-12-05T02:00:00.000Z,-1788.2,747.46
2025-12-05T02:15:00.000Z,-1728.13,747.27
2025-12-05T02:30:00.000Z,-1750.38,684.71
2025-12-05T02:45:00.000Z,-1787.93,678.77
2025-12-05T03:00:00.000Z,-1916.89,716.52
2025-12-05T03:15:00.000Z,-1876.34,644.45
2025-12-05T03:30:00.000Z,-1953.52,518.08
2025-12-05T03:45:00.000Z,-1920.22,402.09
2025-12-05T04:00:00.000Z,-1767.8,208.37
2025-12-05T04:15:00.000Z,-1763.19,99.97
2025-12-05T04:30:00.000Z,-1771.69,17.82
2025-12-05T04:45:00.000Z,-1852.21,-50.45
2025-12-05T05:00:00.000Z,-1791.96,-66.58
2025-12-05T05:15:00.000Z,-1671.09,-185.26
2025-12-05T05:30:00.000Z,-1681.66,-329.67
2025-12-05T05:45:00.000Z,-1676.15,-335.1
2025-12-05T06:00:00.000Z,-1814.56,-142.31
2025-12-05T06:15:00.000Z,-1845.83,-56.22
2025-12-05T06:30:00.000Z,-1741.32,-88.63
2025-12-05T06:45:00.000Z,-1655.46,-74.67
2025-12-05T07:00:00.000Z,-1587.57,48.43
2025-12-05T07:15:00.000Z,-1745.31,145.49
2025-12-05T07:30:00.000Z,-1817.88,197.67
2025-12-05T07:45:00.000Z,-1711.28,158.59
2025-12-05T08:00:00.000Z,-1763.7,176.78
2025-12-05T08:15:00.000Z,-1804.69,225.34
2025-12-05T08:30:00.000Z,-1800.98,186.54
2025-12-05T08:45:00.000Z,-1769.42,143.55
2025-12-05T09:00:00.000Z,-1641.89,13.15
2025-12-05T09:15:00.000Z,-1615.53,14.66
2025-12-05T09:30:00.000Z,-1619.99,2
2025-12-05T09:45:00.000Z,-1693.45,-23.46
2025-12-05T10:00:00.000Z,-1673.2,-67.55
2025-12-05T10:15:00.000Z,-1700.22,-110.42
2025-12-05T10:30:00.000Z,-1770.76,-141.46
2025-12-05T10:45:00.000Z,-1815.74,-215.54
2025-12-05T11:00:00.000Z,-1812.19,-159.92
2025-12-05T11:15:00.000Z,-1760.65,-291.74
2025-12-05T11:30:00.000Z,-1729.86,-320.27
2025-12-05T11:45:00.000Z,-1766.58,-199.63
2025-12-05T12:00:00.000Z,-1725.12,-234.88
2025-12-05T12:15:00.000Z,-1785.55,-186.04
2025-12-05T12:30:00.000Z,-1829.93,-184.29
2025-12-05T12:45:00.000Z,-1811.1,-242.99
2025-12-05T13:00:00.000Z,-1643.14,-343.94
2025-12-05T13:15:00.000Z,-1609.38,-355.5
2025-12-05T13:30:00.000Z,-1676.7,-355.5
2025-12-05T13:45:00.000Z,-1747.75,-339.4
2025-12-05T14:00:00.000Z,-1460.67,-673.67
2025-12-05T14:15:00.000Z,-1340.54,-798.75
2025-12-05T14:30:00.000Z,-1293.34,-795.52
2025-12-05T14:45:00.000Z,-1275.45,-807.83
2025-12-05T15:00:00.000Z,-1163.42,-923.36
2025-12-05T15:15:00.000Z,-1126.32,-922.35
2025-12-05T15:30:00.000Z,-1172.16,-918.25
2025-12-05T15:45:00.000Z,-1096.91,-907.61
2025-12-05T16:00:00.000Z,-1142.55,-832.14
2025-12-05T16:15:00.000Z,-1106.78,-813.85
2025-12-05T16:30:00.000Z,-1046.93,-760.01
2025-12-05T16:45:00.000Z,-1051.75,-809.22
2025-12-05T17:00:00.000Z,-1205.94,-940.6
2025-12-05T17:15:00.000Z,-1326.36,-969.51
2025-12-05T17:30:00.000Z,-1358.79,-951.82
2025-12-05T17:45:00.000Z,-1312.08,-952.3
2025-12-05T18:00:00.000Z,-1222.95,-1020.31
2025-12-05T18:15:00.000Z,-1245.1,-1059.01
2025-12-05T18:30:00.000Z,-1280.52,-1061.01
2025-12-05T18:45:00.000Z,-1260.65,-931.72
2025-12-05T19:00:00.000Z,-1224.43,-924.24
2025-12-05T19:15:00.000Z,-1155.7,-1019.6
2025-12-05T19:30:00.000Z,-1118.29,-1032.49
2025-12-05T19:45:00.000Z,-1270.35,-750.05
2025-12-05T20:00:00.000Z,-1339.94,-955.95
2025-12-05T20:15:00.000Z,-1368.52,-1026.97
2025-12-05T20:30:00.000Z,-1316.41,-1067.15
2025-12-05T20:45:00.000Z,-1388.61,-907.47
2025-12-05T21:00:00.000Z,-1326.48,-1034.95
2025-12-05T21:15:00.000Z,-1482.07,-756.65
2025-12-05T21:30:00.000Z,-1680.87,-449.81
2025-12-05T21:45:00.000Z,-1708.51,-327.68
2025-12-05T22:00:00.000Z,-1750.81,-363.51
2025-12-05T22:15:00.000Z,-1649.32,-449.49
2025-12-05T22:30:00.000Z,-1606.79,-400.65
2025-12-05T22:45:00.000Z,-1737.37,-324.26
2025-12-05T23:00:00.000Z,-1171.79,-794.99
2025-12-05T23:15:00.000Z,-1155.98,-1028.5
2025-12-05T23:30:00.000Z,-1569.25,-552.7
2025-12-05T23:45:00.000Z,-1702.54,-408.89
2025-12-06T00:00:00.000Z,-1687.47,-416.37
2025-12-06T00:15:00.000Z,-1678.16,-398.23
2025-12-06T00:30:00.000Z,-1752.11,-402.03
2025-12-06T00:45:00.000Z,-1770.71,-432.85
2025-12-06T01:00:00.000Z,-1652.37,-517.53
2025-12-06T01:15:00.000Z,-1577.14,-525.27
2025-12-06T01:30:00.000Z,-1548.17,-476.63
2025-12-06T01:45:00.000Z,-1646.49,-433.95
2025-12-06T02:00:00.000Z,-1564.71,-490.11
2025-12-06T02:15:00.000Z,-1600.04,-445.82
2025-12-06T02:30:00.000Z,-1612.31,-396.87
2025-12-06T02:45:00.000Z,-1699.14,-345.48
2025-12-06T03:00:00.000Z,-1588.05,-485.19
2025-12-06T03:15:00.000Z,-1539.54,-529.69
2025-12-06T03:30:00.000Z,-1610.02,-449.19
2025-12-06T03:45:00.000Z,-1620.32,-459.92
2025-12-06T04:00:00.000Z,-1447.11,-505.48
2025-12-06T04:15:00.000Z,-1553.76,-446.21
2025-12-06T04:30:00.000Z,-1499.49,-452.65
2025-12-06T04:45:00.000Z,-1519.62,-452.66
2025-12-06T05:00:00.000Z,-1293.61,-683.37
2025-12-06T05:15:00.000Z,-1325.87,-713.23
2025-12-06T05:30:00.000Z,-1464.79,-778.51
2025-12-06T05:45:00.000Z,-1403.58,-751.71
2025-12-06T06:00:00.000Z,-1446.74,-725.67
2025-12-06T06:15:00.000Z,-1562.02,-724.78
2025-12-06T06:30:00.000Z,-1462.24,-728.54
2025-12-06T06:45:00.000Z,-1366.38,-699.1
2025-12-06T07:00:00.000Z,-1340.85,-588.19
2025-12-06T07:15:00.000Z,-1395.64,-545.19
2025-12-06T07:30:00.000Z,-1426.42,-468.23
2025-12-06T07:45:00.000Z,-1414.96,-487.15
2025-12-06T08:00:00.000Z,-1298.36,-621.82
2025-12-06T08:15:00.000Z,-1206.93,-598.72
2025-12-06T08:30:00.000Z,-1270.89,-561.19
2025-12-06T08:45:00.000Z,-1304.89,-540.6
2025-12-06T09:00:00.000Z,-1281.19,-475.18
2025-12-06T09:15:00.000Z,-1338.62,-371.2
2025-12-06T09:30:00.000Z,-1340.41,-339.82
2025-12-06T09:45:00.000Z,-1246.82,-321.44
2025-12-06T10:00:00.000Z,-1172.79,-303.2
2025-12-06T10:15:00.000Z,-1190.51,-256.24
2025-12-06T10:30:00.000Z,-1187.41,-213.59
2025-12-06T10:45:00.000Z,-1259.4,-178.91
2025-12-06T11:00:00.000Z,-1112.04,-250.62
2025-12-06T11:15:00.000Z,-1102.21,-208.89
2025-12-06T11:30:00.000Z,-1135.53,-164.22
2025-12-06T11:45:00.000Z,-1228.12,-79.89
2025-12-06T12:00:00.000Z,-1259.79,43.97
2025-12-06T12:15:00.000Z,-1205.29,121.4
2025-12-06T12:30:00.000Z,-1173.87,194.43
2025-12-06T12:45:00.000Z,-1258.13,269.85
2025-12-06T13:00:00.000Z,-1365.78,301.9
2025-12-06T13:15:00.000Z,-1414.23,336.26
2025-12-06T13:30:00.000Z,-1292.96,353.15
2025-12-06T13:45:00.000Z,-1282.65,428.6
2025-12-06T14:00:00.000Z,-1399.48,522.81
2025-12-06T14:15:00.000Z,-1437.94,552.96
2025-12-06T14:30:00.000Z,-1380.55,607.14
2025-12-06T14:45:00.000Z,-1471.16,685.01
2025-12-06T15:00:00.000Z,-1501.42,813.82
2025-12-06T15:15:00.000Z,-1491.59,883.55
2025-12-06T15:30:00.000Z,-1510.55,934.68
2025-12-06T15:45:00.000Z,-1503.41,1014.43
2025-12-06T16:00:00.000Z,-1406.04,1106.69
2025-12-06T16:15:00.000Z,-1373.81,1144.01
2025-12-06T16:30:00.000Z,-1402.65,1191.96
2025-12-06T16:45:00.000Z,-1389.71,1197.38
2025-12-06T17:00:00.000Z,-1136.02,1192.54
2025-12-06T17:15:00.000Z,-1130.38,1185.78
2025-12-06T17:30:00.000Z,-1199.29,1197.4
2025-12-06T17:45:00.000Z,-1156.78,1197.59
2025-12-06T18:00:00.000Z,-1138.46,1197.47
2025-12-06T18:15:00.000Z,-1079.35,1197.13
2025-12-06T18:30:00.000Z,-1092.16,1197.44
2025-12-06T18:45:00.000Z,-1060.54,1197.26
2025-12-06T19:00:00.000Z,-997.53,1197.57
2025-12-06T19:15:00.000Z,-957.9,1197.46
2025-12-06T19:30:00.000Z,-1033.02,1197.34
2025-12-06T19:45:00.000Z,-844.55,1197.32
2025-12-06T20:00:00.000Z,-930.97,1197.22
2025-12-06T20:15:00.000Z,-1045.4,1197.35
2025-12-06T20:30:00.000Z,-1116.16,1196.62
2025-12-06T20:45:00.000Z,-1037.27,1196.02
2025-12-06T21:00:00.000Z,-862.81,1193.64
2025-12-06T21:15:00.000Z,-670.83,1181.09
2025-12-06T21:30:00.000Z,-674.34,1195.94
2025-12-06T21:45:00.000Z,-489.71,1197.28
2025-12-06T22:00:00.000Z,-531.77,1194.78
2025-12-06T22:15:00.000Z,-518.69,1191.8
2025-12-06T22:30:00.000Z,-435.14,1196.1
2025-12-06T22:45:00.000Z,-382.5,1180.59
2025-12-06T23:00:00.000Z,-192.83,1195.23
2025-12-06T23:15:00.000Z,-202.45,1197.42
2025-12-06T23:30:00.000Z,-73.23,1197.05
2025-12-06T23:45:00.000Z,-150.69,1197.49
2025-12-07T00:00:00.000Z,13.05,1197.67
2025-12-07T00:15:00.000Z,90.41,1197.4
2025-12-07T00:30:00.000Z,29.39,1197.29
2025-12-07T00:45:00.000Z,17.32,1197.65
2025-12-07T01:00:00.000Z,100.55,1197.53
2025-12-07T01:15:00.000Z,159.1,1197.51
2025-12-07T01:30:00.000Z,73.84,1197.32
2025-12-07T01:45:00.000Z,135.67,1197.56
2025-12-07T02:00:00.000Z,82.68,1197.38
2025-12-07T02:15:00.000Z,126.11,1197.41
2025-12-07T02:30:00.000Z,128.71,1197.47
2025-12-07T02:45:00.000Z,146.34,1196.04
2025-12-07T03:00:00.000Z,174.31,1193.53
2025-12-07T03:15:00.000Z,199.21,1195.59
2025-12-07T03:30:00.000Z,185.46,1197.18
2025-12-07T03:45:00.000Z,208.75,1197.3
2025-12-07T04:00:00.000Z,-62.94,1197.49
2025-12-07T04:15:00.000Z,-80.09,1197.25
2025-12-07T04:30:00.000Z,-176.91,1197.1
2025-12-07T04:45:00.000Z,-162.37,1197.39
2025-12-07T05:00:00.000Z,-156.25,1197.42
2025-12-07T05:15:00.000Z,-202.33,1197.42
2025-12-07T05:30:00.000Z,-322.36,1197.33
2025-12-07T05:45:00.000Z,-189.01,1197.16
2025-12-07T06:00:00.000Z,-408.26,1197.23
2025-12-07T06:15:00.000Z,-340.84,1197.53
2025-12-07T06:30:00.000Z,-310.69,1197.47
2025-12-07T06:45:00.000Z,-252.53,1197.2
2025-12-07T07:00:00.000Z,-405.4,1197.3
2025-12-07T07:15:00.000Z,-461.15,1197.29
2025-12-07T07:30:00.000Z,-370.38,1197.19
2025-12-07T07:45:00.000Z,-352.52,1197.49
2025-12-07T08:00:00.000Z,-497.34,1197.29
2025-12-07T08:15:00.000Z,-632.45,1197.49
2025-12-07T08:30:00.000Z,-648.2,1197.39
2025-12-07T08:45:00.000Z,-674.9,1197.11
2025-12-07T09:00:00.000Z,-747.29,1197.01
2025-12-07T09:15:00.000Z,-796.5,1196.89
2025-12-07T09:30:00.000Z,-893.55,1196.71
2025-12-07T09:45:00.000Z,-942.02,1196.89
2025-12-07T10:00:00.000Z,-936.45,1196.9
2025-12-07T10:15:00.000Z,-976.44,1197.03
2025-12-07T10:30:00.000Z,-957.71,1197.07
2025-12-07T10:45:00.000Z,-980.66,1196.88
2025-12-07T11:00:00.000Z,-923.2,1196.94
2025-12-07T11:15:00.000Z,-898.71,1196.46
2025-12-07T11:30:00.000Z,-1021.02,1196.15
2025-12-07T11:45:00.000Z,-963.09,1195.86
2025-12-07T12:00:00.000Z,-930.08,1193.81
2025-12-07T12:15:00.000Z,-948.2,1196.03
2025-12-07T12:30:00.000Z,-1027.13,1196.6
2025-12-07T12:45:00.000Z,-1036.94,1196.21
2025-12-07T13:00:00.000Z,-1061.21,1196.18
2025-12-07T13:15:00.000Z,-1008.42,1196.1
2025-12-07T13:30:00.000Z,-978.85,1195.26
2025-12-07T13:45:00.000Z,-993.56,1196.23
2025-12-07T14:00:00.000Z,-1011.66,1195.59
2025-12-07T14:15:00.000Z,-1060.19,1196.42
2025-12-07T14:30:00.000Z,-1107.44,1195.63
2025-12-07T14:45:00.000Z,-997.21,1194.62
2025-12-07T15:00:00.000Z,-996.95,1189.41
2025-12-07T15:15:00.000Z,-945.34,1188.1
2025-12-07T15:30:00.000Z,-863.18,1188.19
2025-12-07T15:45:00.000Z,-787.8,1188.87
2025-12-07T16:00:00.000Z,-915.17,1182.29
2025-12-07T16:15:00.000Z,-1021.15,1187.51
2025-12-07T16:30:00.000Z,-1102.3,1192.76
2025-12-07T16:45:00.000Z,-1115.01,1190.44
2025-12-07T17:00:00.000Z,-1190.35,1187.27
2025-12-07T17:15:00.000Z,-1175.11,1193.74
2025-12-07T17:30:00.000Z,-1170.52,1171.21
2025-12-07T17:45:00.000Z,-1180.56,1185.03
2025-12-07T18:00:00.000Z,-1079.32,1177.15
2025-12-07T18:15:00.000Z,-1076.36,1192.45
2025-12-07T18:30:00.000Z,-1102.62,1177.58
2025-12-07T18:45:00.000Z,-968.26,1183.62
2025-12-07T19:00:00.000Z,-1018.53,1195.53
2025-12-07T19:15:00.000Z,-994.96,1191.81
2025-12-07T19:30:00.000Z,-791.56,1133.3
2025-12-07T19:45:00.000Z,-812.37,1175.69
2025-12-07T20:00:00.000Z,-1061.97,1176.33
2025-12-07T20:15:00.000Z,-1096.88,1166.11
2025-12-07T20:30:00.000Z,-1068.17,1179.16
2025-12-07T20:45:00.000Z,-1190.45,1160.01
2025-12-07T21:00:00.000Z,-1231.96,1166.29
2025-12-07T21:15:00.000Z,-1173.04,1102.44
2025-12-07T21:30:00.000Z,-1103.49,1031.09
2025-12-07T21:45:00.000Z,-1071,1080.65
2025-12-07T22:00:00.000Z,-1264.99,1068.91
2025-12-07T22:15:00.000Z,-1193.22,957.33
2025-12-07T22:30:00.000Z,-1156.5,851.82
2025-12-07T22:45:00.000Z,-1453.24,985.44
2025-12-07T23:00:00.000Z,-1533.09,1090.21
2025-12-07T23:15:00.000Z,-1646.86,1067.48
2025-12-07T23:30:00.000Z,-1666.07,1143.41
2025-12-07T23:45:00.000Z,-1258.87,715.12
2025-12-08T00:00:00.000Z,-1791.53,1117.99
2025-12-08T00:15:00.000Z,-1939.24,1169.38
2025-12-08T00:30:00.000Z,-1877.55,1065.62
2025-12-08T00:45:00.000Z,-1873.87,1006.27
2025-12-08T01:00:00.000Z,-1868.72,998.59
2025-12-08T01:15:00.000Z,-1761.34,852.1
2025-12-08T01:30:00.000Z,-1783.05,850.64
2025-12-08T01:45:00.000Z,-1783.54,849.14
2025-12-08T02:00:00.000Z,-1596.42,642.32
2025-12-08T02:15:00.000Z,-1557.35,551.21
2025-12-08T02:30:00.000Z,-1457.21,449.48
2025-12-08T02:45:00.000Z,-1330.24,295.08
2025-12-08T03:00:00.000Z,-1760.59,518.15
2025-12-08T03:15:00.000Z,-1880.33,519.49
2025-12-08T03:30:00.000Z,-1872.65,522.64
2025-12-08T03:45:00.000Z,-1859.19,380.77
2025-12-08T04:00:00.000Z,-1522.18,24.47
2025-12-08T04:15:00.000Z,-1678.44,-14.07
2025-12-08T04:30:00.000Z,-1824.76,-110.04
2025-12-08T04:45:00.000Z,-1730.43,-233.23
2025-12-08T05:00:00.000Z,-1724.54,-52.89
2025-12-08T05:15:00.000Z,-1755.24,-62.37
2025-12-08T05:30:00.000Z,-1685.27,-76.1
2025-12-08T05:45:00.000Z,-1736.88,-14.98
2025-12-08T06:00:00.000Z,-1637.16,-65.98
2025-12-08T06:15:00.000Z,-1675.99,-51.12
2025-12-08T06:30:00.000Z,-1770.07,-13.68
2025-12-08T06:45:00.000Z,-1814.33,-13.18
2025-12-08T07:00:00.000Z,-1945.68,85.58
2025-12-08T07:15:00.000Z,-1918.53,111.6
2025-12-08T07:30:00.000Z,-1863.98,30.45
2025-12-08T07:45:00.000Z,-1886.02,26.56
2025-12-08T08:00:00.000Z,-1846.74,27.71
2025-12-08T08:15:00.000Z,-1828.45,-31.38
2025-12-08T08:30:00.000Z,-1713.5,-49.39
2025-12-08T08:45:00.000Z,-1769.49,-17.41
2025-12-08T09:00:00.000Z,-1836.97,-47.03
2025-12-08T09:15:00.000Z,-1637.89,-49.27
2025-12-08T09:30:00.000Z,-1660.95,-79.22
2025-12-08T09:45:00.000Z,-1904.33,-92.72
2025-12-08T10:00:00.000Z,-1964.58,-102.92
2025-12-08T10:15:00.000Z,-1889.89,-144.5
2025-12-08T10:30:00.000Z,-1917.57,-154.82
2025-12-08T10:45:00.000Z,-1800.33,-135.53
2025-12-08T11:00:00.000Z,-1963.11,-107.86
2025-12-08T11:15:00.000Z,-1952.46,-120.96
2025-12-08T11:30:00.000Z,-1906.17,-219.19
2025-12-08T11:45:00.000Z,-1923.71,-226.71
2025-12-08T12:00:00.000Z,-1910.14,-222.79
2025-12-08T12:15:00.000Z,-1925.06,-261.58
2025-12-08T12:30:00.000Z,-1965.32,-251.57
2025-12-08T12:45:00.000Z,-1985.43,-256.31
2025-12-08T13:00:00.000Z,-1934.77,-234.05
2025-12-08T13:15:00.000Z,-1927.3,-203.39
2025-12-08T13:30:00.000Z,-1984.85,-177.43
2025-12-08T13:45:00.000Z,-1820.87,-155.29
2025-12-08T14:00:00.000Z,-1613.55,-216.48
2025-12-08T14:15:00.000Z,-1597.63,-226.74
2025-12-08T14:30:00.000Z,-1649.51,-206.2
2025-12-08T14:45:00.000Z,-1884.73,-13.4
2025-12-08T15:00:00.000Z,-2015.48,120.42
2025-12-08T15:15:00.000Z,-1996.06,136.26
2025-12-08T15:30:00.000Z,-1983.61,177.42
2025-12-08T15:45:00.000Z,-1880.45,181.49
2025-12-08T16:00:00.000Z,-1886.81,343.61
2025-12-08T16:15:00.000Z,-1880.98,390.75
2025-12-08T16:30:00.000Z,-1946.73,392.63
2025-12-08T16:45:00.000Z,-1934.53,348.29
2025-12-08T17:00:00.000Z,-1732.95,143.07
2025-12-08T17:15:00.000Z,-1790.12,111.27
2025-12-08T17:30:00.000Z,-1779.23,67.83
2025-12-08T17:45:00.000Z,-1684.75,77.02
2025-12-08T18:00:00.000Z,-1710.3,138.44
2025-12-08T18:15:00.000Z,-1842.69,172.49
2025-12-08T18:30:00.000Z,-1813.82,111.3
2025-12-08T18:45:00.000Z,-1727.23,77.3
2025-12-08T19:00:00.000Z,-1790.22,118.18
2025-12-08T19:15:00.000Z,-1777.72,172.82
2025-12-08T19:30:00.000Z,-1736.07,204.28
2025-12-08T19:45:00.000Z,-1723.99,243.7
2025-12-08T20:00:00.000Z,-1803.5,169.45
2025-12-08T20:15:00.000Z,-1838.3,66.7
2025-12-08T20:30:00.000Z,-1784.02,-18.89
2025-12-08T20:45:00.000Z,-1730.15,33.08
2025-12-08T21:00:00.000Z,-1768.84,103.9
2025-12-08T21:15:00.000Z,-1770.83,228.12
2025-12-08T21:30:00.000Z,-1653.32,268.83
2025-12-08T21:45:00.000Z,-1611.32,320.64
2025-12-08T22:00:00.000Z,-1765.93,410.26
2025-12-08T22:15:00.000Z,-1884.24,460.44
2025-12-08T22:30:00.000Z,-1786.3,442.18
2025-12-08T22:45:00.000Z,-1710.6,431.33
2025-12-08T23:00:00.000Z,-1689.74,588.24
2025-12-08T23:15:00.000Z,-1746.99,737.35
2025-12-08T23:30:00.000Z,-1776.21,879.18
2025-12-08T23:45:00.000Z,-1728.84,882.54
2025-12-09T00:00:00.000Z,-1890.94,950.35
2025-12-09T00:15:00.000Z,-1900.14,995.12
2025-12-09T00:30:00.000Z,-1843.23,999.32
2025-12-09T00:45:00.000Z,-1810.82,977.13
2025-12-09T01:00:00.000Z,-1819.71,789.14
2025-12-09T01:15:00.000Z,-1851.01,752.7
2025-12-09T01:30:00.000Z,-1913.01,732.02
2025-12-09T01:45:00.000Z,-1908.17,711.98
2025-12-09T02:00:00.000Z,-1891.64,584.71
2025-12-09T02:15:00.000Z,-1919.17,531.55
2025-12-09T02:30:00.000Z,-1862.72,491.92
2025-12-09T02:45:00.000Z,-1908.24,405.47
2025-12-09T03:00:00.000Z,-1822.31,549.42
2025-12-09T03:15:00.000Z,-1562.06,552.28
2025-12-09T03:30:00.000Z,-1383,422.75
2025-12-09T03:45:00.000Z,-1346.31,152
2025-12-09T04:00:00.000Z,-1708.03,-37.35
2025-12-09T04:15:00.000Z,-1695.19,-154.71
2025-12-09T04:30:00.000Z,-1606.54,-236.49
2025-12-09T04:45:00.000Z,-1698.74,-247.32
2025-12-09T05:00:00.000Z,-1653.46,-356.24
2025-12-09T05:15:00.000Z,-1664.51,-367.65
2025-12-09T05:30:00.000Z,-1679.68,-439.31
2025-12-09T05:45:00.000Z,-1804.42,-463.91
2025-12-09T06:00:00.000Z,-1754.63,-381.63
2025-12-09T06:15:00.000Z,-1753.48,-446.74
2025-12-09T06:30:00.000Z,-1782.49,-359.83
2025-12-09T06:45:00.000Z,-1909.25,-301.61
2025-12-09T07:00:00.000Z,-1999.29,-182.29
2025-12-09T07:15:00.000Z,-1945.77,-158.65
2025-12-09T07:30:00.000Z,-1880.84,-153.52
2025-12-09T07:45:00.000Z,-1832.33,-118.24
2025-12-09T08:00:00.000Z,-1831.88,-56.99
2025-12-09T08:15:00.000Z,-1748.3,-118.26
2025-12-09T08:30:00.000Z,-1714.88,-153.22
2025-12-09T08:45:00.000Z,-1740.48,-212.18
2025-12-09T09:00:00.000Z,-1681.01,-650.57
2025-12-09T09:15:00.000Z,-1784.57,-724.18
2025-12-09T09:30:00.000Z,-1796.5,-781.06
2025-12-09T09:45:00.000Z,-1822.85,-823.64
2025-12-09T10:00:00.000Z,-1755.88,-902.04
2025-12-09T10:15:00.000Z,-1618.2,-992.3
2025-12-09T10:30:00.000Z,-1648.66,-1039.16
2025-12-09T10:45:00.000Z,-1908.08,-999.05
2025-12-09T11:00:00.000Z,-1884.4,-943.65
2025-12-09T11:15:00.000Z,-1778.19,-1045.73
2025-12-09T11:30:00.000Z,-1770.8,-1046.12
2025-12-09T11:45:00.000Z,-1790.52,-1040.68
2025-12-09T12:00:00.000Z,-1801.77,-975.54
2025-12-09T12:15:00.000Z,-1779.19,-989.62
2025-12-09T12:30:00.000Z,-1661.5,-1162.98
2025-12-09T12:45:00.000Z,-1589.2,-1162.57
2025-12-09T13:00:00.000Z,-1612.53,-1161.01
2025-12-09T13:15:00.000Z,-1684.64,-1159.74
2025-12-09T13:30:00.000Z,-1739.96,-1150.81
2025-12-09T13:45:00.000Z,-1789.74,-1093.85
2025-12-09T14:00:00.000Z,-1854.85,-1093.49
2025-12-09T14:15:00.000Z,-1896.77,-1069.15
2025-12-09T14:30:00.000Z,-1859.84,-1140.79
2025-12-09T14:45:00.000Z,-1788.85,-1142.33
2025-12-09T15:00:00.000Z,-1775.03,-1122.78
2025-12-09T15:15:00.000Z,-1799.48,-1158.42
2025-12-09T15:30:00.000Z,-1823.45,-1139.8
2025-12-09T15:45:00.000Z,-1717.43,-1110.92
2025-12-09T16:00:00.000Z,-1602.79,-994.08
2025-12-09T16:15:00.000Z,-1602.35,-988.26
2025-12-09T16:30:00.000Z,-1712.27,-973.3
2025-12-09T16:45:00.000Z,-1677.14,-1024.53
2025-12-09T17:00:00.000Z,-1728.12,-870.17
2025-12-09T17:15:00.000Z,-1756.73,-872.59
2025-12-09T17:30:00.000Z,-1722.32,-867.8
2025-12-09T17:45:00.000Z,-1725.62,-902.15
2025-12-09T18:00:00.000Z,-1612.33,-1086.72
2025-12-09T18:15:00.000Z,-1648.23,-1146.48
2025-12-09T18:30:00.000Z,-1644.29,-1141.08
2025-12-09T18:45:00.000Z,-1658.56,-1137.56
2025-12-09T19:00:00.000Z,-1817.95,-1095.16
2025-12-09T19:15:00.000Z,-1758.16,-1047.16
2025-12-09T19:30:00.000Z,-1749.6,-957.97
2025-12-09T19:45:00.000Z,-1757.71,-869.15
2025-12-09T20:00:00.000Z,-1675.71,-1107.88
2025-12-09T20:15:00.000Z,-1756.07,-1099.88
2025-12-09T20:30:00.000Z,-1921.09,-1094.81
2025-12-09T20:45:00.000Z,-1925.44,-1087.4
2025-12-09T21:00:00.000Z,-1824.36,-1112.17
2025-12-09T21:15:00.000Z,-1736.9,-1054.48
2025-12-09T21:30:00.000Z,-1704.49,-964.76
2025-12-09T21:45:00.000Z,-1813.59,-895.54
2025-12-09T22:00:00.000Z,-1773.94,-997.14
2025-12-09T22:15:00.000Z,-1784.03,-1016.79
2025-12-09T22:30:00.000Z,-1761.66,-1035.74
2025-12-09T22:45:00.000Z,-1880.66,-1161.89
2025-12-09T23:00:00.000Z,-1923.35,-1192.45
2025-12-09T23:15:00.000Z,-1975.32,-1193.84
2025-12-09T23:30:00.000Z,-1805.77,-1194.02
2025-12-09T23:45:00.000Z,-1742.96,-1193.94
2025-12-10T00:00:00.000Z,-1818.41,-1193.49
2025-12-10T00:15:00.000Z,-1857.42,-1193.68
2025-12-10T00:30:00.000Z,-1807.86,-1193.79
2025-12-10T00:45:00.000Z,-1732.58,-1193.79
2025-12-10T01:00:00.000Z,-1744.69,-1193.81
2025-12-10T01:15:00.000Z,-1861.38,-1193.94
2025-12-10T01:30:00.000Z,-1858.41,-1193.73
2025-12-10T01:45:00.000Z,-1835.56,-1193.92
2025-12-10T02:00:00.000Z,-1859.35,-1193.86
2025-12-10T02:15:00.000Z,-1916.98,-1193.74
2025-12-10T02:30:00.000Z,-1844.21,-1193.86
2025-12-10T02:45:00.000Z,-1769.82,-1193.66
2025-12-10T03:00:00.000Z,-1715.67,-1193.51
2025-12-10T03:15:00.000Z,-1826.95,-1193.53
2025-12-10T03:30:00.000Z,-2003.49,-1193.46
2025-12-10T03:45:00.000Z,-1798.19,-1193.71
2025-12-10T04:00:00.000Z,-1621.42,-1193.86
2025-12-10T04:15:00.000Z,-1783.68,-1193.68
2025-12-10T04:30:00.000Z,-1814.35,-1193.49
2025-12-10T04:45:00.000Z,-1828.7,-1193.42
2025-12-10T05:00:00.000Z,-1531.61,-1193.38
2025-12-10T05:15:00.000Z,-1569.54,-1193.35
2025-12-10T05:30:00.000Z,-1641.12,-1193.55
2025-12-10T05:45:00.000Z,-1675.43,-1193.52
2025-12-10T06:00:00.000Z,-1670.54,-1193.64
2025-12-10T06:15:00.000Z,-1654.74,-1193.53
2025-12-10T06:30:00.000Z,-1798.19,-1193.72
2025-12-10T06:45:00.000Z,-1758.55,-1193.51
2025-12-10T07:00:00.000Z,-1692.26,-1193.29
2025-12-10T07:15:00.000Z,-1742.08,-1192.99
2025-12-10T07:30:00.000Z,-1753.7,-1193.87
2025-12-10T07:45:00.000Z,-1885.03,-1193.62
2025-12-10T08:00:00.000Z,-1790.34,-1193.8
2025-12-10T08:15:00.000Z,-1667.8,-1193.84
2025-12-10T08:30:00.000Z,-1731.32,-1194.09
2025-12-10T08:45:00.000Z,-1668.29,-1193.64
2025-12-10T09:00:00.000Z,-1611.47,-1193.87
2025-12-10T09:15:00.000Z,-1506.59,-1193.81
2025-12-10T09:30:00.000Z,-1571.42,-1189.67
2025-12-10T09:45:00.000Z,-1628.84,-1139.4
2025-12-10T10:00:00.000Z,-1641.86,-1184.11
2025-12-10T10:15:00.000Z,-1827.02,-1152.63
2025-12-10T10:30:00.000Z,-1875.49,-1171.64
2025-12-10T10:45:00.000Z,-1865,-1180.53
2025-12-10T11:00:00.000Z,-2008,-1192.89
2025-12-10T11:15:00.000Z,-1954.59,-1189.72
2025-12-10T11:30:00.000Z,-1933.31,-1140.17
2025-12-10T11:45:00.000Z,-1961.73,-1095.59
2025-12-10T12:00:00.000Z,-1789.25,-1179.17
2025-12-10T12:15:00.000Z,-1739.81,-1165.8
2025-12-10T12:30:00.000Z,-1864.66,-1103.28
2025-12-10T12:45:00.000Z,-1696.85,-1069.38
2025-12-10T13:00:00.000Z,-1590.82,-1177.83
2025-12-10T13:15:00.000Z,-1724.78,-1192.09
2025-12-10T13:30:00.000Z,-1841.41,-1177.07
2025-12-10T13:45:00.000Z,-1784.8,-1187.04
2025-12-10T14:00:00.000Z,-1748.78,-1145.27
2025-12-10T14:15:00.000Z,-1773.11,-1044.12
2025-12-10T14:30:00.000Z,-1755.18,-1017.14
2025-12-10T14:45:00.000Z,-1708.56,-997.36
2025-12-10T15:00:00.000Z,-1802.49,-949.9
2025-12-10T15:15:00.000Z,-1827.48,-898.88
2025-12-10T15:30:00.000Z,-1804.72,-867.24
2025-12-10T15:45:00.000Z,-1874.69,-812.16
2025-12-10T16:00:00.000Z,-1962.69,-686.47
2025-12-10T16:15:00.000Z,-1885.17,-709.24
2025-12-10T16:30:00.000Z,-1970.09,-700.62
2025-12-10T16:45:00.000Z,-1942.85,-746.98
2025-12-10T17:00:00.000Z,-2072.11,-688.78
2025-12-10T17:15:00.000Z,-2000.85,-749.86
2025-12-10T17:30:00.000Z,-1795.43,-738.79
2025-12-10T17:45:00.000Z,-1593.07,-586.93
2025-12-10T18:00:00.000Z,-1602.13,-559.7
2025-12-10T18:15:00.000Z,-1705.67,-641.35
2025-12-10T18:30:00.000Z,-1773.64,-430.02
2025-12-10T18:45:00.000Z,-1904.2,-385.69
2025-12-10T19:00:00.000Z,-1802.43,-245.5
2025-12-10T19:15:00.000Z,-1745.86,-243.79
2025-12-10T19:30:00.000Z,-1620.49,-240.72
2025-12-10T19:45:00.000Z,-1626.81,-286.45
2025-12-10T20:00:00.000Z,-1864.05,-397.5
2025-12-10T20:15:00.000Z,-1930.7,-437.92
2025-12-10T20:30:00.000Z,-1882.49,-540.94
2025-12-10T20:45:00.000Z,-1653.61,-852.37
2025-12-10T21:00:00.000Z,-1404.63,-1158.22
2025-12-10T21:15:00.000Z,-1229.89,-1187.83
2025-12-10T21:30:00.000Z,-1163.66,-1165.23
2025-12-10T21:45:00.000Z,-1234.82,-1047.49
2025-12-10T22:00:00.000Z,-1818.02,-549.69
2025-12-10T22:15:00.000Z,-1680.84,-684.95
2025-12-10T22:30:00.000Z,-1302.06,-1058.46
2025-12-10T22:45:00.000Z,-1127.65,-1136.2
2025-12-10T23:00:00.000Z,-1635.33,-768.46
2025-12-10T23:15:00.000Z,-1323.04,-1026.02
2025-12-10T23:30:00.000Z,-1067.91,-1144.26
2025-12-10T23:45:00.000Z,-1221.33,-846.38
2025-12-11T00:00:00.000Z,-1089.02,-924.66
2025-12-11T00:15:00.000Z,-1228.53,-868.28
2025-12-11T00:30:00.000Z,-1166.24,-938.37
2025-12-11T00:45:00.000Z,-1374.11,-814.11
2025-12-11T01:00:00.000Z,-1761.75,-393.91
2025-12-11T01:15:00.000Z,-1973.52,-116.25
2025-12-11T01:30:00.000Z,-1944.48,-156.7
2025-12-11T01:45:00.000Z,-1839.46,-267.31
2025-12-11T02:00:00.000Z,-1793.81,-267.96
2025-12-11T02:15:00.000Z,-1850.36,-311.61
2025-12-11T02:30:00.000Z,-1876.23,-389.73
2025-12-11T02:45:00.000Z,-1973.85,-430.5
2025-12-11T03:00:00.000Z,-1867.51,-483.71
2025-12-11T03:15:00.000Z,-1830.53,-564.02
2025-12-11T03:30:00.000Z,-1853.83,-644.06
2025-12-11T03:45:00.000Z,-1848.47,-797.04
2025-12-11T04:00:00.000Z,-1715.42,-1010.35
2025-12-11T04:15:00.000Z,-1820.54,-1075.95
2025-12-11T04:30:00.000Z,-1911.86,-1107.22
2025-12-11T04:45:00.000Z,-1867.02,-1165.29
2025-12-11T05:00:00.000Z,-1836.26,-1189.91
2025-12-11T05:15:00.000Z,-1685.3,-1177.55
2025-12-11T05:30:00.000Z,-1784.32,-1149.89
2025-12-11T05:45:00.000Z,-1870.81,-1092.74
2025-12-11T06:00:00.000Z,-1784.53,-1129.77
2025-12-11T06:15:00.000Z,-1769.11,-1095.08
2025-12-11T06:30:00.000Z,-1864.62,-1046.83
2025-12-11T06:45:00.000Z,-1874.45,-1104.6
2025-12-11T07:00:00.000Z,-1839.39,-1152.43
2025-12-11T07:15:00.000Z,-1828.21,-1130.68
2025-12-11T07:30:00.000Z,-1879.68,-1158.31
2025-12-11T07:45:00.000Z,-1794.43,-1160.17
2025-12-11T08:00:00.000Z,-1807.53,-1112.31
2025-12-11T08:15:00.000Z,-1828.14,-1094.2
2025-12-11T08:30:00.000Z,-1801.7,-1119.45
2025-12-11T08:45:00.000Z,-1883.49,-1017.46
2025-12-11T09:00:00.000Z,-1856.92,-1105.56
2025-12-11T09:15:00.000Z,-1740.63,-1137.32
2025-12-11T09:30:00.000Z,-1670.14,-1089.95
2025-12-11T09:45:00.000Z,-1690.1,-1053.39
2025-12-11T10:00:00.000Z,-1771.13,-1118.84
2025-12-11T10:15:00.000Z,-1760.64,-1108.01
2025-12-11T10:30:00.000Z,-1692.59,-1071.49
2025-12-11T10:45:00.000Z,-1640.46,-1060.23
2025-12-11T11:00:00.000Z,-1624.01,-1020.99
2025-12-11T11:15:00.000Z,-1706.33,-978.09
2025-12-11T11:30:00.000Z,-1705.37,-980.13
2025-12-11T11:45:00.000Z,-1716.27,-966.55
2025-12-11T12:00:00.000Z,-1821.48,-1031.61
2025-12-11T12:15:00.000Z,-1825.39,-1028.24
2025-12-11T12:30:00.000Z,-1861.86,-999.31
2025-12-11T12:45:00.000Z,-1925.98,-997.93
2025-12-11T13:00:00.000Z,-1844.77,-978.09
2025-12-11T13:15:00.000Z,-1767.69,-1002.06
2025-12-11T13:30:00.000Z,-1768.12,-1004.92
2025-12-11T13:45:00.000Z,-1814.61,-1032.9
2025-12-11T14:00:00.000Z,-1788.54,-1022.37
2025-12-11T14:15:00.000Z,-1765.73,-1099.23
2025-12-11T14:30:00.000Z,-1739.2,-983.3
2025-12-11T14:45:00.000Z,-1731.01,-965.81
2025-12-11T15:00:00.000Z,-1672.89,-931.93
2025-12-11T15:15:00.000Z,-1846.56,-889.74
2025-12-11T15:30:00.000Z,-1822.77,-811.05
2025-12-11T15:45:00.000Z,-1792,-713.81
2025-12-11T16:00:00.000Z,-1822.18,-584.91
2025-12-11T16:15:00.000Z,-1691.13,-597.89
2025-12-11T16:30:00.000Z,-1853.06,-559.2
2025-12-11T16:45:00.000Z,-1910.45,-554.56
2025-12-11T17:00:00.000Z,-1769.1,-670.21
2025-12-11T17:15:00.000Z,-1875.93,-677.61
2025-12-11T17:30:00.000Z,-1811.63,-656.7
2025-12-11T17:45:00.000Z,-1828.96,-705.89
2025-12-11T18:00:00.000Z,-1780.44,-811.16
2025-12-11T18:15:00.000Z,-1764.78,-798.08
2025-12-11T18:30:00.000Z,-1562.75,-778.29
2025-12-11T18:45:00.000Z,-1723.18,-731.33
2025-12-11T19:00:00.000Z,-1632.39,-730.56
2025-12-11T19:15:00.000Z,-1630.06,-595.35
2025-12-11T19:30:00.000Z,-1701.77,-473.67
2025-12-11T19:45:00.000Z,-1564.12,-449.73
2025-12-11T20:00:00.000Z,-1588.27,-550.98
2025-12-11T20:15:00.000Z,-1679.81,-547.22
2025-12-11T20:30:00.000Z,-1626.15,-551.76
2025-12-11T20:45:00.000Z,-1599.28,-525.28
2025-12-11T21:00:00.000Z,-1593.48,-447.88
2025-12-11T21:15:00.000Z,-1494.01,-444.53
2025-12-11T21:30:00.000Z,-1530.12,-356.23
2025-12-11T21:45:00.000Z,-1712.1,-134.21
2025-12-11T22:00:00.000Z,-1672.51,-70.41
2025-12-11T22:15:00.000Z,-1703.77,18.36
2025-12-11T22:30:00.000Z,-1775.69,52.14
2025-12-11T22:45:00.000Z,-1783.8,49.48
2025-12-11T23:00:00.000Z,-1461.08,-362.29
2025-12-11T23:15:00.000Z,-1247.73,-453.92
2025-12-11T23:30:00.000Z,-1276.95,-409.85
2025-12-11T23:45:00.000Z,-1354.87,-233.29
2025-12-12T00:00:00.000Z,-1393.22,-400.08
2025-12-12T00:15:00.000Z,-1274.27,-386.72
2025-12-12T00:30:00.000Z,-1166.68,-147.91
2025-12-12T00:45:00.000Z,-1201.8,-90.88
2025-12-12T01:00:00.000Z,-1292.64,-53.92
2025-12-12T01:15:00.000Z,-1318.54,30.97
2025-12-12T01:30:00.000Z,-1317.88,14.5
2025-12-12T01:45:00.000Z,-957.63,-259.12
2025-12-12T02:00:00.000Z,-484.13,-815.09
2025-12-12T02:15:00.000Z,-88.67,-1167.65
2025-12-12T02:30:00.000Z,-73.81,-1192.98
2025-12-12T02:45:00.000Z,-222.52,-1128.8
2025-12-12T03:00:00.000Z,-884.41,-592.56
2025-12-12T03:15:00.000Z,-1202.15,-302.89
2025-12-12T03:30:00.000Z,-918.5,-652.65
2025-12-12T03:45:00.000Z,-501.27,-1131.61
2025-12-12T04:00:00.000Z,-607.51,-1176.74
2025-12-12T04:15:00.000Z,-747.55,-1136.76
2025-12-12T04:30:00.000Z,-868.57,-1080.83
2025-12-12T04:45:00.000Z,-951.38,-995.96
2025-12-12T05:00:00.000Z,-928.39,-838.86
2025-12-12T05:15:00.000Z,-851.18,-760.24
2025-12-12T05:30:00.000Z,-872.25,-694.22
2025-12-12T05:45:00.000Z,-940.59,-613.9
2025-12-12T06:00:00.000Z,-1132.66,-514.81
2025-12-12T06:15:00.000Z,-1190.43,-448
2025-12-12T06:30:00.000Z,-1303.65,-390.37
2025-12-12T06:45:00.000Z,-1341.71,-342.84
2025-12-12T07:00:00.000Z,-1490.47,-298
2025-12-12T07:15:00.000Z,-1394.58,-291.38
2025-12-12T07:30:00.000Z,-1177.41,-297.48
2025-12-12T07:45:00.000Z,-1165.05,-288.62
2025-12-12T08:00:00.000Z,-1215.03,-238.5
2025-12-12T08:15:00.000Z,-1272.28,-238.87
2025-12-12T08:30:00.000Z,-1329.64,-242.53
2025-12-12T08:45:00.000Z,-1386.02,-256.87
2025-12-12T09:00:00.000Z,-1498.09,-336.52
2025-12-12T09:15:00.000Z,-1600.64,-342.81
2025-12-12T09:30:00.000Z,-1507.16,-344.41
2025-12-12T09:45:00.000Z,-1538.92,-353.72
2025-12-12T10:00:00.000Z,-1609.54,-338.96
2025-12-12T10:15:00.000Z,-1669.52,-329.79
2025-12-12T10:30:00.000Z,-1725.22,-318.77
2025-12-12T10:45:00.000Z,-1669.87,-285.27
2025-12-12T11:00:00.000Z,-1458.3,-284
2025-12-12T11:15:00.000Z,-1184.77,-308.34
2025-12-12T11:30:00.000Z,-1165.11,-322.93
2025-12-12T11:45:00.000Z,-1115.66,-303.07
2025-12-12T12:00:00.000Z,-1227.49,-112.28
2025-12-12T12:15:00.000Z,-1265.79,-98.44
2025-12-12T12:30:00.000Z,-1302.57,-104.2
2025-12-12T12:45:00.000Z,-1334.89,-89.14
2025-12-12T13:00:00.000Z,-1332.32,-8.97
2025-12-12T13:15:00.000Z,-1414.7,0.7
2025-12-12T13:30:00.000Z,-1472.05,0.7
2025-12-12T13:45:00.000Z,-1522.78,-1.82
2025-12-12T14:00:00.000Z,-1517.06,-49.65
2025-12-12T14:15:00.000Z,-1352.16,-44.25
2025-12-12T14:30:00.000Z,-1355.32,-51.03
2025-12-12T14:45:00.000Z,-1297.85,-81.02
2025-12-12T15:00:00.000Z,-1250.03,-203.54
2025-12-12T15:15:00.000Z,-1248.12,-205.31
2025-12-12T15:30:00.000Z,-1227.6,-204.51
2025-12-12T15:45:00.000Z,-1177.18,-175.18
2025-12-12T16:00:00.000Z,-1340.02,-12.66
2025-12-12T16:15:00.000Z,-1406.23,0.7
2025-12-12T16:30:00.000Z,-1460.3,0.7
2025-12-12T16:45:00.000Z,-1472.05,-33.85
2025-12-12T17:00:00.000Z,-1353.46,-88.31
2025-12-12T17:15:00.000Z,-1399.64,-103.24
2025-12-12T17:30:00.000Z,-1381.62,-105.86
2025-12-12T17:45:00.000Z,-1387.08,-125.97
2025-12-12T18:00:00.000Z,-1493.26,-219.73
2025-12-12T18:15:00.000Z,-1519.19,-241.18
2025-12-12T18:30:00.000Z,-1463.65,-256.27
2025-12-12T18:45:00.000Z,-1484.74,-317.94
2025-12-12T19:00:00.000Z,-1241.37,-649.24
2025-12-12T19:15:00.000Z,-1144.31,-711.22
2025-12-12T19:30:00.000Z,-1078.97,-759.4
2025-12-12T19:45:00.000Z,-962.16,-792.24
2025-12-12T20:00:00.000Z,-1172.25,-755.8
2025-12-12T20:15:00.000Z,-1263.79,-785.46
2025-12-12T20:30:00.000Z,-1202.05,-820.78
2025-12-12T20:45:00.000Z,-1240.46,-864.3
2025-12-12T21:00:00.000Z,-1280.82,-969.68
2025-12-12T21:15:00.000Z,-1233.59,-1002.58
2025-12-12T21:30:00.000Z,-1144.69,-1031.62
2025-12-12T21:45:00.000Z,-1124.29,-1026.03
2025-12-12T22:00:00.000Z,-1294.35,-882.51
2025-12-12T22:15:00.000Z,-1301.51,-894.03
2025-12-12T22:30:00.000Z,-1291.87,-925.71
2025-12-12T22:45:00.000Z,-1261.69,-959.92
2025-12-12T23:00:00.000Z,-1396.98,-769.45
2025-12-12T23:15:00.000Z,-1455.48,-747.37
2025-12-12T23:30:00.000Z,-1450.59,-756.58
2025-12-12T23:45:00.000Z,-1407.01,-764.28
2025-12-13T00:00:00.000Z,-1489.93,-751.39
2025-12-13T00:15:00.000Z,-1459.61,-758.03
2025-12-13T00:30:00.000Z,-1544.95,-764.69
2025-12-13T00:45:00.000Z,-1617.9,-807.52
2025-12-13T01:00:00.000Z,-1607.85,-1038.76
2025-12-13T01:15:00.000Z,-1662.62,-1072.05
2025-12-13T01:30:00.000Z,-1705.2,-1080.42
2025-12-13T01:45:00.000Z,-1657.03,-1091.36
2025-12-13T02:00:00.000Z,-1342.06,-1182.46
2025-12-13T02:15:00.000Z,-1255.88,-1193.5
2025-12-13T02:30:00.000Z,-1266.25,-1193.58
2025-12-13T02:45:00.000Z,-1308.83,-1193.6
2025-12-13T03:00:00.000Z,-1533.41,-1193.5
2025-12-13T03:15:00.000Z,-1631.38,-1193.23
2025-12-13T03:30:00.000Z,-1680.14,-1193.47
2025-12-13T03:45:00.000Z,-1681.13,-1193.19
2025-12-13T04:00:00.000Z,-1645.57,-1193.3
2025-12-13T04:15:00.000Z,-1680.47,-1193.35
2025-12-13T04:30:00.000Z,-1774.96,-1192.77
2025-12-13T04:45:00.000Z,-1811.64,-1193.38
2025-12-13T05:00:00.000Z,-1644.05,-1193.34
2025-12-13T05:15:00.000Z,-1701.08,-1193.34
2025-12-13T05:30:00.000Z,-1811.09,-1193.05
2025-12-13T05:45:00.000Z,-1804.37,-1185.15
2025-12-13T06:00:00.000Z,-1840.66,-1080.88
2025-12-13T06:15:00.000Z,-1857.08,-1042.28
2025-12-13T06:30:00.000Z,-1903.09,-1014.79
2025-12-13T06:45:00.000Z,-1899.43,-987.76
2025-12-13T07:00:00.000Z,-1908.61,-935.84
2025-12-13T07:15:00.000Z,-1871.28,-908.96
2025-12-13T07:30:00.000Z,-1835.03,-885.18
2025-12-13T07:45:00.000Z,-1921.93,-843.4
2025-12-13T08:00:00.000Z,-2065.66,-750.61
2025-12-13T08:15:00.000Z,-1914.16,-718.43
2025-12-13T08:30:00.000Z,-1843.17,-725.64
2025-12-13T08:45:00.000Z,-1822.72,-698.43
2025-12-13T09:00:00.000Z,-1691.07,-765.78
2025-12-13T09:15:00.000Z,-1734.35,-728.4
2025-12-13T09:30:00.000Z,-1605.95,-712.97
2025-12-13T09:45:00.000Z,-1526.22,-674.66
2025-12-13T10:00:00.000Z,-1765.47,-702.6
2025-12-13T10:15:00.000Z,-1815.29,-676.36
2025-12-13T10:30:00.000Z,-1823.31,-635.52
2025-12-13T10:45:00.000Z,-1861.84,-563.45
2025-12-13T11:00:00.000Z,-1802.67,-287.49
2025-12-13T11:15:00.000Z,-1799.93,-272.04
2025-12-13T11:30:00.000Z,-1832.45,-274.32
2025-12-13T11:45:00.000Z,-1791.31,-260.62
2025-12-13T12:00:00.000Z,-1660.78,-244.56
2025-12-13T12:15:00.000Z,-1728.15,-236.8
2025-12-13T12:30:00.000Z,-1813.57,-222.83
2025-12-13T12:45:00.000Z,-1805.36,-214.64
2025-12-13T13:00:00.000Z,-1752.43,-229.11
2025-12-13T13:15:00.000Z,-1876.63,-188.17
2025-12-13T13:30:00.000Z,-1806.2,-149.78
2025-12-13T13:45:00.000Z,-1669.75,-135.67
2025-12-13T14:00:00.000Z,-1672.2,-114.26
2025-12-13T14:15:00.000Z,-1668.58,-92.67
2025-12-13T14:30:00.000Z,-1571.48,-84.86
2025-12-13T14:45:00.000Z,-1537.3,-81.06
2025-12-13T15:00:00.000Z,-1501.84,-289.74
2025-12-13T15:15:00.000Z,-1620.15,-318.28
2025-12-13T15:30:00.000Z,-1681.79,-314.91
2025-12-13T15:45:00.000Z,-1624.04,-309.96
2025-12-13T16:00:00.000Z,-1601.06,-294.49
2025-12-13T16:15:00.000Z,-1577.22,-305.05
2025-12-13T16:30:00.000Z,-1599.01,-322.03
2025-12-13T16:45:00.000Z,-1465.53,-352.62
2025-12-13T17:00:00.000Z,-1474.27,-384.28
2025-12-13T17:15:00.000Z,-1592.93,-397.8
2025-12-13T17:30:00.000Z,-1407.44,-422.83
2025-12-13T17:45:00.000Z,-1438.61,-438.35
2025-12-13T18:00:00.000Z,-1208.57,-563.59
2025-12-13T18:15:00.000Z,-1174.06,-590.03
2025-12-13T18:30:00.000Z,-1105.83,-602.88
2025-12-13T18:45:00.000Z,-851.86,-631.04
2025-12-13T19:00:00.000Z,-743.19,-684.12
2025-12-13T19:15:00.000Z,-749.31,-710.07
2025-12-13T19:30:00.000Z,-565.89,-736.43
2025-12-13T19:45:00.000Z,-510.37,-751.95
2025-12-13T20:00:00.000Z,-900.79,-614.63
2025-12-13T20:15:00.000Z,-844.85,-540.99
2025-12-13T20:30:00.000Z,-1356.78,-128.11
2025-12-13T20:45:00.000Z,-1489.19,38.5
2025-12-13T21:00:00.000Z,-1043.46,-154.85
2025-12-13T21:15:00.000Z,-1060.73,-67.75
2025-12-13T21:30:00.000Z,-1059.63,-124.34
2025-12-13T21:45:00.000Z,-1170.7,42.67
2025-12-13T22:00:00.000Z,-1726.9,593.5
2025-12-13T22:15:00.000Z,-1788.42,678.08
2025-12-13T22:30:00.000Z,-1728.27,723.35
2025-12-13T22:45:00.000Z,-1737.67,784.15
2025-12-13T23:00:00.000Z,-1240.26,533.83
2025-12-13T23:15:00.000Z,-1168,524.95
2025-12-13T23:30:00.000Z,-1236.09,547.05
2025-12-13T23:45:00.000Z,-1342.17,591.76
2025-12-14T00:00:00.000Z,-1440.78,644.04
2025-12-14T00:15:00.000Z,-1527.56,691.05
2025-12-14T00:30:00.000Z,-1597.1,732.36
2025-12-14T00:45:00.000Z,-1579.15,814.88
2025-12-14T01:00:00.000Z,-1619.41,851.76
2025-12-14T01:15:00.000Z,-1639.52,851.43
2025-12-14T01:30:00.000Z,-1780.3,854.48
2025-12-14T01:45:00.000Z,-1896.22,899.01
2025-12-14T02:00:00.000Z,-1769.99,836.64
2025-12-14T02:15:00.000Z,-1744.41,860.82
2025-12-14T02:30:00.000Z,-1617.34,863.33
2025-12-14T02:45:00.000Z,-1650.84,894.9
2025-12-14T03:00:00.000Z,-1502.57,685.89
2025-12-14T03:15:00.000Z,-1495.97,752.56
2025-12-14T03:30:00.000Z,-1547.83,802.94
2025-12-14T03:45:00.000Z,-1598.44,834.7
2025-12-14T04:00:00.000Z,-1532.56,688.75
2025-12-14T04:15:00.000Z,-1549.9,654.61
2025-12-14T04:30:00.000Z,-1552.83,703.39
2025-12-14T04:45:00.000Z,-1504,702.78
2025-12-14T05:00:00.000Z,-1427.79,776.09
2025-12-14T05:15:00.000Z,-1429.16,802.72
2025-12-14T05:30:00.000Z,-1513.29,852.62
2025-12-14T05:45:00.000Z,-1506.29,894.67
2025-12-14T06:00:00.000Z,-1662.44,961.09
2025-12-14T06:15:00.000Z,-1703.88,977.18
2025-12-14T06:30:00.000Z,-1670.91,1026.94
2025-12-14T06:45:00.000Z,-1623.68,997.43
2025-12-14T07:00:00.000Z,-1459.67,964.71
2025-12-14T07:15:00.000Z,-1186.18,888.93
2025-12-14T07:30:00.000Z,-1210.23,937.89
2025-12-14T07:45:00.000Z,-1334.42,982.53
2025-12-14T08:00:00.000Z,-1153.14,748.05
2025-12-14T08:15:00.000Z,-1035.43,716.37
2025-12-14T08:30:00.000Z,-941.4,743.89
2025-12-14T08:45:00.000Z,-1006.52,721.94
2025-12-14T09:00:00.000Z,-1077.81,681.71
2025-12-14T09:15:00.000Z,-1100.96,676.28
2025-12-14T09:30:00.000Z,-1123.89,687.6
2025-12-14T09:45:00.000Z,-1150.86,684.27
2025-12-14T10:00:00.000Z,-1169.53,602.26
2025-12-14T10:15:00.000Z,-1206.36,622.99
2025-12-14T10:30:00.000Z,-1170.49,629.88
2025-12-14T10:45:00.000Z,-1021.54,589.89
2025-12-14T11:00:00.000Z,-946.72,519.19
2025-12-14T11:15:00.000Z,-943.35,477.33
2025-12-14T11:30:00.000Z,-910.42,506.08
2025-12-14T11:45:00.000Z,-934.94,521.09
2025-12-14T12:00:00.000Z,-805.5,463.81
2025-12-14T12:15:00.000Z,-827.24,576.63
2025-12-14T12:30:00.000Z,-973.11,626.4
2025-12-14T12:45:00.000Z,-1232.64,667.48
2025-12-14T13:00:00.000Z,-1230.29,679.99
2025-12-14T13:15:00.000Z,-1308.78,622.88
2025-12-14T13:30:00.000Z,-1458.15,586.82
2025-12-14T13:45:00.000Z,-1443.38,515.24
2025-12-14T14:00:00.000Z,-1467.23,627.15
2025-12-14T14:15:00.000Z,-1479.43,621.96
2025-12-14T14:30:00.000Z,-1310.44,573.59
2025-12-14T14:45:00.000Z,-1370.94,571.41
2025-12-14T15:00:00.000Z,-1392.91,616.48
2025-12-14T15:15:00.000Z,-1523.51,568.23
2025-12-14T15:30:00.000Z,-1471.36,610.78
2025-12-14T15:45:00.000Z,-1560.14,558.5
2025-12-14T16:00:00.000Z,-1767.11,572.02
2025-12-14T16:15:00.000Z,-1641.85,506.41
2025-12-14T16:30:00.000Z,-1688.45,498.01
2025-12-14T16:45:00.000Z,-1739.04,498.19
2025-12-14T17:00:00.000Z,-1822.53,499.48
2025-12-14T17:15:00.000Z,-1729.23,511.4
2025-12-14T17:30:00.000Z,-1720.65,432.01
2025-12-14T17:45:00.000Z,-1898.06,369.34
2025-12-14T18:00:00.000Z,-1878.8,452.82
2025-12-14T18:15:00.000Z,-1762.32,461.37
2025-12-14T18:30:00.000Z,-1760.88,443.11
2025-12-14T18:45:00.000Z,-1737.54,440.96
2025-12-14T19:00:00.000Z,-1751.16,431.83
2025-12-14T19:15:00.000Z,-1885.11,424.17
2025-12-14T19:30:00.000Z,-1790.43,288.78
2025-12-14T19:45:00.000Z,-1775.64,149.29
2025-12-14T20:00:00.000Z,-1982.27,-69.08
2025-12-14T20:15:00.000Z,-2021.76,-301.06
2025-12-14T20:30:00.000Z,-1795.14,-427.56
2025-12-14T20:45:00.000Z,-1715.54,-577.23
2025-12-14T21:00:00.000Z,-1829.29,-703.76
2025-12-14T21:15:00.000Z,-1825.31,-644.18
2025-12-14T21:30:00.000Z,-1867.07,-655.66
2025-12-14T21:45:00.000Z,-1881.39,-637.61
2025-12-14T22:00:00.000Z,-1936.06,-678.27
2025-12-14T22:15:00.000Z,-1862.07,-819.37
2025-12-14T22:30:00.000Z,-1712.37,-830.41
2025-12-14T22:45:00.000Z,-1837.26,-738.92
2025-12-14T23:00:00.000Z,-1834.94,-747.32
2025-12-14T23:15:00.000Z,-1892.11,-842.45
2025-12-14T23:30:00.000Z,-2023.39,-899.66
2025-12-14T23:45:00.000Z,-1946.38,-926.37
2025-12-15T00:00:00.000Z,-1774.34,-1038.1
2025-12-15T00:15:00.000Z,-1772.83,-1073.69
2025-12-15T00:30:00.000Z,-1897.14,-1085.4
2025-12-15T00:45:00.000Z,-1987.21,-1114.19
2025-12-15T01:00:00.000Z,-1914.04,-1184.18
2025-12-15T01:15:00.000Z,-1772.87,-1193.35
2025-12-15T01:30:00.000Z,-1712.99,-1193.3
2025-12-15T01:45:00.000Z,-1728.85,-1193.78
2025-12-15T02:00:00.000Z,-1806.33,-1190.13
2025-12-15T02:15:00.000Z,-1895.14,-1154.51
2025-12-15T02:30:00.000Z,-1965.33,-1189.21
2025-12-15T02:45:00.000Z,-1984.32,-1192.29
2025-12-15T03:00:00.000Z,-2059.72,-1184.26
2025-12-15T03:15:00.000Z,-1997.3,-1183.06
2025-12-15T03:30:00.000Z,-1982.78,-1148.65
2025-12-15T03:45:00.000Z,-1958.45,-1043.96
2025-12-15T04:00:00.000Z,-1728.78,-979.5
2025-12-15T04:15:00.000Z,-1785.31,-1168.78
2025-12-15T04:30:00.000Z,-1912.88,-1193.28
2025-12-15T04:45:00.000Z,-1855.32,-1192.9
2025-12-15T05:00:00.000Z,-1612.38,-1193.6
2025-12-15T05:15:00.000Z,-1605.59,-1193.4
2025-12-15T05:30:00.000Z,-1790.52,-1193.22
2025-12-15T05:45:00.000Z,-1963.58,-1183.89
2025-12-15T06:00:00.000Z,-1915.81,-1056.79
2025-12-15T06:15:00.000Z,-1783.69,-1001.17
2025-12-15T06:30:00.000Z,-1742.92,-962.17
2025-12-15T06:45:00.000Z,-1782.72,-939.13
2025-12-15T07:00:00.000Z,-1580.65,-1001.16
2025-12-15T07:15:00.000Z,-1418.62,-1000.78
2025-12-15T07:30:00.000Z,-1314.04,-995.8
2025-12-15T07:45:00.000Z,-1168.17,-1007.7
2025-12-15T08:00:00.000Z,-1203.89,-1172.32
2025-12-15T08:15:00.000Z,-1400.92,-1193.1
2025-12-15T08:30:00.000Z,-1379.44,-1193.31
2025-12-15T08:45:00.000Z,-1320.97,-1193.82
2025-12-15T09:00:00.000Z,-1330.47,-1193.27
2025-12-15T09:15:00.000Z,-1390.31,-1193.13
2025-12-15T09:30:00.000Z,-1437.92,-1193.24
2025-12-15T09:45:00.000Z,-1479.39,-1186.13
2025-12-15T10:00:00.000Z,-596.88,-1094.59
2025-12-15T10:15:00.000Z,-258.06,-1077.38
2025-12-15T10:30:00.000Z,-169.06,-1070.41
2025-12-15T10:45:00.000Z,-382.46,-1072.37
2025-12-15T11:00:00.000Z,-848.18,-1133.37
2025-12-15T11:15:00.000Z,-1047.1,-1133.54
2025-12-15T11:30:00.000Z,-1098.14,-1110.68
2025-12-15T11:45:00.000Z,-1064.97,-1084.52
2025-12-15T12:00:00.000Z,-1391.07,-943.54
2025-12-15T12:15:00.000Z,-1324.5,-908.8
2025-12-15T12:30:00.000Z,-1253.9,-903.16
2025-12-15T12:45:00.000Z,-1130.03,-907.33
2025-12-15T13:00:00.000Z,-657.51,-1161.18
2025-12-15T13:15:00.000Z,-604.34,-1088.84
2025-12-15T13:30:00.000Z,-741.26,-968.98
2025-12-15T13:45:00.000Z,-739.97,-896.26
2025-12-15T14:00:00.000Z,-805.29,-896.51
2025-12-15T14:15:00.000Z,-785.29,-896.24
2025-12-15T14:30:00.000Z,-819.23,-896.44
2025-12-15T14:45:00.000Z,-878.66,-896.3
2025-12-15T15:00:00.000Z,-772.3,-896.41
2025-12-15T15:15:00.000Z,-786.75,-896.57
2025-12-15T15:30:00.000Z,-652.89,-896.5
2025-12-15T15:45:00.000Z,-739.8,-877.92
2025-12-15T16:00:00.000Z,-936.82,-817.6
2025-12-15T16:15:00.000Z,-934.07,-821.04
2025-12-15T16:30:00.000Z,-988.28,-822.91
2025-12-15T16:45:00.000Z,-997.17,-843.74
2025-12-15T17:00:00.000Z,-939.03,-992.44
2025-12-15T17:15:00.000Z,-1140.12,-993.8
2025-12-15T17:30:00.000Z,-1144.93,-993.55
2025-12-15T17:45:00.000Z,-1267.03,-993.63
2025-12-15T18:00:00.000Z,-1446.9,-993.57
2025-12-15T18:15:00.000Z,-1434.71,-993.55
2025-12-15T18:30:00.000Z,-1319.78,-993.53
2025-12-15T18:45:00.000Z,-1242.74,-993.62
2025-12-15T19:00:00.000Z,-810.9,-993.73
2025-12-15T19:15:00.000Z,-883.82,-993.52
2025-12-15T19:30:00.000Z,-819.33,-993.59
2025-12-15T19:45:00.000Z,-715.01,-993.75
2025-12-15T20:00:00.000Z,-951.36,-993.6
2025-12-15T20:15:00.000Z,-1083.99,-993.91
2025-12-15T20:30:00.000Z,-1113.84,-993.95
2025-12-15T20:45:00.000Z,-1201.58,-993.76
2025-12-15T21:00:00.000Z,-1283.99,-993.82
2025-12-15T21:15:00.000Z,-1235.68,-993.82
2025-12-15T21:30:00.000Z,-1105.34,-994.09
2025-12-15T21:45:00.000Z,-951.76,-1014.85
2025-12-15T22:00:00.000Z,-864.01,-1189.55
2025-12-15T22:15:00.000Z,-904.4,-1193.63
2025-12-15T22:30:00.000Z,-1033.03,-1193.34
2025-12-15T22:45:00.000Z,-989.06,-1193.54
2025-12-15T23:00:00.000Z,-1374.88,-1193.51
2025-12-15T23:15:00.000Z,-1455.65,-1193.67
2025-12-15T23:30:00.000Z,-1363.11,-1193.51
2025-12-15T23:45:00.000Z,-1490.11,-1193.56
2025-12-16T00:00:00.000Z,-1494.59,-1193.33
2025-12-16T00:15:00.000Z,-1486.59,-1193.69
2025-12-16T00:30:00.000Z,-1558.69,-1193.68
2025-12-16T00:45:00.000Z,-1480.89,-1193.93
2025-12-16T01:00:00.000Z,-1484.1,-1194.14
2025-12-16T01:15:00.000Z,-1395.39,-1194.21
2025-12-16T01:30:00.000Z,-1397.12,-1193.73
2025-12-16T01:45:00.000Z,-1437.52,-1193.77
2025-12-16T02:00:00.000Z,-1384.88,-1193.34
2025-12-16T02:15:00.000Z,-1350.46,-1193.46
2025-12-16T02:30:00.000Z,-1339.57,-1193.61
2025-12-16T02:45:00.000Z,-1389.19,-1193.37
2025-12-16T03:00:00.000Z,-1463.92,-1193.58
2025-12-16T03:15:00.000Z,-1432.93,-1193.68
2025-12-16T03:30:00.000Z,-1521.01,-1193.35
2025-12-16T03:45:00.000Z,-1601.55,-1193.43
2025-12-16T04:00:00.000Z,-1758.04,-1193.46
2025-12-16T04:15:00.000Z,-1918.93,-1193.6
2025-12-16T04:30:00.000Z,-1968.54,-1193.59
2025-12-16T04:45:00.000Z,-1826.69,-1193.32
2025-12-16T05:00:00.000Z,-1771.52,-1193.26
2025-12-16T05:15:00.000Z,-1780.02,-1193.27
2025-12-16T05:30:00.000Z,-1852.33,-1193.41
2025-12-16T05:45:00.000Z,-1833.09,-1192.05
2025-12-16T06:00:00.000Z,-1649.58,-1185.63
2025-12-16T06:15:00.000Z,-1710.66,-1142.98
2025-12-16T06:30:00.000Z,-1827.06,-1108.63
2025-12-16T06:45:00.000Z,-1844.22,-1087.18
2025-12-16T07:00:00.000Z,-1815.28,-1180.71
2025-12-16T07:15:00.000Z,-1711.2,-1191.47
2025-12-16T07:30:00.000Z,-1574.36,-1169.86
2025-12-16T07:45:00.000Z,-1494.71,-1167.71
2025-12-16T08:00:00.000Z,-1485.58,-1182.34
2025-12-16T08:15:00.000Z,-1517.54,-1175.58
2025-12-16T08:30:00.000Z,-1615.81,-1165
2025-12-16T08:45:00.000Z,-1554.93,-1157.19
2025-12-16T09:00:00.000Z,-1410.39,-1188.85
2025-12-16T09:15:00.000Z,-1327.62,-1193.32
2025-12-16T09:30:00.000Z,-1363.9,-1193
2025-12-16T09:45:00.000Z,-1397.48,-1188.54
2025-12-16T10:00:00.000Z,-1409.36,-1125
2025-12-16T10:15:00.000Z,-1408.97,-1114.58
2025-12-16T10:30:00.000Z,-1311.97,-1105.03
2025-12-16T10:45:00.000Z,-1408.48,-1105.94
2025-12-16T11:00:00.000Z,-1516.48,-1145.25
2025-12-16T11:15:00.000Z,-1486.63,-1141.85
2025-12-16T11:30:00.000Z,-1364.04,-1145.96
2025-12-16T11:45:00.000Z,-1244.67,-1155.85
2025-12-16T12:00:00.000Z,-1379.23,-1124.97
2025-12-16T12:15:00.000Z,-1361.66,-1120.97
2025-12-16T12:30:00.000Z,-1305.5,-1118.05
2025-12-16T12:45:00.000Z,-1358.15,-1108.7
2025-12-16T13:00:00.000Z,-1268.77,-1100.55
2025-12-16T13:15:00.000Z,-1378.12,-1090.56
2025-12-16T13:30:00.000Z,-1419.45,-1083.13
2025-12-16T13:45:00.000Z,-1325.24,-1071.81
2025-12-16T14:00:00.000Z,-1076.33,-1102.5
2025-12-16T14:15:00.000Z,-961.85,-1082.92
2025-12-16T14:30:00.000Z,-1120.27,-1063.74
2025-12-16T14:45:00.000Z,-1311.31,-1053.18
2025-12-16T15:00:00.000Z,-1343.59,-1059.27
2025-12-16T15:15:00.000Z,-1258.98,-1056.76
2025-12-16T15:30:00.000Z,-1153.09,-1053.62
2025-12-16T15:45:00.000Z,-1028.91,-1039.69
2025-12-16T16:00:00.000Z,-1128.26,-964.51
2025-12-16T16:15:00.000Z,-1149.37,-965.35
2025-12-16T16:30:00.000Z,-1064.52,-988.3
2025-12-16T16:45:00.000Z,-965.06,-1002.31
2025-12-16T17:00:00.000Z,-895.58,-1040.2
2025-12-16T17:15:00.000Z,-806.27,-1070.78
2025-12-16T17:30:00.000Z,-703.53,-1101.64
2025-12-16T17:45:00.000Z,-741.66,-1131.77
2025-12-16T18:00:00.000Z,-737.52,-1169.48
2025-12-16T18:15:00.000Z,-774.39,-1190.97
2025-12-16T18:30:00.000Z,-1034.91,-1036.79
2025-12-16T18:45:00.000Z,-982.38,-996.8
2025-12-16T19:00:00.000Z,-817.93,-996.85
2025-12-16T19:15:00.000Z,-624.23,-996.89
2025-12-16T19:30:00.000Z,-551.14,-996.94
2025-12-16T19:45:00.000Z,-552.09,-996.66
2025-12-16T20:00:00.000Z,-679.34,-996.6
2025-12-16T20:15:00.000Z,-1018.25,-996.85
2025-12-16T20:30:00.000Z,-1185.69,-996.61
2025-12-16T20:45:00.000Z,-1157.91,-996.85
2025-12-16T21:00:00.000Z,-927.45,-1143.09
2025-12-16T21:15:00.000Z,-852.96,-1193.78
2025-12-16T21:30:00.000Z,-757.69,-1193.71
2025-12-16T21:45:00.000Z,-562.45,-1193.8
2025-12-16T22:00:00.000Z,-565,-1193.79
2025-12-16T22:15:00.000Z,-515.01,-1193.79
2025-12-16T22:30:00.000Z,-494.2,-1193.95
2025-12-16T22:45:00.000Z,-488.9,-1193.67
2025-12-16T23:00:00.000Z,-663.14,-1193.9
2025-12-16T23:15:00.000Z,-674.01,-1194.01
2025-12-16T23:30:00.000Z,-691.43,-1193.75
2025-12-16T23:45:00.000Z,-681.32,-1193.87
2025-12-17T00:00:00.000Z,-581.9,-1193.92
2025-12-17T00:15:00.000Z,-566.91,-1193.89
2025-12-17T00:30:00.000Z,-677.53,-1194.12
2025-12-17T00:45:00.000Z,-738.75,-1193.81
2025-12-17T01:00:00.000Z,-734.41,-1193.86
2025-12-17T01:15:00.000Z,-717.74,-1194.05
2025-12-17T01:30:00.000Z,-729.45,-1194.03
2025-12-17T01:45:00.000Z,-835.32,-1193.74
2025-12-17T02:00:00.000Z,-869.33,-1193.78
2025-12-17T02:15:00.000Z,-981.63,-1193.73
2025-12-17T02:30:00.000Z,-877.07,-1193.83
2025-12-17T02:45:00.000Z,-806.13,-1194.11
2025-12-17T03:00:00.000Z,-885.1,-1193.94
2025-12-17T03:15:00.000Z,-1068.27,-1193.9
2025-12-17T03:30:00.000Z,-1074.81,-1193.77
2025-12-17T03:45:00.000Z,-1124.05,-1193.61
2025-12-17T04:00:00.000Z,-1380.91,-1193.62
2025-12-17T04:15:00.000Z,-1486.52,-1193.78
2025-12-17T04:30:00.000Z,-1454.7,-1193.58
2025-12-17T04:45:00.000Z,-1487.17,-1193.55
2025-12-17T05:00:00.000Z,-1420.59,-1193.65
2025-12-17T05:15:00.000Z,-1392.36,-1193.71
2025-12-17T05:30:00.000Z,-1423.71,-1193.62
2025-12-17T05:45:00.000Z,-1313.99,-1191.74
2025-12-17T06:00:00.000Z,-1315.16,-1165.16
2025-12-17T06:15:00.000Z,-1440.47,-1112.62
2025-12-17T06:30:00.000Z,-1498.53,-1056.28
2025-12-17T06:45:00.000Z,-1548.26,-1013.66
2025-12-17T07:00:00.000Z,-1411.47,-981.75
2025-12-17T07:15:00.000Z,-1234.2,-975.2
2025-12-17T07:30:00.000Z,-1113.52,-974.11
2025-12-17T07:45:00.000Z,-992.83,-969.94
2025-12-17T08:00:00.000Z,-936.35,-951.69
2025-12-17T08:15:00.000Z,-1035.55,-950.21
2025-12-17T08:30:00.000Z,-1109.91,-955.99
2025-12-17T08:45:00.000Z,-923.83,-966.49
2025-12-17T09:00:00.000Z,-846.32,-1072.67
2025-12-17T09:15:00.000Z,-903.94,-1089.13
2025-12-17T09:30:00.000Z,-922.92,-1080.75
2025-12-17T09:45:00.000Z,-871.35,-1070.44
2025-12-17T10:00:00.000Z,-1034.49,-1059.76
2025-12-17T10:15:00.000Z,-1040.56,-1046.6
2025-12-17T10:30:00.000Z,-1089.33,-1016.17
2025-12-17T10:45:00.000Z,-1209.79,-1005.72
2025-12-17T11:00:00.000Z,-1095.6,-995.39
2025-12-17T11:15:00.000Z,-1053.02,-986.68
2025-12-17T11:30:00.000Z,-991.55,-980.09
2025-12-17T11:45:00.000Z,-1023.27,-984.18
2025-12-17T12:00:00.000Z,-996.93,-975.58
2025-12-17T12:15:00.000Z,-1100.9,-961.21
2025-12-17T12:30:00.000Z,-1244.8,-951.38
2025-12-17T12:45:00.000Z,-1305.9,-940.58
2025-12-17T13:00:00.000Z,-1242.17,-946.6
2025-12-17T13:15:00.000Z,-1239.76,-939.91
2025-12-17T13:30:00.000Z,-1292.12,-923.54
2025-12-17T13:45:00.000Z,-1293.45,-889.31
2025-12-17T14:00:00.000Z,-1089.86,-785.16
2025-12-17T14:15:00.000Z,-1153.33,-770.72
2025-12-17T14:30:00.000Z,-1095.13,-741.55
2025-12-17T14:45:00.000Z,-1136.8,-761.6
2025-12-17T15:00:00.000Z,-1105.55,-871.19
2025-12-17T15:15:00.000Z,-1179.36,-870.41
2025-12-17T15:30:00.000Z,-1283.24,-861.95
2025-12-17T15:45:00.000Z,-1228.28,-878.94
2025-12-17T16:00:00.000Z,-868.33,-1120.33
2025-12-17T16:15:00.000Z,-742.19,-1091.58
2025-12-17T16:30:00.000Z,-770.64,-1047.79
2025-12-17T16:45:00.000Z,-970.54,-1013.38
2025-12-17T17:00:00.000Z,-944.95,-1101.01
2025-12-17T17:15:00.000Z,-846.64,-1076.38
2025-12-17T17:30:00.000Z,-891.36,-1005.9
2025-12-17T17:45:00.000Z,-1054.99,-976.5
2025-12-17T18:00:00.000Z,-924.17,-976.63
2025-12-17T18:15:00.000Z,-1008.37,-976.64
2025-12-17T18:30:00.000Z,-876.86,-976.85
2025-12-17T18:45:00.000Z,-854.18,-976.96
2025-12-17T19:00:00.000Z,-862.85,-976.97
2025-12-17T19:15:00.000Z,-802.27,-977
2025-12-17T19:30:00.000Z,-778.36,-977
2025-12-17T19:45:00.000Z,-828.59,-1014.69
2025-12-17T20:00:00.000Z,-680.83,-1193.64
2025-12-17T20:15:00.000Z,-819.41,-1193.76
2025-12-17T20:30:00.000Z,-966.98,-1193.49
2025-12-17T20:45:00.000Z,-939.13,-1193.72
2025-12-17T21:00:00.000Z,-861.19,-1193.79
2025-12-17T21:15:00.000Z,-907.13,-1193.71
2025-12-17T21:30:00.000Z,-934.91,-1193.77
2025-12-17T21:45:00.000Z,-993.18,-1193.82
2025-12-17T22:00:00.000Z,-1150.89,-1193.68
2025-12-17T22:15:00.000Z,-1016.64,-1193.79
2025-12-17T22:30:00.000Z,-1088.94,-1194.08
2025-12-17T22:45:00.000Z,-1064.38,-1194.12
2025-12-17T23:00:00.000Z,-919.42,-1194.4
2025-12-17T23:15:00.000Z,-969.86,-1193.98
2025-12-17T23:30:00.000Z,-910.22,-1194.1
2025-12-17T23:45:00.000Z,-968.9,-1193.99
2025-12-18T00:00:00.000Z,-1000.15,-1194.23
2025-12-18T00:15:00.000Z,-996.99,-1194.33
2025-12-18T00:30:00.000Z,-1147.29,-1194.17
2025-12-18T00:45:00.000Z,-1240.95,-1194.31
2025-12-18T01:00:00.000Z,-1303.18,-1194.11
2025-12-18T01:15:00.000Z,-1424.36,-1194.29
2025-12-18T01:30:00.000Z,-1620.97,-1194.22
2025-12-18T01:45:00.000Z,-1647.61,-1193.92
2025-12-18T02:00:00.000Z,-1508.29,-1194
2025-12-18T02:15:00.000Z,-1453.69,-1194.14
2025-12-18T02:30:00.000Z,-1465.34,-1194.26
2025-12-18T02:45:00.000Z,-1478.52,-1187.13
2025-12-18T03:00:00.000Z,-1580.45,-1106.65
2025-12-18T03:15:00.000Z,-1585.31,-1183.14
2025-12-18T03:30:00.000Z,-1632.48,-1193.57
2025-12-18T03:45:00.000Z,-1849.54,-1193.44
2025-12-18T04:00:00.000Z,-1807.12,-1193.58
2025-12-18T04:15:00.000Z,-1783.5,-1193.82
2025-12-18T04:30:00.000Z,-1857.21,-1193.62
2025-12-18T04:45:00.000Z,-1817.2,-1193.47
2025-12-18T05:00:00.000Z,-1532.54,-1193.55
2025-12-18T05:15:00.000Z,-1517.59,-1193.63
2025-12-18T05:30:00.000Z,-1817.45,-1193.55
2025-12-18T05:45:00.000Z,-1814.88,-1193.82
2025-12-18T06:00:00.000Z,-1851.24,-1189.58
2025-12-18T06:15:00.000Z,-2106.73,-1139.23
2025-12-18T06:30:00.000Z,-1867.16,-1123.7
2025-12-18T06:45:00.000Z,-1774.94,-1108.52
2025-12-18T07:00:00.000Z,-1631.02,-1184.92
2025-12-18T07:15:00.000Z,-1836.82,-1193.36
2025-12-18T07:30:00.000Z,-1899.66,-1193.39
2025-12-18T07:45:00.000Z,-2055.4,-1191.68
2025-12-18T08:00:00.000Z,-2047.72,-1169.67
2025-12-18T08:15:00.000Z,-1754.6,-1190.49
2025-12-18T08:30:00.000Z,-1875.55,-1193.59
2025-12-18T08:45:00.000Z,-1865.08,-1179.28
2025-12-18T09:00:00.000Z,-1780.12,-996.05
2025-12-18T09:15:00.000Z,-1852.8,-972.37
2025-12-18T09:30:00.000Z,-1775.55,-996.49
2025-12-18T09:45:00.000Z,-1719.27,-1020.69
2025-12-18T10:00:00.000Z,-1600.54,-1173.55
2025-12-18T10:15:00.000Z,-1600.23,-1193.3
2025-12-18T10:30:00.000Z,-1584.67,-1193.5
2025-12-18T10:45:00.000Z,-1686.41,-1176.21
2025-12-18T11:00:00.000Z,-1697.46,-957.57
2025-12-18T11:15:00.000Z,-1548.86,-938.39
2025-12-18T11:30:00.000Z,-1524.98,-944.6
2025-12-18T11:45:00.000Z,-1394.64,-950.66
2025-12-18T12:00:00.000Z,-1247.49,-991.96
2025-12-18T12:15:00.000Z,-1181.49,-999.94
2025-12-18T12:30:00.000Z,-1362.44,-1002.81
2025-12-18T12:45:00.000Z,-1380.61,-1012.9
2025-12-18T13:00:00.000Z,-1168.12,-1174.56
2025-12-18T13:15:00.000Z,-891.19,-1193.56
2025-12-18T13:30:00.000Z,-892.74,-1193.9
2025-12-18T13:45:00.000Z,-808.63,-1193.81
2025-12-18T14:00:00.000Z,-701.52,-1193.78
2025-12-18T14:15:00.000Z,-629.25,-1193.95
2025-12-18T14:30:00.000Z,-444,-1193.96
2025-12-18T14:45:00.000Z,-303.08,-1193.6
2025-12-18T15:00:00.000Z,-106.52,-1193.67
2025-12-18T15:15:00.000Z,-141.12,-1193.7
2025-12-18T15:30:00.000Z,-105.76,-1193.76
2025-12-18T15:45:00.000Z,-54.1,-1176.89
2025-12-18T16:00:00.000Z,-178.39,-961.41
2025-12-18T16:15:00.000Z,-104.46,-918.83
2025-12-18T16:30:00.000Z,-6.88,-916.74
2025-12-18T16:45:00.000Z,-43.01,-941.22
2025-12-18T17:00:00.000Z,323.4,-1162.54
2025-12-18T17:15:00.000Z,475.23,-1189.93
2025-12-18T17:30:00.000Z,595.25,-1193.87
2025-12-18T17:45:00.000Z,698.06,-1194.13
2025-12-18T18:00:00.000Z,876.26,-1193.98
2025-12-18T18:15:00.000Z,927.23,-1194.12
2025-12-18T18:30:00.000Z,1012.51,-1194.1
2025-12-18T18:45:00.000Z,1229.69,-1194.2
2025-12-18T19:00:00.000Z,1453.53,-1194.37
2025-12-18T19:15:00.000Z,1631.09,-1194.2
2025-12-18T19:30:00.000Z,1530.81,-1194.21
2025-12-18T19:45:00.000Z,1304.88,-1154.37
2025-12-18T20:00:00.000Z,551.62,-629.78
2025-12-18T20:15:00.000Z,103.51,-159.71
2025-12-18T20:30:00.000Z,-53.23,125.2
2025-12-18T20:45:00.000Z,-150.76,248.18
2025-12-18T21:00:00.000Z,-348.48,569.89
2025-12-18T21:15:00.000Z,-516.86,710.76
2025-12-18T21:30:00.000Z,-657.4,855.97
2025-12-18T21:45:00.000Z,-687.33,976.33
2025-12-18T22:00:00.000Z,-187.2,701.56
2025-12-18T22:15:00.000Z,54.75,621.27
2025-12-18T22:30:00.000Z,32.57,586.04
2025-12-18T22:45:00.000Z,-344.86,936.27
2025-12-18T23:00:00.000Z,-897.11,922.59
2025-12-18T23:15:00.000Z,-1168.8,1045.29
2025-12-18T23:30:00.000Z,-1102.74,1075.45
2025-12-18T23:45:00.000Z,-1072.96,1059.95
2025-12-19T00:00:00.000Z,-946.87,1045.88
2025-12-19T00:15:00.000Z,-889.28,1045.8
2025-12-19T00:30:00.000Z,-782.38,1056.66
2025-12-19T00:45:00.000Z,-849.54,1042.22
2025-12-19T01:00:00.000Z,-775.3,1012.08
2025-12-19T01:15:00.000Z,-794.38,1029.18
2025-12-19T01:30:00.000Z,-964.17,1075.83
2025-12-19T01:45:00.000Z,-1029.59,1132.89
2025-12-19T02:00:00.000Z,-889.78,1167.65
2025-12-19T02:15:00.000Z,-897.14,1194.59
2025-12-19T02:30:00.000Z,-1206.14,1197.87
2025-12-19T02:45:00.000Z,-1332.36,1069.89
2025-12-19T03:00:00.000Z,-1002.92,797.03
2025-12-19T03:15:00.000Z,-1150.27,797.7
2025-12-19T03:30:00.000Z,-1294.41,797.7
2025-12-19T03:45:00.000Z,-1256.89,797.4
2025-12-19T04:00:00.000Z,-1402.66,797.7
2025-12-19T04:15:00.000Z,-1446.01,797.7
2025-12-19T04:30:00.000Z,-1353.95,715.33
2025-12-19T04:45:00.000Z,-1225.35,598.19
2025-12-19T05:00:00.000Z,-1285.09,556.49
2025-12-19T05:15:00.000Z,-781.14,19.16
2025-12-19T05:30:00.000Z,-574.73,-116.54
2025-12-19T05:45:00.000Z,-262.47,-520.6
2025-12-19T06:00:00.000Z,235.27,-1066.38
2025-12-19T06:15:00.000Z,-90.31,-1112.95
2025-12-19T06:30:00.000Z,-130.82,-1193.52
2025-12-19T06:45:00.000Z,-247.86,-1139.3
2025-12-19T07:00:00.000Z,-855.23,-629.69
2025-12-19T07:15:00.000Z,-914.89,-618.61
2025-12-19T07:30:00.000Z,-734.18,-763.86
2025-12-19T07:45:00.000Z,-788.24,-834.61
2025-12-19T08:00:00.000Z,-562.37,-1020.9
2025-12-19T08:15:00.000Z,-501.85,-1042.23
2025-12-19T08:30:00.000Z,-509.57,-1094.77
2025-12-19T08:45:00.000Z,-554.96,-1106.52
2025-12-19T09:00:00.000Z,-515.46,-1135.05
2025-12-19T09:15:00.000Z,-396.41,-1195.3
2025-12-19T09:30:00.000Z,-439.54,-1179.66
2025-12-19T09:45:00.000Z,-394.2,-1152.81
2025-12-19T10:00:00.000Z,-242.57,-1194.65
2025-12-19T10:15:00.000Z,-224.39,-1195.34
2025-12-19T10:30:00.000Z,-264.07,-1195.63
2025-12-19T10:45:00.000Z,-251.94,-1167.14
2025-12-19T11:00:00.000Z,-372.58,-1081.07
2025-12-19T11:15:00.000Z,-331.8,-1095.08
2025-12-19T11:30:00.000Z,-187.33,-1115.44
2025-12-19T11:45:00.000Z,-118.83,-1133.65
2025-12-19T12:00:00.000Z,-21.66,-1195.64
2025-12-19T12:15:00.000Z,-112.52,-1194.98
2025-12-19T12:30:00.000Z,-168.77,-1194.96
2025-12-19T12:45:00.000Z,-297.96,-1195.07
2025-12-19T13:00:00.000Z,-165.1,-1195
2025-12-19T13:15:00.000Z,-110.6,-1195.05
2025-12-19T13:30:00.000Z,-103.46,-1194.97
2025-12-19T13:45:00.000Z,-6.44,-1194.83
2025-12-19T14:00:00.000Z,-8.4,-1194.55
2025-12-19T14:15:00.000Z,-61.03,-1194.11
2025-12-19T14:30:00.000Z,111.71,-1193.6
2025-12-19T14:45:00.000Z,167.43,-1193.79
2025-12-19T15:00:00.000Z,189.66,-1194.09
2025-12-19T15:15:00.000Z,206.08,-1195.96
2025-12-19T15:30:00.000Z,160.14,-1195.94
2025-12-19T15:45:00.000Z,135.26,-1196.08
2025-12-19T16:00:00.000Z,274.81,-1195.92
2025-12-19T16:15:00.000Z,321.62,-1196.22
2025-12-19T16:30:00.000Z,463.34,-1195.96
2025-12-19T16:45:00.000Z,544.89,-1196.34
2025-12-19T17:00:00.000Z,658.88,-1196.23
2025-12-19T17:15:00.000Z,666.74,-1190.57
2025-12-19T17:30:00.000Z,650.16,-1165.51
2025-12-19T17:45:00.000Z,584.71,-1076.76
2025-12-19T18:00:00.000Z,300.32,-597.13
2025-12-19T18:15:00.000Z,360.15,-524.37
2025-12-19T18:30:00.000Z,381.09,-539.36
2025-12-19T18:45:00.000Z,234.62,-487.14
2025-12-19T19:00:00.000Z,162.38,-201.11
2025-12-19T19:15:00.000Z,158.79,-158.47
2025-12-19T19:30:00.000Z,165.7,-50.6
2025-12-19T19:45:00.000Z,266.73,-117.54
2025-12-19T20:00:00.000Z,-25.01,47.04
2025-12-19T20:15:00.000Z,-163.94,-28.88
2025-12-19T20:30:00.000Z,47.4,-244.07
2025-12-19T20:45:00.000Z,-101.37,-123.46
2025-12-19T21:00:00.000Z,-452.97,420.59
2025-12-19T21:15:00.000Z,-418.97,563.25
2025-12-19T21:30:00.000Z,-589.17,754.35
2025-12-19T21:45:00.000Z,-621.6,662
2025-12-19T22:00:00.000Z,-484.59,586.38
2025-12-19T22:15:00.000Z,-428.64,249.73
2025-12-19T22:30:00.000Z,-160.57,43.24
2025-12-19T22:45:00.000Z,-197.29,-300.22
2025-12-19T23:00:00.000Z,389.68,-596.64
2025-12-19T23:15:00.000Z,1145.96,-1105.25
2025-12-19T23:30:00.000Z,1086.08,-1156.04
2025-12-19T23:45:00.000Z,1549.43,-1097.54
2025-12-20T00:00:00.000Z,1124.64,-1077.28
2025-12-20T00:15:00.000Z,1025.91,-997.47
2025-12-20T00:30:00.000Z,1333.47,-1087.71
2025-12-20T00:45:00.000Z,1059.06,-1031.08
2025-12-20T01:00:00.000Z,1188.84,-1086.11
2025-12-20T01:15:00.000Z,1459.14,-1180.87
2025-12-20T01:30:00.000Z,1272.16,-1160.16
2025-12-20T01:45:00.000Z,1449.04,-1171.08
2025-12-20T02:00:00.000Z,1616.94,-1147.94
2025-12-20T02:15:00.000Z,1384.4,-1086.29
2025-12-20T02:30:00.000Z,1252.36,-1072.51
2025-12-20T02:45:00.000Z,1308.68,-1133.08
2025-12-20T03:00:00.000Z,1582.71,-1188.71
2025-12-20T03:15:00.000Z,1652,-1193.54
2025-12-20T03:30:00.000Z,1564.51,-1192.97
2025-12-20T03:45:00.000Z,1462.68,-1190.2
2025-12-20T04:00:00.000Z,1540.77,-1172.14
2025-12-20T04:15:00.000Z,1318.46,-1159.95
2025-12-20T04:30:00.000Z,1272.42,-1097.39
2025-12-20T04:45:00.000Z,1441.88,-1180.62
2025-12-20T05:00:00.000Z,1303.31,-1193.3
2025-12-20T05:15:00.000Z,1200.19,-1191.63
2025-12-20T05:30:00.000Z,1212.37,-1166.02
2025-12-20T05:45:00.000Z,1173.28,-1112.5
2025-12-20T06:00:00.000Z,1067.53,-1181.11
2025-12-20T06:15:00.000Z,900.23,-1154.95
2025-12-20T06:30:00.000Z,838.36,-1039.21
2025-12-20T06:45:00.000Z,805.11,-865.11
2025-12-20T07:00:00.000Z,992.55,-958.09
2025-12-20T07:15:00.000Z,996.14,-1000.67
2025-12-20T07:30:00.000Z,1154.08,-1160.86
2025-12-20T07:45:00.000Z,1097.42,-1172.1
2025-12-20T08:00:00.000Z,924.91,-1189.1
2025-12-20T08:15:00.000Z,973.14,-1171.95
2025-12-20T08:30:00.000Z,916.85,-1117.2
2025-12-20T08:45:00.000Z,924.31,-1128.58
2025-12-20T09:00:00.000Z,952.66,-1176.05
2025-12-20T09:15:00.000Z,520.48,-1124.02
2025-12-20T09:30:00.000Z,351.75,-936.31
2025-12-20T09:45:00.000Z,385.99,-962.53
2025-12-20T10:00:00.000Z,334.9,-1172.63
2025-12-20T10:15:00.000Z,427.78,-1193.67
2025-12-20T10:30:00.000Z,479.1,-1186.23
2025-12-20T10:45:00.000Z,488.68,-1088.73
2025-12-20T11:00:00.000Z,109,-1085.99
2025-12-20T11:15:00.000Z,23.16,-1096.97
2025-12-20T11:30:00.000Z,11.08,-1175.63
2025-12-20T11:45:00.000Z,-90.48,-1084.01
2025-12-20T12:00:00.000Z,-137.58,-1124.69
2025-12-20T12:15:00.000Z,77.21,-1187.18
2025-12-20T12:30:00.000Z,-1.66,-1191.71
2025-12-20T12:45:00.000Z,-154.23,-1166.21
2025-12-20T13:00:00.000Z,-274.15,-1135.39
2025-12-20T13:15:00.000Z,-164.89,-1186.58
2025-12-20T13:30:00.000Z,-250.99,-1190.28
2025-12-20T13:45:00.000Z,-274.91,-1142.48
2025-12-20T14:00:00.000Z,-536.8,-1014.91
2025-12-20T14:15:00.000Z,-768.58,-941.95
2025-12-20T14:30:00.000Z,-773.23,-987.9
2025-12-20T14:45:00.000Z,-705.03,-1033.84
2025-12-20T15:00:00.000Z,-650.45,-1096.47
2025-12-20T15:15:00.000Z,-752.43,-1160.86
2025-12-20T15:30:00.000Z,-941.78,-1190.44
2025-12-20T15:45:00.000Z,-887.29,-1193.78
2025-12-20T16:00:00.000Z,-911.53,-1193.67
2025-12-20T16:15:00.000Z,-906.21,-1193.72
2025-12-20T16:30:00.000Z,-1037.6,-1193.75
2025-12-20T16:45:00.000Z,-1138.08,-1194.04
2025-12-20T17:00:00.000Z,-1129.31,-1193.77
2025-12-20T17:15:00.000Z,-1111.44,-1193.91
2025-12-20T17:30:00.000Z,-1236.06,-1193.81
2025-12-20T17:45:00.000Z,-1305.06,-1193.84
2025-12-20T18:00:00.000Z,-1284.42,-1193.9
2025-12-20T18:15:00.000Z,-1395.74,-1193.99
2025-12-20T18:30:00.000Z,-1569.3,-1193.86
2025-12-20T18:45:00.000Z,-1620.35,-1194.18
2025-12-20T19:00:00.000Z,-1577.72,-1194.2
2025-12-20T19:15:00.000Z,-1592.68,-1194.01
2025-12-20T19:30:00.000Z,-1662.62,-1194.18
2025-12-20T19:45:00.000Z,-1577.96,-1194.22
2025-12-20T20:00:00.000Z,-1612.22,-1194.18
2025-12-20T20:15:00.000Z,-1533.63,-1193.71
2025-12-20T20:30:00.000Z,-1339.91,-1193.9
2025-12-20T20:45:00.000Z,-1344.77,-1193.9
2025-12-20T21:00:00.000Z,-1416.8,-1193.85
2025-12-20T21:15:00.000Z,-1290.06,-1193.96
2025-12-20T21:30:00.000Z,-1265.41,-1194.06
2025-12-20T21:45:00.000Z,-1202.74,-1193.91
2025-12-20T22:00:00.000Z,-979.95,-1193.92
2025-12-20T22:15:00.000Z,-711.07,-1193.97
2025-12-20T22:30:00.000Z,-633.68,-1194.25
2025-12-20T22:45:00.000Z,-543.44,-1139.53
2025-12-20T23:00:00.000Z,-574.39,-600.93
2025-12-20T23:15:00.000Z,-872.43,-73.11
2025-12-20T23:30:00.000Z,-1211.79,512.69
2025-12-20T23:45:00.000Z,-1216.79,517.48
2025-12-21T00:00:00.000Z,-970.64,244.17
2025-12-21T00:15:00.000Z,-1032.57,249.5
2025-12-21T00:30:00.000Z,-969.98,265.07
2025-12-21T00:45:00.000Z,-843.31,218.43
2025-12-21T01:00:00.000Z,-234.17,-297.45
2025-12-21T01:15:00.000Z,-126.5,-434.5
2025-12-21T01:30:00.000Z,-231.01,-408.31
2025-12-21T01:45:00.000Z,-111.23,-416.59
2025-12-21T02:00:00.000Z,83.5,-743.14
2025-12-21T02:15:00.000Z,34.96,-721.46
2025-12-21T02:30:00.000Z,97.93,-740.42
2025-12-21T02:45:00.000Z,120.86,-730.77
2025-12-21T03:00:00.000Z,325.37,-1141.78
2025-12-21T03:15:00.000Z,175.33,-1193.51
2025-12-21T03:30:00.000Z,285.49,-1193.6
2025-12-21T03:45:00.000Z,155.61,-1188.02
2025-12-21T04:00:00.000Z,99.3,-1119.7
2025-12-21T04:15:00.000Z,120.63,-1183.43
2025-12-21T04:30:00.000Z,-58.06,-1194.36
2025-12-21T04:45:00.000Z,-208.38,-1168.86
2025-12-21T05:00:00.000Z,-296.42,-909.63
2025-12-21T05:15:00.000Z,-25.79,-1158.54
2025-12-21T05:30:00.000Z,-79.25,-1193.43
2025-12-21T05:45:00.000Z,-183.36,-1193.61
2025-12-21T06:00:00.000Z,-515.36,-1193.6
2025-12-21T06:15:00.000Z,-391.43,-1193.75
2025-12-21T06:30:00.000Z,-309.59,-1193.4
2025-12-21T06:45:00.000Z,-346.38,-1193.4
2025-12-21T07:00:00.000Z,-312.74,-1193.4
2025-12-21T07:15:00.000Z,-220.68,-1193.64
2025-12-21T07:30:00.000Z,-104.68,-1193.81
2025-12-21T07:45:00.000Z,-343.92,-1193.63
2025-12-21T08:00:00.000Z,-308.73,-1193.74
2025-12-21T08:15:00.000Z,-287.34,-1193.69
2025-12-21T08:30:00.000Z,-319.98,-1193.68
2025-12-21T08:45:00.000Z,-498.73,-1193.45
2025-12-21T09:00:00.000Z,-598.12,-1193.53
2025-12-21T09:15:00.000Z,-575.09,-1193.94
2025-12-21T09:30:00.000Z,-719.28,-1193.73
2025-12-21T09:45:00.000Z,-688.51,-1193.82
2025-12-21T10:00:00.000Z,-763.44,-1193.64
2025-12-21T10:15:00.000Z,-737.62,-1193.58
2025-12-21T10:30:00.000Z,-815.06,-1193.71
2025-12-21T10:45:00.000Z,-790.11,-1193.43
2025-12-21T11:00:00.000Z,-826.99,-1193.89
2025-12-21T11:15:00.000Z,-831.08,-1193.9
2025-12-21T11:30:00.000Z,-749.65,-1193.93
2025-12-21T11:45:00.000Z,-714,-1192.03
2025-12-21T12:00:00.000Z,-882.81,-1166.84
2025-12-21T12:15:00.000Z,-1006.32,-1157.33
2025-12-21T12:30:00.000Z,-1125.57,-1148.11
2025-12-21T12:45:00.000Z,-1207.22,-1139.08
2025-12-21T13:00:00.000Z,-1222.96,-1136.09
2025-12-21T13:15:00.000Z,-1370.6,-1120.55
2025-12-21T13:30:00.000Z,-1414.72,-1103.43
2025-12-21T13:45:00.000Z,-1547.06,-1082.33
2025-12-21T14:00:00.000Z,-1583.12,-1023.22
2025-12-21T14:15:00.000Z,-1602.9,-997.21
2025-12-21T14:30:00.000Z,-1504.96,-968.28
2025-12-21T14:45:00.000Z,-1542.4,-938.49
2025-12-21T15:00:00.000Z,-1506.7,-886.54
2025-12-21T15:15:00.000Z,-1586.46,-861.59
2025-12-21T15:30:00.000Z,-1548.26,-836.98
2025-12-21T15:45:00.000Z,-1477.81,-806.08
2025-12-21T16:00:00.000Z,-1570.84,-773.26
2025-12-21T16:15:00.000Z,-1617.84,-770.2
2025-12-21T16:30:00.000Z,-1714.2,-765.95
2025-12-21T16:45:00.000Z,-1582.64,-773.62
2025-12-21T17:00:00.000Z,-1639.85,-800.31
2025-12-21T17:15:00.000Z,-1660.7,-805.76
2025-12-21T17:30:00.000Z,-1661.86,-813.9
2025-12-21T17:45:00.000Z,-1709.2,-824.48
2025-12-21T18:00:00.000Z,-1732.52,-872.11
2025-12-21T18:15:00.000Z,-1745.55,-893.07
2025-12-21T18:30:00.000Z,-1642.5,-912.64
2025-12-21T18:45:00.000Z,-1610.94,-938.05
2025-12-21T19:00:00.000Z,-1514.95,-1000.27
2025-12-21T19:15:00.000Z,-1521.78,-1035.93
2025-12-21T19:30:00.000Z,-1477.69,-1070.18
2025-12-21T19:45:00.000Z,-1380.37,-1101.28
2025-12-21T20:00:00.000Z,-1588.91,-1144.76
2025-12-21T20:15:00.000Z,-1463.29,-1189.26
2025-12-21T20:30:00.000Z,-1542.66,-1193.99
2025-12-21T20:45:00.000Z,-1710.64,-1187.48
2025-12-21T21:00:00.000Z,-1849.7,-1109.72
2025-12-21T21:15:00.000Z,-1901.3,-1134.88
2025-12-21T21:30:00.000Z,-1667.72,-1149.14
2025-12-21T21:45:00.000Z,-1465.74,-1176.53
2025-12-21T22:00:00.000Z,-1508.76,-1156.61
2025-12-21T22:15:00.000Z,-1390.83,-1177.84
2025-12-21T22:30:00.000Z,-1262.79,-1192.99
2025-12-21T22:45:00.000Z,-1065.08,-1192.35
2025-12-21T23:00:00.000Z,-1349.26,-1194.46
2025-12-21T23:15:00.000Z,-1348.24,-1194.57
2025-12-21T23:30:00.000Z,-1188.47,-1194.43
2025-12-21T23:45:00.000Z,-1182.5,-1194.67
2025-12-22T00:00:00.000Z,-1262.51,-1194.58
2025-12-22T00:15:00.000Z,-1187.49,-1194.75
2025-12-22T00:30:00.000Z,-1101.91,-1194.42
2025-12-22T00:45:00.000Z,-961.52,-1194.63
2025-12-22T01:00:00.000Z,-992.59,-1194.79
2025-12-22T01:15:00.000Z,-941.15,-1194.79
2025-12-22T01:30:00.000Z,-874.39,-1194.9
2025-12-22T01:45:00.000Z,-847.54,-1194.54
2025-12-22T02:00:00.000Z,-843.67,-1194.63
2025-12-22T02:15:00.000Z,-787.48,-1194.8
2025-12-22T02:30:00.000Z,-811.45,-1194.82
2025-12-22T02:45:00.000Z,-856.78,-1194.5
2025-12-22T03:00:00.000Z,-906.81,-1194.51
2025-12-22T03:15:00.000Z,-753.93,-1194.4
2025-12-22T03:30:00.000Z,-706.6,-1194.4
2025-12-22T03:45:00.000Z,-632,-1194.49
2025-12-22T04:00:00.000Z,-565.71,-1194.5
2025-12-22T04:15:00.000Z,-631.15,-1194.47
2025-12-22T04:30:00.000Z,-697.54,-1194.7
2025-12-22T04:45:00.000Z,-661.51,-1194.67
2025-12-22T05:00:00.000Z,-544.4,-1194.53
2025-12-22T05:15:00.000Z,-534.96,-1194.34
2025-12-22T05:30:00.000Z,-730.84,-1194.07
2025-12-22T05:45:00.000Z,-753.92,-1192.93
2025-12-22T06:00:00.000Z,-882.13,-1173.62
2025-12-22T06:15:00.000Z,-840.28,-1120.35
2025-12-22T06:30:00.000Z,-857.46,-1027.67
2025-12-22T06:45:00.000Z,-1328.35,-559.93
2025-12-22T07:00:00.000Z,-1037.74,-932.86
2025-12-22T07:15:00.000Z,-908.74,-961.65
2025-12-22T07:30:00.000Z,-1014.31,-904.35
2025-12-22T07:45:00.000Z,-1659.5,-384.77
2025-12-22T08:00:00.000Z,-1624.2,-236.43
2025-12-22T08:15:00.000Z,-1614.24,-263.37
2025-12-22T08:30:00.000Z,-1541.91,-294.93
2025-12-22T08:45:00.000Z,-1397.61,-296.31
2025-12-22T09:00:00.000Z,-1528.23,-244.68
2025-12-22T09:15:00.000Z,-1502.99,-283.33
2025-12-22T09:30:00.000Z,-1414.19,-324.62
2025-12-22T09:45:00.000Z,-1416.62,-344
2025-12-22T10:00:00.000Z,-1493.88,-315.18
2025-12-22T10:15:00.000Z,-1513.26,-351.05
2025-12-22T10:30:00.000Z,-1559.5,-354.2
2025-12-22T10:45:00.000Z,-1491.63,-418.31
2025-12-22T11:00:00.000Z,-1445.19,-399.9
2025-12-22T11:15:00.000Z,-1391.18,-392.23
2025-12-22T11:30:00.000Z,-1406.99,-398
2025-12-22T11:45:00.000Z,-1374.48,-410.98
2025-12-22T12:00:00.000Z,-1413.54,-370.95
2025-12-22T12:15:00.000Z,-1384.99,-389.83
2025-12-22T12:30:00.000Z,-1461.82,-438.76
2025-12-22T12:45:00.000Z,-1514.6,-484.53
2025-12-22T13:00:00.000Z,-1467.12,-545.34
2025-12-22T13:15:00.000Z,-1492.85,-596.74
2025-12-22T13:30:00.000Z,-1607.8,-633.33
2025-12-22T13:45:00.000Z,-1574.21,-653.3
2025-12-22T14:00:00.000Z,-1410.25,-628.78
2025-12-22T14:15:00.000Z,-1245.36,-635.35
2025-12-22T14:30:00.000Z,-1267.05,-682.07
2025-12-22T14:45:00.000Z,-1330.24,-688.3
2025-12-22T15:00:00.000Z,-1428.24,-519.24
2025-12-22T15:15:00.000Z,-1479.88,-464.96
2025-12-22T15:30:00.000Z,-1447.22,-442.21
2025-12-22T15:45:00.000Z,-1500.84,-438.68
2025-12-22T16:00:00.000Z,-1570.61,-438.6
2025-12-22T16:15:00.000Z,-1646.75,-438.7
2025-12-22T16:30:00.000Z,-1624.67,-438.63
2025-12-22T16:45:00.000Z,-1570.03,-466.35
2025-12-22T17:00:00.000Z,-1496.73,-791.19
2025-12-22T17:15:00.000Z,-1672.79,-663.25
2025-12-22T17:30:00.000Z,-1735.7,-671.36
2025-12-22T17:45:00.000Z,-1761.76,-699.72
2025-12-22T18:00:00.000Z,-1796.49,-672.07
2025-12-22T18:15:00.000Z,-1777.55,-726.47
2025-12-22T18:30:00.000Z,-1722.59,-748.31
2025-12-22T18:45:00.000Z,-1703.55,-759.07
2025-12-22T19:00:00.000Z,-1675.73,-758.52
2025-12-22T19:15:00.000Z,-1590.17,-751.53
2025-12-22T19:30:00.000Z,-1547.68,-615.82
2025-12-22T19:45:00.000Z,-1717.88,-449.43
2025-12-22T20:00:00.000Z,-1761.53,-838.78
2025-12-22T20:15:00.000Z,-1788.53,-941.09
2025-12-22T20:30:00.000Z,-1734.76,-956.61
2025-12-22T20:45:00.000Z,-1716.95,-954.24
2025-12-22T21:00:00.000Z,-1763.11,-1005.76
2025-12-22T21:15:00.000Z,-1742.14,-978.76
2025-12-22T21:30:00.000Z,-1756.73,-864.41
2025-12-22T21:45:00.000Z,-1736.75,-802.88
2025-12-22T22:00:00.000Z,-1864.95,-677.96
2025-12-22T22:15:00.000Z,-1874.88,-603.56
2025-12-22T22:30:00.000Z,-1885.9,-636.22
2025-12-22T22:45:00.000Z,-1984.09,-657.6
2025-12-22T23:00:00.000Z,-1903.08,-622.97
2025-12-22T23:15:00.000Z,-1762.08,-632.53
2025-12-22T23:30:00.000Z,-1719.02,-631.28
2025-12-22T23:45:00.000Z,-1739.27,-615.15
2025-12-23T00:00:00.000Z,-1790.93,-676.92
2025-12-23T00:15:00.000Z,-1764.86,-639.56
2025-12-23T00:30:00.000Z,-1661.92,-647.6
2025-12-23T00:45:00.000Z,-1579.49,-620.11
2025-12-23T01:00:00.000Z,-1499.71,-619.41
2025-12-23T01:15:00.000Z,-1453.34,-594.62
2025-12-23T01:30:00.000Z,-1488.73,-583.86
2025-12-23T01:45:00.000Z,-1612.56,-557.06
2025-12-23T02:00:00.000Z,-1722.17,-444.25
2025-12-23T02:15:00.000Z,-1790.97,-371.11
2025-12-23T02:30:00.000Z,-1758.21,-308.52
2025-12-23T02:45:00.000Z,-1700.48,-293.16
2025-12-23T03:00:00.000Z,-1663.87,-346.11
2025-12-23T03:15:00.000Z,-1590.5,-359.94
2025-12-23T03:30:00.000Z,-1524.82,-380.21
2025-12-23T03:45:00.000Z,-1450.66,-388.15
2025-12-23T04:00:00.000Z,-1399.26,-441.21
2025-12-23T04:15:00.000Z,-1274.52,-513.71
2025-12-23T04:30:00.000Z,-1255.81,-572.5
2025-12-23T04:45:00.000Z,-1332.45,-507.22
2025-12-23T05:00:00.000Z,-1182.26,-534.88
2025-12-23T05:15:00.000Z,-1196.37,-474.09
2025-12-23T05:30:00.000Z,-1258.94,-486.04
2025-12-23T05:45:00.000Z,-1245.5,-488.75
2025-12-23T06:00:00.000Z,-1243.24,-522.09
2025-12-23T06:15:00.000Z,-1302.82,-525.94
2025-12-23T06:30:00.000Z,-997.36,-795.93
2025-12-23T06:45:00.000Z,-990.4,-806.09
2025-12-23T07:00:00.000Z,-948.69,-791.47
2025-12-23T07:15:00.000Z,-1017.88,-802.57
2025-12-23T07:30:00.000Z,-1105.18,-783.1
2025-12-23T07:45:00.000Z,-1141.59,-761.33
2025-12-23T08:00:00.000Z,-1182.96,-744.5
2025-12-23T08:15:00.000Z,-1151.92,-730.35
2025-12-23T08:30:00.000Z,-1003.09,-734.13
2025-12-23T08:45:00.000Z,-991.68,-708.7
2025-12-23T09:00:00.000Z,-1121.96,-635.96
2025-12-23T09:15:00.000Z,-1179.39,-617.78
2025-12-23T09:30:00.000Z,-1242.12,-609.7
2025-12-23T09:45:00.000Z,-1061.15,-609.11
2025-12-23T10:00:00.000Z,-944.59,-717.07
2025-12-23T10:15:00.000Z,-969.54,-722.78
2025-12-23T10:30:00.000Z,-1017.16,-714.39
2025-12-23T10:45:00.000Z,-1035.46,-704.36
2025-12-23T11:00:00.000Z,-1132.91,-618.46
2025-12-23T11:15:00.000Z,-1125.2,-604.12
2025-12-23T11:30:00.000Z,-1122.85,-605.12
2025-12-23T11:45:00.000Z,-1025.18,-609.81
2025-12-23T12:00:00.000Z,-940.55,-675.44
2025-12-23T12:15:00.000Z,-984.69,-679
2025-12-23T12:30:00.000Z,-954.64,-673.07
2025-12-23T12:45:00.000Z,-1038.17,-664.77
2025-12-23T13:00:00.000Z,-978.38,-649.89
2025-12-23T13:15:00.000Z,-980.97,-635.4
2025-12-23T13:30:00.000Z,-1022.99,-622.98
2025-12-23T13:45:00.000Z,-1143.15,-542.32
2025-12-23T14:00:00.000Z,-1480.45,-167.32
2025-12-23T14:15:00.000Z,-1195.73,-475.87
2025-12-23T14:30:00.000Z,-1314.01,-469.19
2025-12-23T14:45:00.000Z,-1361.44,-432.66
2025-12-23T15:00:00.000Z,-1421.59,-344.96
2025-12-23T15:15:00.000Z,-1442.78,-327.34
2025-12-23T15:30:00.000Z,-1546.04,-309.35
2025-12-23T15:45:00.000Z,-1547.79,-294.94
2025-12-23T16:00:00.000Z,-1579.69,-282.58
2025-12-23T16:15:00.000Z,-1521.81,-306.19
2025-12-23T16:30:00.000Z,-1532.03,-343.96
2025-12-23T16:45:00.000Z,-1610.42,-327.16
2025-12-23T17:00:00.000Z,-1627.74,-325.55
2025-12-23T17:15:00.000Z,-1606.84,-349.4
2025-12-23T17:30:00.000Z,-1664.41,-375.47
2025-12-23T17:45:00.000Z,-1515.39,-399.74
2025-12-23T18:00:00.000Z,-1472.67,-477.42
2025-12-23T18:15:00.000Z,-1493.59,-513.41
2025-12-23T18:30:00.000Z,-1544.92,-545.13
2025-12-23T18:45:00.000Z,-1527.76,-575.19
2025-12-23T19:00:00.000Z,-1283.25,-647.41
2025-12-23T19:15:00.000Z,-1091.94,-682.65
2025-12-23T19:30:00.000Z,-1101.5,-630.25
2025-12-23T19:45:00.000Z,-998.02,-693.43
2025-12-23T20:00:00.000Z,-984.6,-851.37
2025-12-23T20:15:00.000Z,-1126.19,-864.44
2025-12-23T20:30:00.000Z,-999.87,-887.93
2025-12-23T20:45:00.000Z,-973.71,-911.25
2025-12-23T21:00:00.000Z,-860.29,-1000.48
2025-12-23T21:15:00.000Z,-836.83,-987.75
2025-12-23T21:30:00.000Z,-907.91,-1017.9
2025-12-23T21:45:00.000Z,-880.58,-1036.23
2025-12-23T22:00:00.000Z,-1147.1,-1000.67
2025-12-23T22:15:00.000Z,-1200.63,-908.61
2025-12-23T22:30:00.000Z,-1001.8,-1042.42
2025-12-23T22:45:00.000Z,-833.84,-961.37
2025-12-23T23:00:00.000Z,-1034.37,-538.09
2025-12-23T23:15:00.000Z,-1365.89,-263.77
2025-12-23T23:30:00.000Z,-1859.83,55.76
2025-12-23T23:45:00.000Z,-1930.36,53.4
2025-12-24T00:00:00.000Z,-1959.68,-290.92
2025-12-24T00:15:00.000Z,-1908.1,-307.55
2025-12-24T00:30:00.000Z,-1912.82,-324.45
2025-12-24T00:45:00.000Z,-1977.38,-339.83
2025-12-24T01:00:00.000Z,-1912.26,-333.9
2025-12-24T01:15:00.000Z,-1883.2,-342.31
2025-12-24T01:30:00.000Z,-1769.48,-354.88
2025-12-24T01:45:00.000Z,-1646.38,-362.84
2025-12-24T02:00:00.000Z,-1597,-354.39
2025-12-24T02:15:00.000Z,-1749.69,-366.98
2025-12-24T02:30:00.000Z,-1779.61,-379.77
2025-12-24T02:45:00.000Z,-1675.88,-402.01
2025-12-24T03:00:00.000Z,-1745.76,-440.85
2025-12-24T03:15:00.000Z,-1764.27,-448.66
2025-12-24T03:30:00.000Z,-1809.45,-453.79
2025-12-24T03:45:00.000Z,-1793.41,-439.76
2025-12-24T04:00:00.000Z,-1747.64,-387.33
2025-12-24T04:15:00.000Z,-1805.06,-379.28
2025-12-24T04:30:00.000Z,-1894.94,-375.31
2025-12-24T04:45:00.000Z,-1951.09,-370
2025-12-24T05:00:00.000Z,-1810.23,-385.74
2025-12-24T05:15:00.000Z,-1870.39,-371.37
2025-12-24T05:30:00.000Z,-1934.63,-390.91
2025-12-24T05:45:00.000Z,-1855.36,-368.72
2025-12-24T06:00:00.000Z,-1725.41,-439.94
2025-12-24T06:15:00.000Z,-1621.48,-442.15
2025-12-24T06:30:00.000Z,-1630.19,-423.05
2025-12-24T06:45:00.000Z,-1746.77,-394.65
2025-12-24T07:00:00.000Z,-1750.52,-380.4
2025-12-24T07:15:00.000Z,-1747.63,-348.78
2025-12-24T07:30:00.000Z,-1838.7,-323.34
2025-12-24T07:45:00.000Z,-1770.29,-271.95
2025-12-24T08:00:00.000Z,-1856.23,-191.11
2025-12-24T08:15:00.000Z,-1869.71,-148.61
2025-12-24T08:30:00.000Z,-1819.2,-124.56
2025-12-24T08:45:00.000Z,-1930.92,-90.28
2025-12-24T09:00:00.000Z,-1955.4,-25.32
2025-12-24T09:15:00.000Z,-1744.35,26.19
2025-12-24T09:30:00.000Z,-1595.99,44.2
2025-12-24T09:45:00.000Z,-1468.89,65.11
2025-12-24T10:00:00.000Z,-1825.57,134.47
2025-12-24T10:15:00.000Z,-1918.54,169.35
2025-12-24T10:30:00.000Z,-2110.5,182.85
2025-12-24T10:45:00.000Z,-2076.5,-13.69
2025-12-24T11:00:00.000Z,-1959.04,-344.38
2025-12-24T11:15:00.000Z,-1830.34,-364.33
2025-12-24T11:30:00.000Z,-1445.05,-362.15
2025-12-24T11:45:00.000Z,-1188.91,-361.87
2025-12-24T12:00:00.000Z,-1426.07,-378.3
2025-12-24T12:15:00.000Z,-1641.35,-379.4
2025-12-24T12:30:00.000Z,-1304.26,-378.54
2025-12-24T12:45:00.000Z,-1109.63,-372.59
2025-12-24T13:00:00.000Z,-1259.81,-348.76
2025-12-24T13:15:00.000Z,-1287.86,-344.35
2025-12-24T13:30:00.000Z,-1260.61,-345.4
2025-12-24T13:45:00.000Z,-1357.2,-330.37
2025-12-24T14:00:00.000Z,-1230.77,-263.23
2025-12-24T14:15:00.000Z,-971.18,-256.39
2025-12-24T14:30:00.000Z,-541.93,-258.33
2025-12-24T14:45:00.000Z,-423.98,-259.77
2025-12-24T15:00:00.000Z,-597.53,-243.93
2025-12-24T15:15:00.000Z,-430.8,-251.5
2025-12-24T15:30:00.000Z,-453.18,-255.9
2025-12-24T15:45:00.000Z,-533.57,-258.46
2025-12-24T16:00:00.000Z,-482.21,-293.33
2025-12-24T16:15:00.000Z,-537.93,-299.52
2025-12-24T16:30:00.000Z,-537.88,-314.38
2025-12-24T16:45:00.000Z,-390.05,-328.3
2025-12-24T17:00:00.000Z,-328.68,-398.18
2025-12-24T17:15:00.000Z,-172.43,-411.93
2025-12-24T17:30:00.000Z,-72.95,-431.23
2025-12-24T17:45:00.000Z,-89.95,-455.84
2025-12-24T18:00:00.000Z,96.43,-541.47
2025-12-24T18:15:00.000Z,168.4,-558.47
2025-12-24T18:30:00.000Z,87.34,-570.66
2025-12-24T18:45:00.000Z,63.09,-590.94
2025-12-24T19:00:00.000Z,259.95,-608.79
2025-12-24T19:15:00.000Z,158.65,-626.32
2025-12-24T19:30:00.000Z,234,-643.65
2025-12-24T19:45:00.000Z,286.04,-650.62
2025-12-24T20:00:00.000Z,95.32,-642.19
2025-12-24T20:15:00.000Z,-57.53,-657.61
2025-12-24T20:30:00.000Z,10.81,-678.25
2025-12-24T20:45:00.000Z,103.45,-689.36
2025-12-24T21:00:00.000Z,240.37,-695.32
2025-12-24T21:15:00.000Z,317.67,-671.37
2025-12-24T21:30:00.000Z,436.01,-775.78
2025-12-24T21:45:00.000Z,558.22,-791.24
2025-12-24T22:00:00.000Z,415.22,-789.47
2025-12-24T22:15:00.000Z,306.28,-802.15
2025-12-24T22:30:00.000Z,273.5,-791.52
2025-12-24T22:45:00.000Z,438.93,-821.8
2025-12-24T23:00:00.000Z,700.57,-791.76
2025-12-24T23:15:00.000Z,710.11,-691.28
2025-12-24T23:30:00.000Z,650.21,-633.41
2025-12-24T23:45:00.000Z,819.13,-559.61
2025-12-25T00:00:00.000Z,902.99,-545.69
2025-12-25T00:15:00.000Z,989.63,-479.49
2025-12-25T00:30:00.000Z,1090.81,-498.37
2025-12-25T00:45:00.000Z,1075.95,-520.12
2025-12-25T01:00:00.000Z,1050.44,-317.36
2025-12-25T01:15:00.000Z,742.79,5.42
2025-12-25T01:30:00.000Z,403.88,245.95
2025-12-25T01:45:00.000Z,-1.75,593
2025-12-25T02:00:00.000Z,-84.76,784.39
2025-12-25T02:15:00.000Z,-17.66,771.26
2025-12-25T02:30:00.000Z,-379.92,771.91
2025-12-25T02:45:00.000Z,-275.29,776.07
2025-12-25T03:00:00.000Z,-97.59,789.15
2025-12-25T03:15:00.000Z,-299.24,783.2
2025-12-25T03:30:00.000Z,-298.38,790.89
2025-12-25T03:45:00.000Z,-325.28,833.11
2025-12-25T04:00:00.000Z,-418.38,1149.32
2025-12-25T04:15:00.000Z,-446.71,1156.15
2025-12-25T04:30:00.000Z,-494.78,1155.66
2025-12-25T04:45:00.000Z,-528.18,1164.47
2025-12-25T05:00:00.000Z,-382.26,1194.13
2025-12-25T05:15:00.000Z,-363.32,1197.9
2025-12-25T05:30:00.000Z,-478.57,1197.93
2025-12-25T05:45:00.000Z,-469.15,1190.56
2025-12-25T06:00:00.000Z,-379.2,1097.28
2025-12-25T06:15:00.000Z,-284.83,1081.7
2025-12-25T06:30:00.000Z,-268.42,1078.05
2025-12-25T06:45:00.000Z,-156.7,1065.58
2025-12-25T07:00:00.000Z,483.55,570.06
2025-12-25T07:15:00.000Z,985.76,113.3
2025-12-25T07:30:00.000Z,1230.65,-75.62
2025-12-25T07:45:00.000Z,1084.59,-37.92
2025-12-25T08:00:00.000Z,1169.49,-219.76
2025-12-25T08:15:00.000Z,905.48,-39.97
2025-12-25T08:30:00.000Z,436.96,423.24
2025-12-25T08:45:00.000Z,340.99,683.98
2025-12-25T09:00:00.000Z,976.29,179.75
2025-12-25T09:15:00.000Z,924.99,267.66
2025-12-25T09:30:00.000Z,761.59,498.38
2025-12-25T09:45:00.000Z,645.61,686.89
2025-12-25T10:00:00.000Z,1176.28,203.52
2025-12-25T10:15:00.000Z,1210.58,199.68
2025-12-25T10:30:00.000Z,1013.3,232.87
2025-12-25T10:45:00.000Z,908.24,243.42
2025-12-25T11:00:00.000Z,952.07,211.76
2025-12-25T11:15:00.000Z,854.64,258.63
2025-12-25T11:30:00.000Z,928.17,164.68
2025-12-25T11:45:00.000Z,1279.88,-116.56
2025-12-25T12:00:00.000Z,1177.76,-165.7
2025-12-25T12:15:00.000Z,1201.47,-195.8
2025-12-25T12:30:00.000Z,1325,-230.45
2025-12-25T12:45:00.000Z,1354.56,-250.19
2025-12-25T13:00:00.000Z,1377.08,-282.8
2025-12-25T13:15:00.000Z,1496.5,-383.75
2025-12-25T13:30:00.000Z,1320.19,-532.47
2025-12-25T13:45:00.000Z,1229.94,-555.33
2025-12-25T14:00:00.000Z,1309.84,-537.28
2025-12-25T14:15:00.000Z,1444.95,-560.67
2025-12-25T14:30:00.000Z,1404.1,-606.04
2025-12-25T14:45:00.000Z,1483.82,-633.64
2025-12-25T15:00:00.000Z,1403.06,-631.18
2025-12-25T15:15:00.000Z,1528.43,-651.57
2025-12-25T15:30:00.000Z,1515.8,-674.85
2025-12-25T15:45:00.000Z,1400,-681.93
2025-12-25T16:00:00.000Z,1312.22,-633.85
2025-12-25T16:15:00.000Z,1302.1,-649.92
2025-12-25T16:30:00.000Z,1321.76,-669.12
2025-12-25T16:45:00.000Z,1343.09,-695.74
2025-12-25T17:00:00.000Z,1260.88,-692.03
2025-12-25T17:15:00.000Z,1246.82,-691.3
2025-12-25T17:30:00.000Z,1267.73,-702.54
2025-12-25T17:45:00.000Z,1256.73,-715.04
2025-12-25T18:00:00.000Z,1373.61,-719.27
2025-12-25T18:15:00.000Z,1409.43,-732.51
2025-12-25T18:30:00.000Z,1436.71,-710.49
2025-12-25T18:45:00.000Z,1360.23,-711.2
2025-12-25T19:00:00.000Z,1359.11,-785.58
2025-12-25T19:15:00.000Z,1351.98,-784.79
2025-12-25T19:30:00.000Z,1336.91,-764.93
2025-12-25T19:45:00.000Z,1384.9,-764.75
2025-12-25T20:00:00.000Z,1351.63,-840.01
2025-12-25T20:15:00.000Z,1298.54,-869.7
2025-12-25T20:30:00.000Z,1234.92,-898.17
2025-12-25T20:45:00.000Z,1111.34,-923.01
2025-12-25T21:00:00.000Z,1402.39,-1141.24
2025-12-25T21:15:00.000Z,1514.79,-1187.67
2025-12-25T21:30:00.000Z,1628.73,-1138.43
2025-12-25T21:45:00.000Z,1568.75,-1049.69
2025-12-25T22:00:00.000Z,1335.42,-1052.15
2025-12-25T22:15:00.000Z,1249.17,-1020.58
2025-12-25T22:30:00.000Z,1348.52,-1078.73
2025-12-25T22:45:00.000Z,1324.69,-1091.72
2025-12-25T23:00:00.000Z,1252.48,-1182.56
2025-12-25T23:15:00.000Z,1064.51,-1194.08
2025-12-25T23:30:00.000Z,943.61,-1194.5
2025-12-25T23:45:00.000Z,1116,-1194.5
2025-12-26T00:00:00.000Z,928.35,-1194.41
2025-12-26T00:15:00.000Z,774.37,-1194.43
2025-12-26T00:30:00.000Z,740.27,-1194.5
2025-12-26T00:45:00.000Z,696.87,-1194.56
2025-12-26T01:00:00.000Z,690.17,-1194.2
2025-12-26T01:15:00.000Z,704.29,-1194.17
2025-12-26T01:30:00.000Z,690.37,-1194.27
2025-12-26T01:45:00.000Z,642.84,-1194.3
2025-12-26T02:00:00.000Z,724.94,-1194.3
2025-12-26T02:15:00.000Z,758.77,-1194.3
2025-12-26T02:30:00.000Z,700.09,-1194.1
2025-12-26T02:45:00.000Z,764.98,-1194.46
2025-12-26T03:00:00.000Z,953.13,-1194.31
2025-12-26T03:15:00.000Z,979.54,-1194.28
2025-12-26T03:30:00.000Z,1035.43,-1194.1
2025-12-26T03:45:00.000Z,998.85,-1194.1
2025-12-26T04:00:00.000Z,993.73,-1194.1
2025-12-26T04:15:00.000Z,963.67,-1194.1
2025-12-26T04:30:00.000Z,1071.91,-1194.1
2025-12-26T04:45:00.000Z,1059.47,-1194.1
2025-12-26T05:00:00.000Z,1090.16,-1194.18
2025-12-26T05:15:00.000Z,1111.17,-1192.51
2025-12-26T05:30:00.000Z,1016.19,-1169.51
2025-12-26T05:45:00.000Z,960.09,-1153.68
2025-12-26T06:00:00.000Z,956.88,-1189.66
2025-12-26T06:15:00.000Z,903.7,-1193.3
2025-12-26T06:30:00.000Z,806.41,-1173.33
2025-12-26T06:45:00.000Z,778.18,-1144.01
2025-12-26T07:00:00.000Z,796.25,-1185.36
2025-12-26T07:15:00.000Z,736.62,-1151.81
2025-12-26T07:30:00.000Z,469.62,-1127.46
2025-12-26T07:45:00.000Z,488.42,-1064.73
2025-12-26T08:00:00.000Z,223.3,-719.1
2025-12-26T08:15:00.000Z,198.66,-654.11
2025-12-26T08:30:00.000Z,359.13,-624.44
2025-12-26T08:45:00.000Z,123.92,-457.04
2025-12-26T09:00:00.000Z,-627.42,50.42
2025-12-26T09:15:00.000Z,-761.4,343.75
2025-12-26T09:30:00.000Z,-495.72,153.33
2025-12-26T09:45:00.000Z,-322.82,-60.99
2025-12-26T10:00:00.000Z,412.56,-503.22
2025-12-26T10:15:00.000Z,548.08,-717.75
2025-12-26T10:30:00.000Z,334.86,-844.79
2025-12-26T10:45:00.000Z,501.45,-955.3
2025-12-26T11:00:00.000Z,534.39,-1094.39
2025-12-26T11:15:00.000Z,485.55,-1103.91
2025-12-26T11:30:00.000Z,625.59,-1097.5
2025-12-26T11:45:00.000Z,653.79,-1088.54
2025-12-26T12:00:00.000Z,423.83,-1100.35
2025-12-26T12:15:00.000Z,342.69,-1091.89
2025-12-26T12:30:00.000Z,327.78,-1085.76
2025-12-26T12:45:00.000Z,302.03,-1078.15
2025-12-26T13:00:00.000Z,78.16,-1094.78
2025-12-26T13:15:00.000Z,29.25,-1089.4
2025-12-26T13:30:00.000Z,52.23,-1086.07
2025-12-26T13:45:00.000Z,94.97,-1069.57
2025-12-26T14:00:00.000Z,80.96,-1086.35
2025-12-26T14:15:00.000Z,100.68,-1061.25
2025-12-26T14:30:00.000Z,25.46,-1037.37
2025-12-26T14:45:00.000Z,-96.29,-1010.86
2025-12-26T15:00:00.000Z,-287.58,-946
2025-12-26T15:15:00.000Z,-454.61,-930.55
2025-12-26T15:30:00.000Z,-542.07,-930.16
2025-12-26T15:45:00.000Z,-650.59,-929.89
2025-12-26T16:00:00.000Z,-815.66,-869.92
2025-12-26T16:15:00.000Z,-1024.13,-873.08
2025-12-26T16:30:00.000Z,-1062.31,-901.37
2025-12-26T16:45:00.000Z,-1127.41,-921.92
2025-12-26T17:00:00.000Z,-1018.06,-921.3
2025-12-26T17:15:00.000Z,-1004.9,-941.46
2025-12-26T17:30:00.000Z,-1211.72,-971.81
2025-12-26T17:45:00.000Z,-1249.38,-999.94
2025-12-26T18:00:00.000Z,-1194.03,-1021.27
2025-12-26T18:15:00.000Z,-1141.81,-1049.59
2025-12-26T18:30:00.000Z,-1180.63,-1082.79
2025-12-26T18:45:00.000Z,-1175.8,-1135.93
2025-12-26T19:00:00.000Z,-1055.46,-1142.75
2025-12-26T19:15:00.000Z,-1049.92,-1177
2025-12-26T19:30:00.000Z,-1142.59,-1191.67
2025-12-26T19:45:00.000Z,-1176.7,-1194.15
2025-12-26T20:00:00.000Z,-1335.18,-1193.95
2025-12-26T20:15:00.000Z,-1376.47,-1193.97
2025-12-26T20:30:00.000Z,-1566.99,-1193.95
2025-12-26T20:45:00.000Z,-1579.51,-1193.98
2025-12-26T21:00:00.000Z,-1401.38,-1194.19
2025-12-26T21:15:00.000Z,-1210.78,-1193.85
2025-12-26T21:30:00.000Z,-885.77,-1194.2
2025-12-26T21:45:00.000Z,-835.14,-1194
2025-12-26T22:00:00.000Z,-768.96,-1194
2025-12-26T22:15:00.000Z,-563.88,-1193.96
2025-12-26T22:30:00.000Z,-337.11,-1194.03
2025-12-26T22:45:00.000Z,-314.66,-1194.1
2025-12-26T23:00:00.000Z,-378.48,-1194.08
2025-12-26T23:15:00.000Z,-111.04,-1194.11
2025-12-26T23:30:00.000Z,-43.28,-1194.29
2025-12-26T23:45:00.000Z,-130.9,-1193.98
2025-12-27T00:00:00.000Z,207.84,-1194.27
2025-12-27T00:15:00.000Z,593.14,-1194.3
2025-12-27T00:30:00.000Z,731.3,-1177.58
2025-12-27T00:45:00.000Z,657.46,-908.32
2025-12-27T01:00:00.000Z,46.31,-369.13
2025-12-27T01:15:00.000Z,159.37,-287.1
2025-12-27T01:30:00.000Z,135.74,-419.12
2025-12-27T01:45:00.000Z,178.31,-689.19
2025-12-27T02:00:00.000Z,679.12,-1106.96
2025-12-27T02:15:00.000Z,874.01,-1185.72
2025-12-27T02:30:00.000Z,727,-1193.85
2025-12-27T02:45:00.000Z,761.77,-1193.8
2025-12-27T03:00:00.000Z,1086.3,-1193.8
2025-12-27T03:15:00.000Z,1047.77,-1187.78
2025-12-27T03:30:00.000Z,892.73,-1105.58
2025-12-27T03:45:00.000Z,730.86,-1004.83
2025-12-27T04:00:00.000Z,68.31,-472.72
2025-12-27T04:15:00.000Z,229.39,-227.25
2025-12-27T04:30:00.000Z,44.5,-63.09
2025-12-27T04:45:00.000Z,-479.25,357.89
2025-12-27T05:00:00.000Z,-867.26,755.96
2025-12-27T05:15:00.000Z,-1081.39,1060.32
2025-12-27T05:30:00.000Z,-1032.72,1138.64
2025-12-27T05:45:00.000Z,-1074.23,1167.5
2025-12-27T06:00:00.000Z,-1083,1180.79
2025-12-27T06:15:00.000Z,-1079.95,1176.9
2025-12-27T06:30:00.000Z,-1119.54,1195.35
2025-12-27T06:45:00.000Z,-1070.46,1198.13
2025-12-27T07:00:00.000Z,-580.69,1192.42
2025-12-27T07:15:00.000Z,-258.88,1122.43
2025-12-27T07:30:00.000Z,-386.68,1152.02
2025-12-27T07:45:00.000Z,-498.76,1184.98
2025-12-27T08:00:00.000Z,-368.66,1071.8
2025-12-27T08:15:00.000Z,-217.44,943.42
2025-12-27T08:30:00.000Z,12.09,952.99
2025-12-27T08:45:00.000Z,13.25,998.96
2025-12-27T09:00:00.000Z,-146.91,943.64
2025-12-27T09:15:00.000Z,-249.39,1064.79
2025-12-27T09:30:00.000Z,-215.61,1087.81
2025-12-27T09:45:00.000Z,-179.38,1147.04
2025-12-27T10:00:00.000Z,-24.38,949.43
2025-12-27T10:15:00.000Z,-71.8,964.33
2025-12-27T10:30:00.000Z,-244.71,1022.34
2025-12-27T10:45:00.000Z,-319.95,1029.77
2025-12-27T11:00:00.000Z,-495.9,939.79
2025-12-27T11:15:00.000Z,-362.21,877.57
2025-12-27T11:30:00.000Z,-147.3,663.5
2025-12-27T11:45:00.000Z,-109.91,491.16
2025-12-27T12:00:00.000Z,208.39,119.41
2025-12-27T12:15:00.000Z,430.18,-265.65
2025-12-27T12:30:00.000Z,424.27,-344.43
2025-12-27T12:45:00.000Z,588.91,-371.68
2025-12-27T13:00:00.000Z,782.36,-396.4
2025-12-27T13:15:00.000Z,782.9,-489.77
2025-12-27T13:30:00.000Z,836.64,-505.42
2025-12-27T13:45:00.000Z,1258.7,-585.27
2025-12-27T14:00:00.000Z,1611.33,-754.31
2025-12-27T14:15:00.000Z,1835.27,-804.16
2025-12-27T14:30:00.000Z,1831.07,-958.06
2025-12-27T14:45:00.000Z,1718.29,-865.5
2025-12-27T15:00:00.000Z,1710.49,-703.91
2025-12-27T15:15:00.000Z,1451.03,-657.78
2025-12-27T15:30:00.000Z,1568.55,-688.03
2025-12-27T15:45:00.000Z,1691.68,-731.95
2025-12-27T16:00:00.000Z,1407.71,-630.86
2025-12-27T16:15:00.000Z,1062.81,-603.38
2025-12-27T16:30:00.000Z,853.36,-619.08
2025-12-27T16:45:00.000Z,824.3,-646.93
2025-12-27T17:00:00.000Z,722.62,-688.05
2025-12-27T17:15:00.000Z,885.15,-691.07
2025-12-27T17:30:00.000Z,1055.09,-861.52
2025-12-27T17:45:00.000Z,972.91,-856.54
2025-12-27T18:00:00.000Z,799.44,-781.91
2025-12-27T18:15:00.000Z,776.37,-837.58
2025-12-27T18:30:00.000Z,729.87,-883.22
2025-12-27T18:45:00.000Z,549.03,-917.36
2025-12-27T19:00:00.000Z,440.55,-957.14
2025-12-27T19:15:00.000Z,362.72,-1044.36
2025-12-27T19:30:00.000Z,370.66,-1149.7
2025-12-27T19:45:00.000Z,382.6,-1118.61
2025-12-27T20:00:00.000Z,410.86,-1183.92
2025-12-27T20:15:00.000Z,406.97,-1193.01
2025-12-27T20:30:00.000Z,547.5,-1193.52
2025-12-27T20:45:00.000Z,438.02,-1184.49
2025-12-27T21:00:00.000Z,415.56,-1074.67
2025-12-27T21:15:00.000Z,328.37,-1079.66
2025-12-27T21:30:00.000Z,445.9,-1153.81
2025-12-27T21:45:00.000Z,603.03,-1188.99
2025-12-27T22:00:00.000Z,854.22,-1193.71
2025-12-27T22:15:00.000Z,975.16,-1193.99
2025-12-27T22:30:00.000Z,1153.05,-1193.97
2025-12-27T22:45:00.000Z,1366.53,-1167.87
2025-12-27T23:00:00.000Z,1029.37,-846.29
2025-12-27T23:15:00.000Z,1041.4,-929.52
2025-12-27T23:30:00.000Z,1274.48,-1164.4
2025-12-27T23:45:00.000Z,1438.18,-1167.31
2025-12-28T00:00:00.000Z,1475.51,-1173.84
2025-12-28T00:15:00.000Z,1616.9,-1052.41
2025-12-28T00:30:00.000Z,1560.14,-956.66
2025-12-28T00:45:00.000Z,1577.29,-916.5
2025-12-28T01:00:00.000Z,1376.74,-935.47
2025-12-28T01:15:00.000Z,1419.01,-804.26
2025-12-28T01:30:00.000Z,1533.68,-782.54
2025-12-28T01:45:00.000Z,1449.51,-696.41
2025-12-28T02:00:00.000Z,1252.5,-559.99
2025-12-28T02:15:00.000Z,1269.79,-543
2025-12-28T02:30:00.000Z,1261.04,-482.33
2025-12-28T02:45:00.000Z,1269.24,-491.47
2025-12-28T03:00:00.000Z,1392.71,-815.71
2025-12-28T03:15:00.000Z,1196.79,-875.62
2025-12-28T03:30:00.000Z,1017.52,-1144.47
2025-12-28T03:45:00.000Z,819.03,-1005.89
2025-12-28T04:00:00.000Z,941.76,-1167.42
2025-12-28T04:15:00.000Z,810.56,-1145.81
2025-12-28T04:30:00.000Z,550.33,-1051.54
2025-12-28T04:45:00.000Z,259.36,-714.59
2025-12-28T05:00:00.000Z,608.44,-1121.03
2025-12-28T05:15:00.000Z,792.23,-1022.36
2025-12-28T05:30:00.000Z,675.18,-871.32
2025-12-28T05:45:00.000Z,523.42,-918.09
2025-12-28T06:00:00.000Z,355.51,-923.52
2025-12-28T06:15:00.000Z,310.3,-969.79
2025-12-28T06:30:00.000Z,64.45,-966.34
2025-12-28T06:45:00.000Z,-322.85,-919.92
2025-12-28T07:00:00.000Z,-214.09,-914.74
2025-12-28T07:15:00.000Z,-281.82,-879.29
2025-12-28T07:30:00.000Z,-425.43,-841.43
2025-12-28T07:45:00.000Z,-629.74,-816.17
2025-12-28T08:00:00.000Z,-1137.28,-724.02
2025-12-28T08:15:00.000Z,-1368.45,-694.37
2025-12-28T08:30:00.000Z,-1169.86,-687.57
2025-12-28T08:45:00.000Z,-1090.29,-685.47
2025-12-28T09:00:00.000Z,-1457.45,-700.32
2025-12-28T09:15:00.000Z,-1320.33,-697.35
2025-12-28T09:30:00.000Z,-1065.41,-695.37
2025-12-28T09:45:00.000Z,-1162.19,-660.98
2025-12-28T10:00:00.000Z,-1456.81,-411.01
2025-12-28T10:15:00.000Z,-1512.98,-383.61
2025-12-28T10:30:00.000Z,-1556.12,-366.49
2025-12-28T10:45:00.000Z,-1536.08,-379.1
2025-12-28T11:00:00.000Z,-1067.8,-649.02
2025-12-28T11:15:00.000Z,-733.39,-681.27
2025-12-28T11:30:00.000Z,-549.18,-682.56
2025-12-28T11:45:00.000Z,-737.32,-695.18
2025-12-28T12:00:00.000Z,-762.85,-687.49
2025-12-28T12:15:00.000Z,-776,-684.87
2025-12-28T12:30:00.000Z,-767.62,-680.17
2025-12-28T12:45:00.000Z,-643.98,-702.96
2025-12-28T13:00:00.000Z,-417.49,-931.5
2025-12-28T13:15:00.000Z,-552.37,-954.56
2025-12-28T13:30:00.000Z,-900.44,-946.35
2025-12-28T13:45:00.000Z,-835.35,-949.85
2025-12-28T14:00:00.000Z,-700.73,-1025.8
2025-12-28T14:15:00.000Z,-788.29,-1028.3
2025-12-28T14:30:00.000Z,-831.26,-1031.56
2025-12-28T14:45:00.000Z,-984.03,-1047.17
2025-12-28T15:00:00.000Z,-1276.58,-959.13
2025-12-28T15:15:00.000Z,-1242.86,-957.49
2025-12-28T15:30:00.000Z,-1229.61,-969.05
2025-12-28T15:45:00.000Z,-1183.47,-948.68
2025-12-28T16:00:00.000Z,-1615.51,-579.26
2025-12-28T16:15:00.000Z,-1708.57,-567.43
2025-12-28T16:30:00.000Z,-1592.66,-609.53
2025-12-28T16:45:00.000Z,-1611.31,-585.36
2025-12-28T17:00:00.000Z,-1647.33,-595.8
2025-12-28T17:15:00.000Z,-1742.17,-549.49
2025-12-28T17:30:00.000Z,-1781.19,-509.88
2025-12-28T17:45:00.000Z,-1763.32,-512.08
2025-12-28T18:00:00.000Z,-1142.81,-1010.63
2025-12-28T18:15:00.000Z,-911.14,-1159.95
2025-12-28T18:30:00.000Z,-639.52,-1155.6
2025-12-28T18:45:00.000Z,-446.22,-1162.26
2025-12-28T19:00:00.000Z,-157.83,-1188.98
2025-12-28T19:15:00.000Z,-57.78,-1187.74
2025-12-28T19:30:00.000Z,-134.83,-1106.12
2025-12-28T19:45:00.000Z,-143.43,-1063.46
2025-12-28T20:00:00.000Z,-222.97,-1178.79
2025-12-28T20:15:00.000Z,-264.94,-1194
2025-12-28T20:30:00.000Z,-181.85,-1193.97
2025-12-28T20:45:00.000Z,-264.71,-1192.01
2025-12-28T21:00:00.000Z,-255.69,-1168.1
2025-12-28T21:15:00.000Z,-45.91,-1186.98
2025-12-28T21:30:00.000Z,157.89,-1187.5
2025-12-28T21:45:00.000Z,297.83,-1083.65
2025-12-28T22:00:00.000Z,-231.14,-548.35
2025-12-28T22:15:00.000Z,-458.94,-317.09
2025-12-28T22:30:00.000Z,-463.01,-259.6
2025-12-28T22:45:00.000Z,-267.55,-209.26
2025-12-28T23:00:00.000Z,-889.21,227.7
2025-12-28T23:15:00.000Z,-1345.81,750.52
2025-12-28T23:30:00.000Z,-1427.11,825.6
2025-12-28T23:45:00.000Z,-1664.8,944.86
2025-12-29T00:00:00.000Z,-1588.02,988.03
2025-12-29T00:15:00.000Z,-1315.03,885
2025-12-29T00:30:00.000Z,-1335.96,925.58
2025-12-29T00:45:00.000Z,-1298.7,926.31
2025-12-29T01:00:00.000Z,-1220.11,890.07
2025-12-29T01:15:00.000Z,-1242.15,913.05
2025-12-29T01:30:00.000Z,-1389.36,914.16
2025-12-29T01:45:00.000Z,-1286.07,910.1
2025-12-29T02:00:00.000Z,-1153.85,870.13
2025-12-29T02:15:00.000Z,-1263.19,892.32
2025-12-29T02:30:00.000Z,-1286.83,893.49
2025-12-29T02:45:00.000Z,-1189.55,861.42
2025-12-29T03:00:00.000Z,-1129.43,920.82
2025-12-29T03:15:00.000Z,-1059.74,936.05
2025-12-29T03:30:00.000Z,-1161.74,964.97
2025-12-29T03:45:00.000Z,-1269.49,1100.92
2025-12-29T04:00:00.000Z,-1325.01,1128.83
2025-12-29T04:15:00.000Z,-1394.86,1108.69
2025-12-29T04:30:00.000Z,-1399.23,1144.59
2025-12-29T04:45:00.000Z,-1297.5,1037.05
2025-12-29T05:00:00.000Z,-1485.48,1157.72
2025-12-29T05:15:00.000Z,-1525.28,1103.65
2025-12-29T05:30:00.000Z,-1502.65,886.92
2025-12-29T05:45:00.000Z,-1315.61,563.52
2025-12-29T06:00:00.000Z,-1008.13,82.98
2025-12-29T06:15:00.000Z,-610.35,-333.04
2025-12-29T06:30:00.000Z,-359.2,-570.11
2025-12-29T06:45:00.000Z,-262.98,-683.83
2025-12-29T07:00:00.000Z,-303.83,-722.27
2025-12-29T07:15:00.000Z,-296.23,-755.46
2025-12-29T07:30:00.000Z,-402.36,-757.1
2025-12-29T07:45:00.000Z,-290.69,-852.81
2025-12-29T08:00:00.000Z,20.27,-1167.08
2025-12-29T08:15:00.000Z,124.87,-1193.16
2025-12-29T08:30:00.000Z,-84.69,-1193.21
2025-12-29T08:45:00.000Z,-82.35,-1193.49
2025-12-29T09:00:00.000Z,-105.77,-1193.92
2025-12-29T09:15:00.000Z,-438.26,-1191.25
2025-12-29T09:30:00.000Z,-379.57,-1177.71
2025-12-29T09:45:00.000Z,-267.27,-1164.75
2025-12-29T10:00:00.000Z,-357.09,-1166.46
2025-12-29T10:15:00.000Z,-333.68,-1146.11
2025-12-29T10:30:00.000Z,-307.8,-1128.78
2025-12-29T10:45:00.000Z,-447.02,-1114.73
2025-12-29T11:00:00.000Z,-506.93,-1109.86
2025-12-29T11:15:00.000Z,-566.62,-1098.76
2025-12-29T11:30:00.000Z,-534.01,-1084.11
2025-12-29T11:45:00.000Z,-482.49,-1078.5
2025-12-29T12:00:00.000Z,-378.48,-1022.92
2025-12-29T12:15:00.000Z,-397.75,-1022.36
2025-12-29T12:30:00.000Z,-372.83,-1024.06
2025-12-29T12:45:00.000Z,-373.78,-1026.98
2025-12-29T13:00:00.000Z,-384.31,-989.42
2025-12-29T13:15:00.000Z,-334.25,-995.95
2025-12-29T13:30:00.000Z,-399.67,-1023.77
2025-12-29T13:45:00.000Z,-479.96,-1034.9
2025-12-29T14:00:00.000Z,-677,-884.31
2025-12-29T14:15:00.000Z,-609.81,-856.47
2025-12-29T14:30:00.000Z,-586.38,-861.37
2025-12-29T14:45:00.000Z,-590.1,-856
2025-12-29T15:00:00.000Z,-407.6,-814.77
2025-12-29T15:15:00.000Z,-405.9,-807.61
2025-12-29T15:30:00.000Z,-716.15,-801.78
2025-12-29T15:45:00.000Z,-685.75,-803.33
2025-12-29T16:00:00.000Z,-635.83,-860.91
2025-12-29T16:15:00.000Z,-525.09,-866.72
2025-12-29T16:30:00.000Z,-468.87,-865.33
2025-12-29T16:45:00.000Z,-532.17,-853.97
2025-12-29T17:00:00.000Z,-267.63,-978.36
2025-12-29T17:15:00.000Z,-277.47,-994.58
2025-12-29T17:30:00.000Z,-253.14,-984
2025-12-29T17:45:00.000Z,-142.54,-970.68
2025-12-29T18:00:00.000Z,-92.25,-966.82
2025-12-29T18:15:00.000Z,48.44,-967.21
2025-12-29T18:30:00.000Z,63.34,-926.99
2025-12-29T18:45:00.000Z,-119.54,-898.1
2025-12-29T19:00:00.000Z,-79.39,-675.01
2025-12-29T19:15:00.000Z,-120.92,-658.01
2025-12-29T19:30:00.000Z,-97.1,-666.75
2025-12-29T19:45:00.000Z,200.48,-684.13
2025-12-29T20:00:00.000Z,161.75,-799.03
2025-12-29T20:15:00.000Z,69.54,-813.92
2025-12-29T20:30:00.000Z,112.34,-812.93
2025-12-29T20:45:00.000Z,135.05,-828.89
2025-12-29T21:00:00.000Z,258.54,-864.18
2025-12-29T21:15:00.000Z,531.31,-868.64
2025-12-29T21:30:00.000Z,654.11,-900.38
2025-12-29T21:45:00.000Z,657.68,-904.9
2025-12-29T22:00:00.000Z,637.34,-812.2
2025-12-29T22:15:00.000Z,517.89,-722.42
2025-12-29T22:30:00.000Z,640.65,-678.7
2025-12-29T22:45:00.000Z,637.53,-612.82
2025-12-29T23:00:00.000Z,16.04,-125.88
2025-12-29T23:15:00.000Z,-85.99,82.22
2025-12-29T23:30:00.000Z,-33.17,100.67
2025-12-29T23:45:00.000Z,-111.47,205.3
2025-12-30T00:00:00.000Z,78.37,-91.66
2025-12-30T00:15:00.000Z,88.19,-92.28
2025-12-30T00:30:00.000Z,-3.86,-0.55
2025-12-30T00:45:00.000Z,-85.45,-42.38
2025-12-30T01:00:00.000Z,390.34,-465.42
2025-12-30T01:15:00.000Z,282.33,-245.92
2025-12-30T01:30:00.000Z,-176.69,155.64
2025-12-30T01:45:00.000Z,-412,473.67
2025-12-30T02:00:00.000Z,-534.64,681.66
2025-12-30T02:15:00.000Z,-726.8,862.41
2025-12-30T02:30:00.000Z,-859.82,1065.4
2025-12-30T02:45:00.000Z,-950.43,1161.3
2025-12-30T03:00:00.000Z,-880.7,946.43
2025-12-30T03:15:00.000Z,-940.98,1166.08
2025-12-30T03:30:00.000Z,-1015.46,1195.23
2025-12-30T03:45:00.000Z,-1186.54,1157.2
2025-12-30T04:00:00.000Z,-484.55,621.54
2025-12-30T04:15:00.000Z,-168.58,83.79
2025-12-30T04:30:00.000Z,5.11,-310.1
2025-12-30T04:45:00.000Z,233.28,-561.66
2025-12-30T05:00:00.000Z,77.17,-529.66
2025-12-30T05:15:00.000Z,73.07,-552.15
2025-12-30T05:30:00.000Z,60.56,-554.33
2025-12-30T05:45:00.000Z,-4.22,-557.42
2025-12-30T06:00:00.000Z,52.51,-738.11
2025-12-30T06:15:00.000Z,-41.06,-657.23
2025-12-30T06:30:00.000Z,-26.43,-611.72
2025-12-30T06:45:00.000Z,-63.84,-550.81
2025-12-30T07:00:00.000Z,-319.4,-341.65
2025-12-30T07:15:00.000Z,-388.42,-282.73
2025-12-30T07:30:00.000Z,-377.19,-210.22
2025-12-30T07:45:00.000Z,-416.92,-72.45
2025-12-30T08:00:00.000Z,-1020.38,187.99
2025-12-30T08:15:00.000Z,-1098.9,326.05
2025-12-30T08:30:00.000Z,-1210.62,398.9
2025-12-30T08:45:00.000Z,-1337.16,400.84
2025-12-30T09:00:00.000Z,-1482.15,452.54
2025-12-30T09:15:00.000Z,-1553.73,426.02
2025-12-30T09:30:00.000Z,-1502.73,383.16
2025-12-30T09:45:00.000Z,-1573.04,421.58
2025-12-30T10:00:00.000Z,-1748.9,209.07
2025-12-30T10:15:00.000Z,-1860.14,164.95
2025-12-30T10:30:00.000Z,-1968.31,192.35
2025-12-30T10:45:00.000Z,-1871.69,175.15
2025-12-30T11:00:00.000Z,-1605.61,-41.35
2025-12-30T11:15:00.000Z,-1623.26,-16.89
2025-12-30T11:30:00.000Z,-1749.12,37.63
2025-12-30T11:45:00.000Z,-1820.25,59.49
2025-12-30T12:00:00.000Z,-1719.6,-3.64
2025-12-30T12:15:00.000Z,-1720.13,-41.57
2025-12-30T12:30:00.000Z,-1657.86,-103.75
2025-12-30T12:45:00.000Z,-1699.03,-155.23
2025-12-30T13:00:00.000Z,-1558.7,-336.69
2025-12-30T13:15:00.000Z,-1454.22,-404.78
2025-12-30T13:30:00.000Z,-1514.59,-421.79
2025-12-30T13:45:00.000Z,-1425.01,-399.46
2025-12-30T14:00:00.000Z,-1429.35,-427.42
2025-12-30T14:15:00.000Z,-1589.29,-401.16
2025-12-30T14:30:00.000Z,-1617.26,-376.69
2025-12-30T14:45:00.000Z,-1774.35,-362.68
2025-12-30T15:00:00.000Z,-1789.63,-354.45
2025-12-30T15:15:00.000Z,-1626.32,-344.31
2025-12-30T15:30:00.000Z,-1603.76,-331.93
2025-12-30T15:45:00.000Z,-1695.08,-315.87
2025-12-30T16:00:00.000Z,-1688.76,-261.26
2025-12-30T16:15:00.000Z,-1633.84,-351.96
2025-12-30T16:30:00.000Z,-1694.88,-381.9
2025-12-30T16:45:00.000Z,-1675.75,-352.78
2025-12-30T17:00:00.000Z,-1689.94,-508.54
2025-12-30T17:15:00.000Z,-1848.51,-506.46
2025-12-30T17:30:00.000Z,-1723.86,-524.97
2025-12-30T17:45:00.000Z,-1661.47,-530.91
2025-12-30T18:00:00.000Z,-1708.04,-490.56
2025-12-30T18:15:00.000Z,-1725.26,-559.7
2025-12-30T18:30:00.000Z,-1686.11,-550.57
2025-12-30T18:45:00.000Z,-1770.64,-559.27
2025-12-30T19:00:00.000Z,-1929.74,-503.86
2025-12-30T19:15:00.000Z,-1901.84,-535.6
2025-12-30T19:30:00.000Z,-1782.32,-564.47
2025-12-30T19:45:00.000Z,-1699.99,-673.88
2025-12-30T20:00:00.000Z,-1641.05,-1011.44
2025-12-30T20:15:00.000Z,-1669.51,-1071.41
2025-12-30T20:30:00.000Z,-1708.71,-1114.07
2025-12-30T20:45:00.000Z,-1716.27,-1144.97
2025-12-30T21:00:00.000Z,-1684.44,-1146.48
2025-12-30T21:15:00.000Z,-1700.05,-1122.01
2025-12-30T21:30:00.000Z,-1703.31,-1124.81
2025-12-30T21:45:00.000Z,-1706.49,-1132.88
2025-12-30T22:00:00.000Z,-1846.71,-1062.61
2025-12-30T22:15:00.000Z,-1914.42,-1056.1
2025-12-30T22:30:00.000Z,-1753.91,-1139.01
2025-12-30T22:45:00.000Z,-1554.26,-1151.59
2025-12-30T23:00:00.000Z,-1791.75,-1037.05
2025-12-30T23:15:00.000Z,-2044.48,-990.18
2025-12-30T23:30:00.000Z,-1816.87,-1041.24
2025-12-30T23:45:00.000Z,-1707.24,-1008.38
2025-12-31T00:00:00.000Z,-1679.21,-1120.75
2025-12-31T00:15:00.000Z,-1773.87,-1129.36
2025-12-31T00:30:00.000Z,-1749.95,-1136.01
2025-12-31T00:45:00.000Z,-1595.87,-1150.63
2025-12-31T01:00:00.000Z,-1533.95,-1173.06
2025-12-31T01:15:00.000Z,-1687.76,-1175.56
2025-12-31T01:30:00.000Z,-1653.76,-1171.59
2025-12-31T01:45:00.000Z,-1631.1,-1169.56
2025-12-31T02:00:00.000Z,-1583.83,-1162.12
2025-12-31T02:15:00.000Z,-1621.33,-1136.31
2025-12-31T02:30:00.000Z,-1627.16,-1100.99
2025-12-31T02:45:00.000Z,-1550.21,-1084.19
2025-12-31T03:00:00.000Z,-1563.63,-1011.94
2025-12-31T03:15:00.000Z,-1633.18,-1014.16
2025-12-31T03:30:00.000Z,-1586.04,-1002.69
2025-12-31T03:45:00.000Z,-1600.04,-920.15
2025-12-31T04:00:00.000Z,-1613.64,-778.7
2025-12-31T04:15:00.000Z,-1571.87,-893.22
2025-12-31T04:30:00.000Z,-1551.45,-939.46
2025-12-31T04:45:00.000Z,-1443.13,-887.84
2025-12-31T05:00:00.000Z,-1445.09,-793.16
2025-12-31T05:15:00.000Z,-1459.83,-791.64
2025-12-31T05:30:00.000Z,-1480.81,-837.46
2025-12-31T05:45:00.000Z,-1457.84,-893.13
2025-12-31T06:00:00.000Z,-1323.62,-760.85
2025-12-31T06:15:00.000Z,-1319.53,-785.44
2025-12-31T06:30:00.000Z,-1314.07,-808.56
2025-12-31T06:45:00.000Z,-1225.73,-844.29
2025-12-31T07:00:00.000Z,-1320.38,-608.09
2025-12-31T07:15:00.000Z,-1410.18,-539.71
2025-12-31T07:30:00.000Z,-1414.87,-448.99
2025-12-31T07:45:00.000Z,-1438.7,-444.28
2025-12-31T08:00:00.000Z,-1508.81,-444.29
2025-12-31T08:15:00.000Z,-1605.66,-473.26
2025-12-31T08:30:00.000Z,-1584.22,-524.86
2025-12-31T08:45:00.000Z,-1613.55,-569.87
2025-12-31T09:00:00.000Z,-1578.46,-608.21
2025-12-31T09:15:00.000Z,-1572.9,-674.49
2025-12-31T09:30:00.000Z,-1555.88,-741.67
2025-12-31T09:45:00.000Z,-1592.37,-816
2025-12-31T10:00:00.000Z,-1699.87,-921.1
2025-12-31T10:15:00.000Z,-1669.41,-966.44
2025-12-31T10:30:00.000Z,-1583.94,-1051.9
2025-12-31T10:45:00.000Z,-1697.99,-1037.45
2025-12-31T11:00:00.000Z,-1702.11,-1034.67
2025-12-31T11:15:00.000Z,-1714.22,-1034.57
2025-12-31T11:30:00.000Z,-1606.69,-1033.03
2025-12-31T11:45:00.000Z,-1515.1,-1030.23
2025-12-31T12:00:00.000Z,-1473.63,-1034.41
2025-12-31T12:15:00.000Z,-1464.87,-1034.43
2025-12-31T12:30:00.000Z,-1423.01,-1034.26
2025-12-31T12:45:00.000Z,-1421.1,-1011.29
2025-12-31T13:00:00.000Z,-1406,-892.11
2025-12-31T13:15:00.000Z,-1414.86,-943.31
2025-12-31T13:30:00.000Z,-1507.52,-954.94
2025-12-31T13:45:00.000Z,-1661.08,-881.09
2025-12-31T14:00:00.000Z,-1770.56,-607.68
2025-12-31T14:15:00.000Z,-1596.07,-601.8
2025-12-31T14:30:00.000Z,-1634.63,-648.36
2025-12-31T14:45:00.000Z,-1618.52,-614.2
2025-12-31T15:00:00.000Z,-1743,-562.87
2025-12-31T15:15:00.000Z,-1693.02,-554.02
2025-12-31T15:30:00.000Z,-1703.86,-554.92
2025-12-31T15:45:00.000Z,-1649.46,-607.68
2025-12-31T16:00:00.000Z,-1556.44,-779.1
2025-12-31T16:15:00.000Z,-1593.35,-742.73
2025-12-31T16:30:00.000Z,-1596.26,-725.03
2025-12-31T16:45:00.000Z,-1657.91,-760.24
2025-12-31T17:00:00.000Z,-1653.18,-916.2
2025-12-31T17:15:00.000Z,-1646.75,-965.05
2025-12-31T17:30:00.000Z,-1825.13,-971.62
2025-12-31T17:45:00.000Z,-1890.86,-1005.13
2025-12-31T18:00:00.000Z,-1836.43,-949.31
2025-12-31T18:15:00.000Z,-1984.84,-968.4
2025-12-31T18:30:00.000Z,-2008.67,-996.45
2025-12-31T18:45:00.000Z,-1965.86,-971.63
2025-12-31T19:00:00.000Z,-1962.18,-819.46
2025-12-31T19:15:00.000Z,-2008.99,-806.1
2025-12-31T19:30:00.000Z,-1920.86,-881.87
2025-12-31T19:45:00.000Z,-1771.33,-1012.4
2025-12-31T20:00:00.000Z,-1733.35,-1124.28
2025-12-31T20:15:00.000Z,-1807.99,-1157.39
2025-12-31T20:30:00.000Z,-1939.54,-1153.31
2025-12-31T20:45:00.000Z,-2003.59,-1155.29
2025-12-31T21:00:00.000Z,-1843.01,-1185.07
2025-12-31T21:15:00.000Z,-1923.15,-1173.21
2025-12-31T21:30:00.000Z,-1810.57,-1192.05
2025-12-31T21:45:00.000Z,-1712.02,-1193.84
2025-12-31T22:00:00.000Z,-1759.17,-1193.67
2025-12-31T22:15:00.000Z,-1720.84,-1193.8
2025-12-31T22:30:00.000Z,-1851.68,-1193.37
2025-12-31T22:45:00.000Z,-1993.29,-1193.41
2025-12-31T23:00:00.000Z,-1825.57,-1193.81
2025-12-31T23:15:00.000Z,-1853.37,-1193.31
2025-12-31T23:30:00.000Z,-1754.1,-1193.41
2025-12-31T23:45:00.000Z,-1722.33,-1193.46
2026-01-01T00:00:00.000Z,-1728.51,-1193.35
2026-01-01T00:15:00.000Z,-1734.19,-1193.65
2026-01-01T00:30:00.000Z,-1786.11,-1193.26
2026-01-01T00:45:00.000Z,-1864.73,-1193.2
2026-01-01T01:00:00.000Z,-1806.61,-1193.43
2026-01-01T01:15:00.000Z,-1815.5,-1193.39
2026-01-01T01:30:00.000Z,-1780.8,-1193.16
2026-01-01T01:45:00.000Z,-1739.19,-1193.39
2026-01-01T02:00:00.000Z,-1741.39,-1191.51
2026-01-01T02:15:00.000Z,-1834.11,-1167.65
2026-01-01T02:30:00.000Z,-1862.1,-1188.32
2026-01-01T02:45:00.000Z,-1997.1,-1186.11
2026-01-01T03:00:00.000Z,-1969.3,-1168.88
2026-01-01T03:15:00.000Z,-1835.55,-1191.3
2026-01-01T03:30:00.000Z,-1811.21,-1192.24
2026-01-01T03:45:00.000Z,-1625.63,-1180.27
2026-01-01T04:00:00.000Z,-1720,-1139.84
2026-01-01T04:15:00.000Z,-1840.52,-1031.5
2026-01-01T04:30:00.000Z,-1790.59,-1086.28
2026-01-01T04:45:00.000Z,-1816.2,-1031.11
2026-01-01T05:00:00.000Z,-1764.91,-969.79
2026-01-01T05:15:00.000Z,-1691.15,-997.66
2026-01-01T05:30:00.000Z,-1813.34,-995.99
2026-01-01T05:45:00.000Z,-1892.48,-993.52
2026-01-01T06:00:00.000Z,-1928.97,-1075.92
2026-01-01T06:15:00.000Z,-1950.06,-1127.77
2026-01-01T06:30:00.000Z,-1950.22,-1154.93
2026-01-01T06:45:00.000Z,-1903.39,-1154.57
2026-01-01T07:00:00.000Z,-1853.67,-1180.09
2026-01-01T07:15:00.000Z,-1899.53,-1190.63
2026-01-01T07:30:00.000Z,-1806.92,-1191.33
2026-01-01T07:45:00.000Z,-1856.98,-1190.62
2026-01-01T08:00:00.000Z,-1871.71,-1193.31
2026-01-01T08:15:00.000Z,-1922.28,-1189.14
2026-01-01T08:30:00.000Z,-2096.85,-1130.24
2026-01-01T08:45:00.000Z,-1880.45,-1095.15
2026-01-01T09:00:00.000Z,-1541.37,-1180.46
2026-01-01T09:15:00.000Z,-1674.39,-1191.94
2026-01-01T09:30:00.000Z,-1811.74,-1186.62
2026-01-01T09:45:00.000Z,-1903.22,-1153.82
2026-01-01T10:00:00.000Z,-2158.79,-1183.21
2026-01-01T10:15:00.000Z,-2030.97,-1160.5
2026-01-01T10:30:00.000Z,-1997.66,-1177.88
2026-01-01T10:45:00.000Z,-2010.71,-1191.08
2026-01-01T11:00:00.000Z,-1983.2,-1187.97
2026-01-01T11:15:00.000Z,-1980.07,-1193.37
2026-01-01T11:30:00.000Z,-1976.12,-1193.4
2026-01-01T11:45:00.000Z,-1894.59,-1193.4
2026-01-01T12:00:00.000Z,-1836.16,-1193.35
2026-01-01T12:15:00.000Z,-1858.25,-1193.25
2026-01-01T12:30:00.000Z,-1789.52,-1193.02
2026-01-01T12:45:00.000Z,-1859.65,-1193.18
2026-01-01T13:00:00.000Z,-1868.62,-1192.81
2026-01-01T13:15:00.000Z,-1673.66,-1193.24
2026-01-01T13:30:00.000Z,-1837.47,-1193.23
2026-01-01T13:45:00.000Z,-1988.25,-1193.05
2026-01-01T14:00:00.000Z,-1828.95,-1193.65
2026-01-01T14:15:00.000Z,-1770.98,-1193.89
2026-01-01T14:30:00.000Z,-1802.86,-1193.79
2026-01-01T14:45:00.000Z,-1822.06,-1193.63
2026-01-01T15:00:00.000Z,-1814.72,-1193.77
2026-01-01T15:15:00.000Z,-1734.93,-1193.6
2026-01-01T15:30:00.000Z,-1868.71,-1193.6
2026-01-01T15:45:00.000Z,-1896,-1193.66
2026-01-01T16:00:00.000Z,-1811.58,-1193.65
2026-01-01T16:15:00.000Z,-1876.28,-1193.56
2026-01-01T16:30:00.000Z,-1937.23,-1193.69
2026-01-01T16:45:00.000Z,-1974.45,-1193.55
2026-01-01T17:00:00.000Z,-2033.25,-1193.9
2026-01-01T17:15:00.000Z,-1888.58,-1193.69
2026-01-01T17:30:00.000Z,-1755.05,-1193.55
2026-01-01T17:45:00.000Z,-1664.65,-1193.48
2026-01-01T18:00:00.000Z,-1613.55,-1193.44
2026-01-01T18:15:00.000Z,-1693.75,-1193.69
2026-01-01T18:30:00.000Z,-1672.07,-1193.89
2026-01-01T18:45:00.000Z,-1772.97,-1193.68
2026-01-01T19:00:00.000Z,-1772.07,-1193.42
2026-01-01T19:15:00.000Z,-1792.35,-1178.9
2026-01-01T19:30:00.000Z,-1747.76,-1153.48
2026-01-01T19:45:00.000Z,-1759.05,-1183.65
2026-01-01T20:00:00.000Z,-1932.06,-1154.77
2026-01-01T20:15:00.000Z,-1908.94,-1155.71
2026-01-01T20:30:00.000Z,-1832.59,-1188.54
2026-01-01T20:45:00.000Z,-1890.74,-1181.16
2026-01-01T21:00:00.000Z,-1972.01,-1154.56
2026-01-01T21:15:00.000Z,-1888.48,-1172.69
2026-01-01T21:30:00.000Z,-1713.86,-1189.07
2026-01-01T21:45:00.000Z,-1657.47,-1184.79
2026-01-01T22:00:00.000Z,-1722.74,-1165.7
2026-01-01T22:15:00.000Z,-1738.66,-1168.41
2026-01-01T22:30:00.000Z,-1841.22,-1172.18
2026-01-01T22:45:00.000Z,-1970.53,-1188.49
2026-01-01T23:00:00.000Z,-2120.76,-1164.11
2026-01-01T23:15:00.000Z,-1890.23,-1180.3
2026-01-01T23:30:00.000Z,-1806.98,-1118.61
2026-01-01T23:45:00.000Z,-1716.56,-1088.48
2026-01-02T00:00:00.000Z,-1753.72,-870.7
2026-01-02T00:15:00.000Z,-1783.68,-722.34
2026-01-02T00:30:00.000Z,-1760.57,-441.61
2026-01-02T00:45:00.000Z,-1682.19,-726.64
2026-01-02T01:00:00.000Z,-1777.9,-679.87
2026-01-02T01:15:00.000Z,-1904.11,-577.72
2026-01-02T01:30:00.000Z,-1867.3,-666.36
2026-01-02T01:45:00.000Z,-1918.98,-538.89
2026-01-02T02:00:00.000Z,-1910.58,-378.56
2026-01-02T02:15:00.000Z,-1861.91,-354.36
2026-01-02T02:30:00.000Z,-2003.54,-291.21
2026-01-02T02:45:00.000Z,-1792.68,-341.52
2026-01-02T03:00:00.000Z,-1679.72,-244.68
2026-01-02T03:15:00.000Z,-1711.06,-263.11
2026-01-02T03:30:00.000Z,-1709.69,-406.17
2026-01-02T03:45:00.000Z,-1695.49,-741.7
2026-01-02T04:00:00.000Z,-1611.41,-834.08
2026-01-02T04:15:00.000Z,-1689.6,-897.63
2026-01-02T04:30:00.000Z,-1818.06,-1059.22
2026-01-02T04:45:00.000Z,-1718.58,-1118.29
2026-01-02T05:00:00.000Z,-1477.16,-1183.5
2026-01-02T05:15:00.000Z,-1713.49,-1184.49
2026-01-02T05:30:00.000Z,-1795.87,-1188.08
2026-01-02T05:45:00.000Z,-1768,-1134.24
2026-01-02T06:00:00.000Z,-1832.75,-1024.57
2026-01-02T06:15:00.000Z,-1842.94,-877.94
2026-01-02T06:30:00.000Z,-1868.79,-862.26
2026-01-02T06:45:00.000Z,-1891.03,-861.62
2026-01-02T07:00:00.000Z,-1919.41,-657.75
2026-01-02T07:15:00.000Z,-2002.69,-577.39
2026-01-02T07:30:00.000Z,-1982.48,-555.65
2026-01-02T07:45:00.000Z,-1847.55,-546.49
2026-01-02T08:00:00.000Z,-1764.47,-607.95
2026-01-02T08:15:00.000Z,-1835.32,-635.84
2026-01-02T08:30:00.000Z,-1892.75,-639.71
2026-01-02T08:45:00.000Z,-1811.02,-624.57
2026-01-02T09:00:00.000Z,-2194.99,-469.29
2026-01-02T09:15:00.000Z,-1700.13,-672.97
2026-01-02T09:30:00.000Z,-1452.8,-679.79
2026-01-02T09:45:00.000Z,-1840.47,-466.26
2026-01-02T10:00:00.000Z,-1784.89,-410.99
2026-01-02T10:15:00.000Z,-1438.73,-585.76
2026-01-02T10:30:00.000Z,-1584.99,-614.27
2026-01-02T10:45:00.000Z,-1831.22,-599.43
2026-01-02T11:00:00.000Z,-1930.17,-507.48
2026-01-02T11:15:00.000Z,-1994.38,-494.48
2026-01-02T11:30:00.000Z,-1951.51,-493.77
2026-01-02T11:45:00.000Z,-1898.02,-498.15
2026-01-02T12:00:00.000Z,-1765.12,-575.21
2026-01-02T12:15:00.000Z,-1665.82,-593.64
2026-01-02T12:30:00.000Z,-1665.3,-574.53
2026-01-02T12:45:00.000Z,-1820.52,-492.88
2026-01-02T13:00:00.000Z,-2031.16,-303.46
2026-01-02T13:15:00.000Z,-1994.46,-310.33
2026-01-02T13:30:00.000Z,-2000.44,-292.69
2026-01-02T13:45:00.000Z,-1972.04,-267.95
2026-01-02T14:00:00.000Z,-2096.86,-210.1
2026-01-02T14:15:00.000Z,-2042.41,-199.75
2026-01-02T14:30:00.000Z,-1928.35,-185.38
2026-01-02T14:45:00.000Z,-1887.37,-159.3
2026-01-02T15:00:00.000Z,-1772.23,-118.08
2026-01-02T15:15:00.000Z,-1881.73,-107.39
2026-01-02T15:30:00.000Z,-1790.87,-98.93
2026-01-02T15:45:00.000Z,-1690.05,-129.36
2026-01-02T16:00:00.000Z,-1514.26,-208.3
2026-01-02T16:15:00.000Z,-1606.35,-239.81
2026-01-02T16:30:00.000Z,-1673.5,-276.9
2026-01-02T16:45:00.000Z,-1610.2,-282.34
2026-01-02T17:00:00.000Z,-1776.3,-353.2
2026-01-02T17:15:00.000Z,-1837.81,-374.44
2026-01-02T17:30:00.000Z,-1820.54,-392.09
2026-01-02T17:45:00.000Z,-1933.42,-397.9
2026-01-02T18:00:00.000Z,-2028.42,-504.26
2026-01-02T18:15:00.000Z,-1883.22,-471.5
2026-01-02T18:30:00.000Z,-1660.08,-438.23
2026-01-02T18:45:00.000Z,-1595.95,-438.45
2026-01-02T19:00:00.000Z,-1672.75,-449.39
2026-01-02T19:15:00.000Z,-1821.17,-425.08
2026-01-02T19:30:00.000Z,-1797.78,-481.16
2026-01-02T19:45:00.000Z,-1975.76,-521.35
2026-01-02T20:00:00.000Z,-2061.86,-588.01
2026-01-02T20:15:00.000Z,-1874.76,-524.99
2026-01-02T20:30:00.000Z,-1763.71,-519.93
2026-01-02T20:45:00.000Z,-1813.79,-518.08
2026-01-02T21:00:00.000Z,-1908.01,-481.87
2026-01-02T21:15:00.000Z,-1768.41,-642.09
2026-01-02T21:30:00.000Z,-1772.89,-803.17
2026-01-02T21:45:00.000Z,-1892.84,-490.42
2026-01-02T22:00:00.000Z,-1874.62,-586.62
2026-01-02T22:15:00.000Z,-1846.32,-428.41
2026-01-02T22:30:00.000Z,-1855.53,-259.99
2026-01-02T22:45:00.000Z,-1849.41,-384.23
2026-01-02T23:00:00.000Z,-1689.28,-915.94
2026-01-02T23:15:00.000Z,-1851.81,-1135.89
2026-01-02T23:30:00.000Z,-1877.94,-1073.86
2026-01-02T23:45:00.000Z,-1738.82,-1176.33
2026-01-03T00:00:00.000Z,-1977.88,-1176.48
2026-01-03T00:15:00.000Z,-1969.85,-1188.02
2026-01-03T00:30:00.000Z,-1943.08,-1156.39
2026-01-03T00:45:00.000Z,-1844.91,-1131.92
2026-01-03T01:00:00.000Z,-1895.62,-1062.05
2026-01-03T01:15:00.000Z,-1923.74,-1032.74
2026-01-03T01:30:00.000Z,-1855.47,-989.25
2026-01-03T01:45:00.000Z,-1773.57,-947.73
2026-01-03T02:00:00.000Z,-1835.9,-908.71
2026-01-03T02:15:00.000Z,-1867.42,-879.93
2026-01-03T02:30:00.000Z,-1989.48,-872.36
2026-01-03T02:45:00.000Z,-1952.38,-895.18
2026-01-03T03:00:00.000Z,-1904.31,-967.88
2026-01-03T03:15:00.000Z,-1885.38,-986.08
2026-01-03T03:30:00.000Z,-1935.79,-991.29
2026-01-03T03:45:00.000Z,-1835.83,-979.28
2026-01-03T04:00:00.000Z,-1791.93,-920.75
2026-01-03T04:15:00.000Z,-1798.18,-891.76
2026-01-03T04:30:00.000Z,-1806.9,-891.92
2026-01-03T04:45:00.000Z,-1693.83,-879
2026-01-03T05:00:00.000Z,-1594.46,-812.62
2026-01-03T05:15:00.000Z,-1646.86,-730.48
2026-01-03T05:30:00.000Z,-1952.07,-656.46
2026-01-03T05:45:00.000Z,-2044.07,-639.76
2026-01-03T06:00:00.000Z,-2079.27,-692.2
2026-01-03T06:15:00.000Z,-1920.13,-741.91
2026-01-03T06:30:00.000Z,-1892.61,-766.74
2026-01-03T06:45:00.000Z,-1887.88,-732.49
2026-01-03T07:00:00.000Z,-1928.1,-631.79
2026-01-03T07:15:00.000Z,-1955.72,-624.35
2026-01-03T07:30:00.000Z,-1951.97,-527.57
2026-01-03T07:45:00.000Z,-1962.4,-593.31
2026-01-03T08:00:00.000Z,-1987.42,-592.84
2026-01-03T08:15:00.000Z,-1938.09,-567.99
2026-01-03T08:30:00.000Z,-1940.71,-565.76
2026-01-03T08:45:00.000Z,-1928.39,-616.93
2026-01-03T09:00:00.000Z,-1946.76,-584.8
2026-01-03T09:15:00.000Z,-1851.6,-621.35
2026-01-03T09:30:00.000Z,-1867.29,-674.55
2026-01-03T09:45:00.000Z,-1897.27,-704.36
2026-01-03T10:00:00.000Z,-1982.04,-472.82
2026-01-03T10:15:00.000Z,-1806.25,-438.54
2026-01-03T10:30:00.000Z,-1837.19,-438.36
2026-01-03T10:45:00.000Z,-1843.73,-438.57
2026-01-03T11:00:00.000Z,-1780.28,-438.44
2026-01-03T11:15:00.000Z,-1787.84,-438.6
2026-01-03T11:30:00.000Z,-2044.64,-443.93
2026-01-03T11:45:00.000Z,-2010.57,-514.73
2026-01-03T12:00:00.000Z,-1958.79,-499.71
2026-01-03T12:15:00.000Z,-1922.75,-515.92
2026-01-03T12:30:00.000Z,-1843.33,-486.52
2026-01-03T12:45:00.000Z,-1824,-457.57
2026-01-03T13:00:00.000Z,-1812.09,-407.9
2026-01-03T13:15:00.000Z,-1821.85,-422.88
2026-01-03T13:30:00.000Z,-1833.35,-437.9
2026-01-03T13:45:00.000Z,-1795.71,-400.89
2026-01-03T14:00:00.000Z,-1802.99,-222.61
2026-01-03T14:15:00.000Z,-1746.79,-236.27
2026-01-03T14:30:00.000Z,-1760.94,-237.16
2026-01-03T14:45:00.000Z,-1763.71,-228.37
2026-01-03T15:00:00.000Z,-1870.74,-240.03
2026-01-03T15:15:00.000Z,-1825,-271.64
2026-01-03T15:30:00.000Z,-1760.72,-243.68
2026-01-03T15:45:00.000Z,-1650.72,-198.6
2026-01-03T16:00:00.000Z,-1704.1,-170.47
2026-01-03T16:15:00.000Z,-1631.75,-175.56
2026-01-03T16:30:00.000Z,-1603.59,-177.01
2026-01-03T16:45:00.000Z,-1634.98,-206.69
2026-01-03T17:00:00.000Z,-1608.39,-266.64
2026-01-03T17:15:00.000Z,-1656.73,-277.34
2026-01-03T17:30:00.000Z,-1815.38,-267.2
2026-01-03T17:45:00.000Z,-1697.95,-295.25
2026-01-03T18:00:00.000Z,-1666.26,-289.15
2026-01-03T18:15:00.000Z,-1683.87,-251.84
2026-01-03T18:30:00.000Z,-1601.41,-289.67
2026-01-03T18:45:00.000Z,-1497.33,-362.26
2026-01-03T19:00:00.000Z,-1542.88,-468.41
2026-01-03T19:15:00.000Z,-1493.37,-494.24
2026-01-03T19:30:00.000Z,-1360.16,-503.55
2026-01-03T19:45:00.000Z,-1431.91,-523.17
2026-01-03T20:00:00.000Z,-1606.84,-501.79
2026-01-03T20:15:00.000Z,-1571.33,-519.51
2026-01-03T20:30:00.000Z,-1520.31,-543.33
2026-01-03T20:45:00.000Z,-1670.45,-493.37
2026-01-03T21:00:00.000Z,-1626.71,-492.33
2026-01-03T21:15:00.000Z,-1513.92,-634.66
2026-01-03T21:30:00.000Z,-1566.26,-653.84
2026-01-03T21:45:00.000Z,-1525.6,-627.02
2026-01-03T22:00:00.000Z,-1814.58,-370.62
2026-01-03T22:15:00.000Z,-1917.16,-352.69
2026-01-03T22:30:00.000Z,-1855.61,-245.99
2026-01-03T22:45:00.000Z,-1546.93,-178.3
2026-01-03T23:00:00.000Z,-1770.57,-73.76
2026-01-03T23:15:00.000Z,-1766.37,-25.07
2026-01-03T23:30:00.000Z,-1713.81,0.9
2026-01-03T23:45:00.000Z,-1550.95,8.48
2026-01-04T00:00:00.000Z,-1602.34,111.06
2026-01-04T00:15:00.000Z,-1635.38,180.32
2026-01-04T00:30:00.000Z,-1403,98.63
2026-01-04T00:45:00.000Z,-1243.58,51.44
2026-01-04T01:00:00.000Z,-1203.77,158.09
2026-01-04T01:15:00.000Z,-1222.21,230.15
2026-01-04T01:30:00.000Z,-1257.08,239.27
2026-01-04T01:45:00.000Z,-1323.95,230.17
2026-01-04T02:00:00.000Z,-1248.46,234.29
2026-01-04T02:15:00.000Z,-1314.29,274.39
2026-01-04T02:30:00.000Z,-1358.22,321.07
2026-01-04T02:45:00.000Z,-1319.99,351.73
2026-01-04T03:00:00.000Z,-1338.87,345.12
2026-01-04T03:15:00.000Z,-1375.72,457.31
2026-01-04T03:30:00.000Z,-1420.27,471.03
2026-01-04T03:45:00.000Z,-1383.37,479.88
2026-01-04T04:00:00.000Z,-1264.48,355.67
2026-01-04T04:15:00.000Z,-1222.83,233.2
2026-01-04T04:30:00.000Z,-1403.86,364.69
2026-01-04T04:45:00.000Z,-1414.32,361.33
2026-01-04T05:00:00.000Z,-1026.94,109.72
2026-01-04T05:15:00.000Z,-1102.46,157.6
2026-01-04T05:30:00.000Z,-1214.47,297.62
2026-01-04T05:45:00.000Z,-1317.46,388.94
2026-01-04T06:00:00.000Z,-1123.65,203.2
2026-01-04T06:15:00.000Z,-1149.15,163.95
2026-01-04T06:30:00.000Z,-1377.51,262.97
2026-01-04T06:45:00.000Z,-1494.09,413.51
2026-01-04T07:00:00.000Z,-1500.33,491.23
2026-01-04T07:15:00.000Z,-1600.63,497.85
2026-01-04T07:30:00.000Z,-1654.15,490.67
2026-01-04T07:45:00.000Z,-1647.57,375.36
2026-01-04T08:00:00.000Z,-1654.11,255.18
2026-01-04T08:15:00.000Z,-1651.4,112.63
2026-01-04T08:30:00.000Z,-1732.23,128.48
2026-01-04T08:45:00.000Z,-1869.87,157.88
2026-01-04T09:00:00.000Z,-1948.53,175.1
2026-01-04T09:15:00.000Z,-1732.28,56.83
2026-01-04T09:30:00.000Z,-1620.25,27.42
2026-01-04T09:45:00.000Z,-1625.45,-98.8
2026-01-04T10:00:00.000Z,-1453.28,-339.08
2026-01-04T10:15:00.000Z,-1560.75,-432.31
2026-01-04T10:30:00.000Z,-1714.65,-442.94
2026-01-04T10:45:00.000Z,-1738.01,-512.62
2026-01-04T11:00:00.000Z,-1668.34,-596.96
2026-01-04T11:15:00.000Z,-1588.68,-653.89
2026-01-04T11:30:00.000Z,-1619.75,-659.25
2026-01-04T11:45:00.000Z,-1762.8,-601.13
2026-01-04T12:00:00.000Z,-1648.84,-693.91
2026-01-04T12:15:00.000Z,-1740.63,-718.01
2026-01-04T12:30:00.000Z,-1736.03,-737
2026-01-04T12:45:00.000Z,-1602.24,-751.47
2026-01-04T13:00:00.000Z,-1407.93,-844.89
2026-01-04T13:15:00.000Z,-1423.75,-882.81
2026-01-04T13:30:00.000Z,-1459.05,-888.11
2026-01-04T13:45:00.000Z,-1515.96,-843.56
2026-01-04T14:00:00.000Z,-1515.05,-663.22
2026-01-04T14:15:00.000Z,-1464.32,-664.08
2026-01-04T14:30:00.000Z,-1526.99,-602
2026-01-04T14:45:00.000Z,-1566.36,-576.31
2026-01-04T15:00:00.000Z,-1528.77,-633.77
2026-01-04T15:15:00.000Z,-1577.16,-621.67
2026-01-04T15:30:00.000Z,-1644.13,-569.58
2026-01-04T15:45:00.000Z,-1804.49,-487.3
2026-01-04T16:00:00.000Z,-2025.39,-446.7
2026-01-04T16:15:00.000Z,-2111.97,-505.29
2026-01-04T16:30:00.000Z,-2049.64,-506.21
2026-01-04T16:45:00.000Z,-2026.61,-515.74
2026-01-04T17:00:00.000Z,-1966.32,-688.72
2026-01-04T17:15:00.000Z,-1907.87,-726.2
2026-01-04T17:30:00.000Z,-1853.63,-807.48
2026-01-04T17:45:00.000Z,-1959.79,-773.89
2026-01-04T18:00:00.000Z,-1788.15,-708.74
2026-01-04T18:15:00.000Z,-1732.37,-734.57
2026-01-04T18:30:00.000Z,-1900.96,-670.33
2026-01-04T18:45:00.000Z,-1880.61,-772.08
2026-01-04T19:00:00.000Z,-1866.63,-827.39
2026-01-04T19:15:00.000Z,-1858.65,-782.69
2026-01-04T19:30:00.000Z,-1695.71,-877.97
2026-01-04T19:45:00.000Z,-1674,-907.15
2026-01-04T20:00:00.000Z,-1839.76,-1053.5
2026-01-04T20:15:00.000Z,-1947.36,-1149.87
2026-01-04T20:30:00.000Z,-1885.17,-1190.8
2026-01-04T20:45:00.000Z,-1874.94,-1193.41
2026-01-04T21:00:00.000Z,-1837.67,-1193.32
2026-01-04T21:15:00.000Z,-1840.47,-1193.48
2026-01-04T21:30:00.000Z,-1780.07,-1193.41
2026-01-04T21:45:00.000Z,-1926.19,-1193.63
2026-01-04T22:00:00.000Z,-2042.18,-1193.3
2026-01-04T22:15:00.000Z,-1881.13,-1193.44
2026-01-04T22:30:00.000Z,-1806.19,-1192.81
2026-01-04T22:45:00.000Z,-1752.43,-1184.81
2026-01-04T23:00:00.000Z,-1666,-1191.93
2026-01-04T23:15:00.000Z,-1643.96,-1191.5
2026-01-04T23:30:00.000Z,-1744.92,-1162.74
2026-01-04T23:45:00.000Z,-1779.29,-1156.93
2026-01-05T00:00:00.000Z,-1914.87,-1085.15
2026-01-05T00:15:00.000Z,-1977.9,-1105.85
2026-01-05T00:30:00.000Z,-1825.24,-1123.32
2026-01-05T00:45:00.000Z,-1797.7,-1185.3
2026-01-05T01:00:00.000Z,-1859.25,-1193.58
2026-01-05T01:15:00.000Z,-1911.24,-1193.53
2026-01-05T01:30:00.000Z,-1947.01,-1193.9
2026-01-05T01:45:00.000Z,-1921.17,-1193.91
2026-01-05T02:00:00.000Z,-1828.61,-1194.09
2026-01-05T02:15:00.000Z,-1839.04,-1192.86
2026-01-05T02:30:00.000Z,-1845.57,-1180.73
2026-01-05T02:45:00.000Z,-1894.56,-1167.38
2026-01-05T03:00:00.000Z,-1851.27,-880.01
2026-01-05T03:15:00.000Z,-1775.47,-815.78
2026-01-05T03:30:00.000Z,-1867.76,-863.57
2026-01-05T03:45:00.000Z,-1825.22,-911.06
2026-01-05T04:00:00.000Z,-1575.85,-1026.26
2026-01-05T04:15:00.000Z,-1604.01,-1116.15
2026-01-05T04:30:00.000Z,-1716.25,-1056.77
2026-01-05T04:45:00.000Z,-1726.04,-1087.07
2026-01-05T05:00:00.000Z,-1523.39,-888.41
2026-01-05T05:15:00.000Z,-1431.92,-826.14
2026-01-05T05:30:00.000Z,-1762.22,-620.62
2026-01-05T05:45:00.000Z,-1833.04,-543.5
2026-01-05T06:00:00.000Z,-1579.06,-660.67
2026-01-05T06:15:00.000Z,-1440.89,-693.75
2026-01-05T06:30:00.000Z,-1690.08,-726.05
2026-01-05T06:45:00.000Z,-1884.52,-693.13
2026-01-05T07:00:00.000Z,-1854.58,-717.23
2026-01-05T07:15:00.000Z,-1792.15,-871.03
2026-01-05T07:30:00.000Z,-1750,-841.67
2026-01-05T07:45:00.000Z,-1701.43,-948.83
2026-01-05T08:00:00.000Z,-1715,-1141.2
2026-01-05T08:15:00.000Z,-1761.09,-1189.95
2026-01-05T08:30:00.000Z,-1788.71,-1193.57
2026-01-05T08:45:00.000Z,-1709.36,-1191.56
2026-01-05T09:00:00.000Z,-1679.57,-1168.49
2026-01-05T09:15:00.000Z,-1781.66,-1189.34
2026-01-05T09:30:00.000Z,-1783.31,-1193.44
2026-01-05T09:45:00.000Z,-1705.43,-1193.4
2026-01-05T10:00:00.000Z,-1623.72,-1193.63
2026-01-05T10:15:00.000Z,-1528.54,-1193.75
2026-01-05T10:30:00.000Z,-1671.49,-1193.66
2026-01-05T10:45:00.000Z,-1700.08,-1193.8
2026-01-05T11:00:00.000Z,-1840.74,-1193.73
2026-01-05T11:15:00.000Z,-1884.66,-1193.39
2026-01-05T11:30:00.000Z,-1859.44,-1193.07
2026-01-05T11:45:00.000Z,-1799.36,-1180.56
2026-01-05T12:00:00.000Z,-1693.82,-1133.91
2026-01-05T12:15:00.000Z,-1625.64,-1056.8
2026-01-05T12:30:00.000Z,-1725.33,-1056.23
2026-01-05T12:45:00.000Z,-1741.28,-1039.46
2026-01-05T13:00:00.000Z,-1736.44,-909.83
2026-01-05T13:15:00.000Z,-1806.12,-817.58
2026-01-05T13:30:00.000Z,-1798.07,-771.15
2026-01-05T13:45:00.000Z,-1723.71,-754.88
2026-01-05T14:00:00.000Z,-1692.94,-691.89
2026-01-05T14:15:00.000Z,-1675.03,-718.94
2026-01-05T14:30:00.000Z,-1732.83,-739.68
2026-01-05T14:45:00.000Z,-1804.58,-735.42
2026-01-05T15:00:00.000Z,-1743.87,-839.47
2026-01-05T15:15:00.000Z,-1672.66,-806.7
2026-01-05T15:30:00.000Z,-1592.13,-732.51
2026-01-05T15:45:00.000Z,-1730.51,-635.42
2026-01-05T16:00:00.000Z,-1807.68,-602.85
2026-01-05T16:15:00.000Z,-1897.51,-245.37
2026-01-05T16:30:00.000Z,-1920.08,63.77
2026-01-05T16:45:00.000Z,-1873.85,337.59
2026-01-05T17:00:00.000Z,-1716.08,170.4
2026-01-05T17:15:00.000Z,-1705.91,34.87
2026-01-05T17:30:00.000Z,-1840.41,-112.53
2026-01-05T17:45:00.000Z,-1724.31,-437.1
2026-01-05T18:00:00.000Z,-1732,-713.4
2026-01-05T18:15:00.000Z,-1681.89,-861
2026-01-05T18:30:00.000Z,-1663.77,-972.3
2026-01-05T18:45:00.000Z,-1770.08,-871.35
2026-01-05T19:00:00.000Z,-1751.39,-784.37
2026-01-05T19:15:00.000Z,-1649.22,-747
2026-01-05T19:30:00.000Z,-1513.79,-781.16
2026-01-05T19:45:00.000Z,-1563.58,-632.7
2026-01-05T20:00:00.000Z,-1745.99,-807.17
2026-01-05T20:15:00.000Z,-1757.34,-834.4
2026-01-05T20:30:00.000Z,-1708.76,-902.15
2026-01-05T20:45:00.000Z,-1728.32,-894.23
2026-01-05T21:00:00.000Z,-1807.81,-827.57
2026-01-05T21:15:00.000Z,-1851.41,-680.1
2026-01-05T21:30:00.000Z,-1780.04,-753.62
2026-01-05T21:45:00.000Z,-1781.4,-758.73
2026-01-05T22:00:00.000Z,-1799.57,-985.11
2026-01-05T22:15:00.000Z,-1734.11,-1029.7
2026-01-05T22:30:00.000Z,-1689.64,-1044.25
2026-01-05T22:45:00.000Z,-1682.23,-1163.16
2026-01-05T23:00:00.000Z,-1617.52,-1181.15
2026-01-05T23:15:00.000Z,-1541.86,-1190.74
2026-01-05T23:30:00.000Z,-1751.91,-1180.83
2026-01-05T23:45:00.000Z,-1774.11,-1147.72
2026-01-06T00:00:00.000Z,-1820.08,-1171.42
2026-01-06T00:15:00.000Z,-1875.13,-1162.45
2026-01-06T00:30:00.000Z,-1746.7,-1190.63
2026-01-06T00:45:00.000Z,-1648.11,-1193.54
2026-01-06T01:00:00.000Z,-1697.99,-1193.89
2026-01-06T01:15:00.000Z,-1638.33,-1193.92
2026-01-06T01:30:00.000Z,-1619.57,-1193.43
2026-01-06T01:45:00.000Z,-1579.91,-1193.89
2026-01-06T02:00:00.000Z,-1669.1,-1193.85
2026-01-06T02:15:00.000Z,-1699.7,-1193.84
2026-01-06T02:30:00.000Z,-1713.84,-1193.92
2026-01-06T02:45:00.000Z,-1698.93,-1193.98
2026-01-06T03:00:00.000Z,-1728.6,-1193.98
2026-01-06T03:15:00.000Z,-1633.18,-1194.03
2026-01-06T03:30:00.000Z,-1674.94,-1194.3
2026-01-06T03:45:00.000Z,-1803.68,-1194.02
2026-01-06T04:00:00.000Z,-1705.98,-1193.97
2026-01-06T04:15:00.000Z,-1686.33,-1193.97
2026-01-06T04:30:00.000Z,-1648.64,-1193.88
2026-01-06T04:45:00.000Z,-1716.12,-1193.98
2026-01-06T05:00:00.000Z,-1460.46,-1194.07
2026-01-06T05:15:00.000Z,-1401.82,-1194
2026-01-06T05:30:00.000Z,-1585.96,-1194.14
2026-01-06T05:45:00.000Z,-1775.06,-1171.32
2026-01-06T06:00:00.000Z,-1694.64,-872.21
2026-01-06T06:15:00.000Z,-1578.63,-913.53
2026-01-06T06:30:00.000Z,-1611.61,-999.69
2026-01-06T06:45:00.000Z,-1575.27,-984.96
2026-01-06T07:00:00.000Z,-1584.88,-684.13
2026-01-06T07:15:00.000Z,-1535.75,-666.69
2026-01-06T07:30:00.000Z,-1562.33,-594.49
2026-01-06T07:45:00.000Z,-1488.41,-559.95
2026-01-06T08:00:00.000Z,-1405.63,-616.41
2026-01-06T08:15:00.000Z,-1370.06,-612.59
2026-01-06T08:30:00.000Z,-1477.98,-616.77
2026-01-06T08:45:00.000Z,-1453.31,-591.84
2026-01-06T09:00:00.000Z,-1531.7,-631.5
2026-01-06T09:15:00.000Z,-1537.98,-689.02
2026-01-06T09:30:00.000Z,-1540.29,-687.91
2026-01-06T09:45:00.000Z,-1577.63,-688.64
2026-01-06T10:00:00.000Z,-1636.61,-602.17
2026-01-06T10:15:00.000Z,-1405.08,-781.87
2026-01-06T10:30:00.000Z,-1539.9,-663.55
2026-01-06T10:45:00.000Z,-1590.73,-680.76
2026-01-06T11:00:00.000Z,-1347.08,-799.03
2026-01-06T11:15:00.000Z,-1244.89,-822.25
2026-01-06T11:30:00.000Z,-1373.58,-784.35
2026-01-06T11:45:00.000Z,-1388.91,-753.15
2026-01-06T12:00:00.000Z,-1618.85,-740.13
2026-01-06T12:15:00.000Z,-1766.68,-653.81
2026-01-06T12:30:00.000Z,-1664.63,-746.1
2026-01-06T12:45:00.000Z,-1698.69,-674.13
2026-01-06T13:00:00.000Z,-1614.48,-675.75
2026-01-06T13:15:00.000Z,-1602.67,-765.67
2026-01-06T13:30:00.000Z,-1643.66,-728.7
2026-01-06T13:45:00.000Z,-1520.67,-799.35
2026-01-06T14:00:00.000Z,-1469.74,-782.27
2026-01-06T14:15:00.000Z,-1544.49,-693.47
2026-01-06T14:30:00.000Z,-1583.74,-532.42
2026-01-06T14:45:00.000Z,-1546.09,-435.92
2026-01-06T15:00:00.000Z,-1677.7,-206.69
2026-01-06T15:15:00.000Z,-1672,-155.12
2026-01-06T15:30:00.000Z,-1709.72,-96.7
2026-01-06T15:45:00.000Z,-1712.59,-49.86
2026-01-06T16:00:00.000Z,-1537.22,-86.24
2026-01-06T16:15:00.000Z,-1461.97,-48.41
2026-01-06T16:30:00.000Z,-1585.33,-47.19
2026-01-06T16:45:00.000Z,-1687.9,-89.41
2026-01-06T17:00:00.000Z,-1382.35,-128.19
2026-01-06T17:15:00.000Z,-1467.47,-133.09
2026-01-06T17:30:00.000Z,-1552.69,-133.11
2026-01-06T17:45:00.000Z,-1557.07,-114.75
2026-01-06T18:00:00.000Z,-1603.12,-70.57
2026-01-06T18:15:00.000Z,-1583.92,-97.05
2026-01-06T18:30:00.000Z,-1628.6,-75.48
2026-01-06T18:45:00.000Z,-1617.97,-67.5
2026-01-06T19:00:00.000Z,-1668.33,-151.02
2026-01-06T19:15:00.000Z,-1608.35,-128.79
2026-01-06T19:30:00.000Z,-1486.04,-132.19
2026-01-06T19:45:00.000Z,-1466.17,-180.23
2026-01-06T20:00:00.000Z,-1423.08,-401.63
2026-01-06T20:15:00.000Z,-1512.14,-511.7
2026-01-06T20:30:00.000Z,-1499.62,-672.76
2026-01-06T20:45:00.000Z,-1479.89,-684.18
2026-01-06T21:00:00.000Z,-1455.03,-591.7
2026-01-06T21:15:00.000Z,-1549.42,-492.95
2026-01-06T21:30:00.000Z,-1469.15,-441.9
2026-01-06T21:45:00.000Z,-1456.39,-473.18
2026-01-06T22:00:00.000Z,-1505.8,-455.38
2026-01-06T22:15:00.000Z,-1529.58,-507.23
2026-01-06T22:30:00.000Z,-1640.9,-454.02
2026-01-06T22:45:00.000Z,-1685.39,-516.12
2026-01-06T23:00:00.000Z,-1682.63,-700
2026-01-06T23:15:00.000Z,-1679.9,-802.33
2026-01-06T23:30:00.000Z,-1691.13,-772.39
2026-01-06T23:45:00.000Z,-1670.5,-738.65
2026-01-07T00:00:00.000Z,-1573.24,-784.4
2026-01-07T00:15:00.000Z,-1686.93,-794.35
2026-01-07T00:30:00.000Z,-1560.42,-804.21
2026-01-07T00:45:00.000Z,-1579.33,-811.5
2026-01-07T01:00:00.000Z,-1627.17,-819.87
2026-01-07T01:15:00.000Z,-1712.2,-821.82
2026-01-07T01:30:00.000Z,-1669.37,-823.13
2026-01-07T01:45:00.000Z,-1610.32,-813.5
2026-01-07T02:00:00.000Z,-1547.07,-786.24
2026-01-07T02:15:00.000Z,-1501.78,-781.61
2026-01-07T02:30:00.000Z,-1474.06,-786.45
2026-01-07T02:45:00.000Z,-1511.98,-783.05
2026-01-07T03:00:00.000Z,-1553.71,-724.12
2026-01-07T03:15:00.000Z,-1547.11,-710.97
2026-01-07T03:30:00.000Z,-1560.85,-700.85
2026-01-07T03:45:00.000Z,-1549.85,-687.41
2026-01-07T04:00:00.000Z,-1553.68,-656.33
2026-01-07T04:15:00.000Z,-1723.88,-626.56
2026-01-07T04:30:00.000Z,-1803.03,-699.89
2026-01-07T04:45:00.000Z,-1790.87,-844.13
2026-01-07T05:00:00.000Z,-1814.1,-819.99
2026-01-07T05:15:00.000Z,-1785.66,-996.88
2026-01-07T05:30:00.000Z,-1765.15,-956.63
2026-01-07T05:45:00.000Z,-1736.37,-899.26
2026-01-07T06:00:00.000Z,-1541.98,-866.91
2026-01-07T06:15:00.000Z,-1464.6,-827.22
2026-01-07T06:30:00.000Z,-1640.54,-803.19
2026-01-07T06:45:00.000Z,-1611.7,-781.15
2026-01-07T07:00:00.000Z,-1580.48,-579.23
2026-01-07T07:15:00.000Z,-1558.74,-505.57
2026-01-07T07:30:00.000Z,-1606.52,-474.3
2026-01-07T07:45:00.000Z,-1511.2,-476.77
2026-01-07T08:00:00.000Z,-1483.03,-455.73
2026-01-07T08:15:00.000Z,-1515.11,-457.45
2026-01-07T08:30:00.000Z,-1412.66,-508.45
2026-01-07T08:45:00.000Z,-1351.67,-556.36
2026-01-07T09:00:00.000Z,-1390.49,-672.07
2026-01-07T09:15:00.000Z,-1325.03,-738.12
2026-01-07T09:30:00.000Z,-1326.15,-772.86
2026-01-07T09:45:00.000Z,-1395.49,-817.1
2026-01-07T10:00:00.000Z,-1383.32,-844.8
2026-01-07T10:15:00.000Z,-1404.61,-865.41
2026-01-07T10:30:00.000Z,-1405.88,-906.7
2026-01-07T10:45:00.000Z,-1417.63,-946.68
2026-01-07T11:00:00.000Z,-1534.39,-1058.94
2026-01-07T11:15:00.000Z,-1457.59,-1082.39
2026-01-07T11:30:00.000Z,-1446.18,-1098.06
2026-01-07T11:45:00.000Z,-1431.26,-1096.94
2026-01-07T12:00:00.000Z,-1392.96,-1089.47
2026-01-07T12:15:00.000Z,-1447.69,-1096.82
2026-01-07T12:30:00.000Z,-1567.03,-1057.1
2026-01-07T12:45:00.000Z,-1578.18,-1040.68
2026-01-07T13:00:00.000Z,-1627.93,-995.19
2026-01-07T13:15:00.000Z,-1768.95,-973.53
2026-01-07T13:30:00.000Z,-1816.08,-971.82
2026-01-07T13:45:00.000Z,-1838.75,-921.83
2026-01-07T14:00:00.000Z,-1863.41,-867.7
2026-01-07T14:15:00.000Z,-1848.66,-840.43
2026-01-07T14:30:00.000Z,-1890.14,-684.04
2026-01-07T14:45:00.000Z,-1815.11,-676.11
2026-01-07T15:00:00.000Z,-1741.31,-592.78
2026-01-07T15:15:00.000Z,-1645.46,-666.16
2026-01-07T15:30:00.000Z,-1679.54,-593.42
2026-01-07T15:45:00.000Z,-1898.44,-455.9
2026-01-07T16:00:00.000Z,-1939.47,-476.09
2026-01-07T16:15:00.000Z,-1981.71,-544.22
2026-01-07T16:30:00.000Z,-1921.2,-632.42
2026-01-07T16:45:00.000Z,-1772.36,-705.09
2026-01-07T17:00:00.000Z,-1697.67,-778.11
2026-01-07T17:15:00.000Z,-1777.05,-776.43
2026-01-07T17:30:00.000Z,-1710.81,-811.9
2026-01-07T17:45:00.000Z,-1587.96,-873.3
2026-01-07T18:00:00.000Z,-1628.44,-922.58
2026-01-07T18:15:00.000Z,-1674.91,-924.89
2026-01-07T18:30:00.000Z,-1718,-864.99
2026-01-07T18:45:00.000Z,-1852.39,-807.58
2026-01-07T19:00:00.000Z,-1682.53,-908.15
2026-01-07T19:15:00.000Z,-1810.91,-861.6
2026-01-07T19:30:00.000Z,-1710.46,-898.96
2026-01-07T19:45:00.000Z,-1559.22,-858.35
2026-01-07T20:00:00.000Z,-1673.44,-862.8
2026-01-07T20:15:00.000Z,-1772.27,-883.45
2026-01-07T20:30:00.000Z,-1717.42,-912.49
2026-01-07T20:45:00.000Z,-1732.85,-959.81
2026-01-07T21:00:00.000Z,-1812.65,-947.26
2026-01-07T21:15:00.000Z,-1752.46,-916
2026-01-07T21:30:00.000Z,-1686.83,-964.6
2026-01-07T21:45:00.000Z,-1677.34,-1025.6
2026-01-07T22:00:00.000Z,-1808.48,-1174.37
2026-01-07T22:15:00.000Z,-1814.71,-1192.85
2026-01-07T22:30:00.000Z,-1788.58,-1193
2026-01-07T22:45:00.000Z,-1610.14,-1193.55
2026-01-07T23:00:00.000Z,-1459.26,-1190.92
2026-01-07T23:15:00.000Z,-1499.84,-1157.65
2026-01-07T23:30:00.000Z,-1524.97,-1152.58
2026-01-07T23:45:00.000Z,-1560.59,-1152.72
2026-01-08T00:00:00.000Z,-1621.04,-1152.69
2026-01-08T00:15:00.000Z,-1638.29,-1152.56
2026-01-08T00:30:00.000Z,-1621.62,-1152.65
2026-01-08T00:45:00.000Z,-1650.83,-1152.6
2026-01-08T01:00:00.000Z,-1620.55,-1152.54
2026-01-08T01:15:00.000Z,-1724.57,-1152.62
2026-01-08T01:30:00.000Z,-1662.4,-1154.32
2026-01-08T01:45:00.000Z,-1569.5,-1158.38
2026-01-08T02:00:00.000Z,-1599.56,-1152.41
2026-01-08T02:15:00.000Z,-1601.22,-1152.76
2026-01-08T02:30:00.000Z,-1712.62,-1152.75
2026-01-08T02:45:00.000Z,-1738.43,-1152.5
2026-01-08T03:00:00.000Z,-1611.13,-1152.39
2026-01-08T03:15:00.000Z,-1622.78,-1152.28
2026-01-08T03:30:00.000Z,-1640.04,-1152.4
2026-01-08T03:45:00.000Z,-1671.73,-1153.57
2026-01-08T04:00:00.000Z,-1637.85,-1172.41
2026-01-08T04:15:00.000Z,-1542.72,-1187.85
2026-01-08T04:30:00.000Z,-1531.08,-1140.41
2026-01-08T04:45:00.000Z,-1421.78,-1146.66
2026-01-08T05:00:00.000Z,-1216.5,-1122.1
2026-01-08T05:15:00.000Z,-1050.81,-1101.43
2026-01-08T05:30:00.000Z,-1248.84,-1081.22
2026-01-08T05:45:00.000Z,-1145.39,-1077.06
2026-01-08T06:00:00.000Z,-1127.02,-1067.15
2026-01-08T06:15:00.000Z,-1253.29,-1065.17
2026-01-08T06:30:00.000Z,-1214.91,-1069.54
2026-01-08T06:45:00.000Z,-1320.43,-1122.47
2026-01-08T07:00:00.000Z,-1300.83,-1122.32
2026-01-08T07:15:00.000Z,-1274.68,-1112.57
2026-01-08T07:30:00.000Z,-1403.46,-1103.6
2026-01-08T07:45:00.000Z,-1460.8,-1096.88
2026-01-08T08:00:00.000Z,-1531.13,-1112.14
2026-01-08T08:15:00.000Z,-1502.26,-1109.74
2026-01-08T08:30:00.000Z,-1536.45,-1078.38
2026-01-08T08:45:00.000Z,-1437.84,-1102.95
2026-01-08T09:00:00.000Z,-1503.52,-1093.52
2026-01-08T09:15:00.000Z,-1558.77,-1095.16
2026-01-08T09:30:00.000Z,-1613.63,-1084.67
2026-01-08T09:45:00.000Z,-1599,-1075.85
2026-01-08T10:00:00.000Z,-1491.85,-1126.33
2026-01-08T10:15:00.000Z,-1400.71,-1123.45
2026-01-08T10:30:00.000Z,-1513.29,-1113.44
2026-01-08T10:45:00.000Z,-1450.84,-1105.52
2026-01-08T11:00:00.000Z,-1497.93,-1129.69
2026-01-08T11:15:00.000Z,-1488.83,-1124.48
2026-01-08T11:30:00.000Z,-1491.97,-1112.87
2026-01-08T11:45:00.000Z,-1496.68,-1096.87
2026-01-08T12:00:00.000Z,-1468.57,-1094.53
2026-01-08T12:15:00.000Z,-1421.88,-1061.45
2026-01-08T12:30:00.000Z,-1339.15,-1032.57
2026-01-08T12:45:00.000Z,-1465.31,-993.05
2026-01-08T13:00:00.000Z,-1617.23,-928.45
2026-01-08T13:15:00.000Z,-1590.59,-881.85
2026-01-08T13:30:00.000Z,-1501.32,-850.22
2026-01-08T13:45:00.000Z,-1669.9,-803.33
2026-01-08T14:00:00.000Z,-1839.18,-666.12
2026-01-08T14:15:00.000Z,-1838.71,-498.08
2026-01-08T14:30:00.000Z,-1854.12,-461.53
2026-01-08T14:45:00.000Z,-1686.22,-437.49
2026-01-08T15:00:00.000Z,-1791.24,-435.85
2026-01-08T15:15:00.000Z,-1842.23,-435.62
2026-01-08T15:30:00.000Z,-1726.24,-433.34
2026-01-08T15:45:00.000Z,-1691.98,-431.56
2026-01-08T16:00:00.000Z,-1640.33,-434.77
2026-01-08T16:15:00.000Z,-1787.56,-436.4
2026-01-08T16:30:00.000Z,-1828.14,-439.74
2026-01-08T16:45:00.000Z,-1836.5,-438.9
2026-01-08T17:00:00.000Z,-1833.85,-440.83
2026-01-08T17:15:00.000Z,-1903.83,-441.33
2026-01-08T17:30:00.000Z,-1775.29,-440.5
2026-01-08T17:45:00.000Z,-1653.35,-447.97
2026-01-08T18:00:00.000Z,-1688.22,-504.69
2026-01-08T18:15:00.000Z,-1772.42,-528.93
2026-01-08T18:30:00.000Z,-1733.77,-539.89
2026-01-08T18:45:00.000Z,-1666.92,-566.89
2026-01-08T19:00:00.000Z,-1645.19,-807.65
2026-01-08T19:15:00.000Z,-1877.33,-843.16
2026-01-08T19:30:00.000Z,-1750.13,-891.34
2026-01-08T19:45:00.000Z,-1613.53,-951.44
2026-01-08T20:00:00.000Z,-1727.23,-933.81
2026-01-08T20:15:00.000Z,-1954.96,-982.42
2026-01-08T20:30:00.000Z,-1972.02,-997.98
2026-01-08T20:45:00.000Z,-1968.45,-1060.97
2026-01-08T21:00:00.000Z,-1759.4,-1165.75
2026-01-08T21:15:00.000Z,-1768.45,-1160.77
2026-01-08T21:30:00.000Z,-1771.54,-1153.1
2026-01-08T21:45:00.000Z,-1665.91,-1186.59
2026-01-08T22:00:00.000Z,-1781.58,-1181.89
2026-01-08T22:15:00.000Z,-1849.2,-1164.25
2026-01-08T22:30:00.000Z,-1869.52,-1190.19
2026-01-08T22:45:00.000Z,-1876.09,-1187.02
2026-01-08T23:00:00.000Z,-1750.06,-1165.32
2026-01-08T23:15:00.000Z,-1771.43,-1183.83
2026-01-08T23:30:00.000Z,-1715.39,-1187.32
2026-01-08T23:45:00.000Z,-1707.78,-1185.14
2026-01-09T00:00:00.000Z,-1838.8,-1168.32
2026-01-09T00:15:00.000Z,-1707.57,-1162.01
2026-01-09T00:30:00.000Z,-1648.21,-1161.26
2026-01-09T00:45:00.000Z,-1863.11,-1127.5
2026-01-09T01:00:00.000Z,-1818.14,-1125.63
2026-01-09T01:15:00.000Z,-1821.92,-1170.19
2026-01-09T01:30:00.000Z,-1905.96,-1191.72
2026-01-09T01:45:00.000Z,-1908.65,-1183.8
2026-01-09T02:00:00.000Z,-1805.74,-1169.99
2026-01-09T02:15:00.000Z,-1722.08,-1193.2
2026-01-09T02:30:00.000Z,-1754.08,-1192.97
2026-01-09T02:45:00.000Z,-1666.56,-1192.86
2026-01-09T03:00:00.000Z,-1728.15,-1193
2026-01-09T03:15:00.000Z,-1666.44,-1192.89
2026-01-09T03:30:00.000Z,-1657.61,-1192.89
2026-01-09T03:45:00.000Z,-1812.04,-1186.66
2026-01-09T04:00:00.000Z,-1874.62,-1109.3
2026-01-09T04:15:00.000Z,-1919.02,-1147.25
2026-01-09T04:30:00.000Z,-2011.51,-1186.9
2026-01-09T04:45:00.000Z,-1979.25,-1192.79
2026-01-09T05:00:00.000Z,-1624.97,-1192.92
2026-01-09T05:15:00.000Z,-1548.6,-1192.8
2026-01-09T05:30:00.000Z,-1599.56,-1192.7
2026-01-09T05:45:00.000Z,-1478.98,-1192.77
2026-01-09T06:00:00.000Z,-1446.73,-1182.79
2026-01-09T06:15:00.000Z,-1589.85,-1053.86
2026-01-09T06:30:00.000Z,-1616.24,-1081.65
2026-01-09T06:45:00.000Z,-1756.19,-1041.74
2026-01-09T07:00:00.000Z,-1802.09,-1066.94
2026-01-09T07:15:00.000Z,-1817.42,-994.59
2026-01-09T07:30:00.000Z,-1909.13,-959.98
2026-01-09T07:45:00.000Z,-2036.52,-918.82
2026-01-09T08:00:00.000Z,-2008.49,-1025.12
2026-01-09T08:15:00.000Z,-1993.18,-1167.39
2026-01-09T08:30:00.000Z,-1802.8,-1180.7
2026-01-09T08:45:00.000Z,-1664.06,-1187.93
2026-01-09T09:00:00.000Z,-1803.88,-1175.69
2026-01-09T09:15:00.000Z,-1697.62,-1188.68
2026-01-09T09:30:00.000Z,-1706.83,-1166.62
2026-01-09T09:45:00.000Z,-1808.4,-1171.89
2026-01-09T10:00:00.000Z,-1663.03,-1148.59
2026-01-09T10:15:00.000Z,-1665.16,-1063.36
2026-01-09T10:30:00.000Z,-1732.46,-1014.33
2026-01-09T10:45:00.000Z,-1602.19,-1034.04
2026-01-09T11:00:00.000Z,-1708.68,-1034.9
2026-01-09T11:15:00.000Z,-1879.34,-1035.22
2026-01-09T11:30:00.000Z,-1958.7,-1034.96
2026-01-09T11:45:00.000Z,-1844.61,-1035.11
2026-01-09T12:00:00.000Z,-1978.24,-1035.1
2026-01-09T12:15:00.000Z,-2076.05,-1035.1
2026-01-09T12:30:00.000Z,-1923.01,-1033.73
2026-01-09T12:45:00.000Z,-1895.91,-1022.47
2026-01-09T13:00:00.000Z,-1824.11,-1039.75
2026-01-09T13:15:00.000Z,-1739.09,-1029.26
2026-01-09T13:30:00.000Z,-1741.96,-999.35
2026-01-09T13:45:00.000Z,-1669.33,-1076.68
2026-01-09T14:00:00.000Z,-1758.4,-1038.79
2026-01-09T14:15:00.000Z,-1669.08,-1103.44
2026-01-09T14:30:00.000Z,-1596.85,-1079.67
2026-01-09T14:45:00.000Z,-1614.31,-1061.21
2026-01-09T15:00:00.000Z,-1622.7,-965.53
2026-01-09T15:15:00.000Z,-1439.11,-1015.67
2026-01-09T15:30:00.000Z,-1553.46,-967.98
2026-01-09T15:45:00.000Z,-1540.04,-840.34
2026-01-09T16:00:00.000Z,-1624.55,-458.24
2026-01-09T16:15:00.000Z,-1396.44,-434.44
2026-01-09T16:30:00.000Z,-1274.46,-433.04
2026-01-09T16:45:00.000Z,-1199.12,-401.11
2026-01-09T17:00:00.000Z,-1555.71,-162.39
2026-01-09T17:15:00.000Z,-1453.1,-137.39
2026-01-09T17:30:00.000Z,-1498.59,-164.17
2026-01-09T17:45:00.000Z,-1321.07,-392.15
2026-01-09T18:00:00.000Z,-1175.03,-443.06
2026-01-09T18:15:00.000Z,-1379.68,-439.05
2026-01-09T18:30:00.000Z,-1396.69,-436.72
2026-01-09T18:45:00.000Z,-1341.5,-438.1
2026-01-09T19:00:00.000Z,-1531.23,-422.94
2026-01-09T19:15:00.000Z,-1547.99,-401.89
2026-01-09T19:30:00.000Z,-1398.37,-439.73
2026-01-09T19:45:00.000Z,-1491.88,-399.75
2026-01-09T20:00:00.000Z,-1748.46,-129.24
2026-01-09T20:15:00.000Z,-1760.1,-100.53
2026-01-09T20:30:00.000Z,-1770.43,-110.33
2026-01-09T20:45:00.000Z,-1651.83,-151.21
2026-01-09T21:00:00.000Z,-1588.09,-470.74
2026-01-09T21:15:00.000Z,-1468.37,-425.57
2026-01-09T21:30:00.000Z,-1385.26,-380.22
2026-01-09T21:45:00.000Z,-1374.89,-372.87
2026-01-09T22:00:00.000Z,-1381.87,-145.32
2026-01-09T22:15:00.000Z,-1419.08,-421.66
2026-01-09T22:30:00.000Z,-1607.9,-446.24
2026-01-09T22:45:00.000Z,-1500.94,-463.51
2026-01-09T23:00:00.000Z,-1459.95,-161.8
2026-01-09T23:15:00.000Z,-1427.29,25.3
2026-01-09T23:30:00.000Z,-1376.61,141.22
2026-01-09T23:45:00.000Z,-1393.31,126.19
2026-01-10T00:00:00.000Z,-1619.51,294.69
2026-01-10T00:15:00.000Z,-1591.46,260.62
2026-01-10T00:30:00.000Z,-1633.87,189.97
2026-01-10T00:45:00.000Z,-1605.73,236.94
2026-01-10T01:00:00.000Z,-1630.22,384.46
2026-01-10T01:15:00.000Z,-1556.21,403.16
2026-01-10T01:30:00.000Z,-1519.52,400.5
2026-01-10T01:45:00.000Z,-1678.27,434.47
2026-01-10T02:00:00.000Z,-1719.59,593.01
2026-01-10T02:15:00.000Z,-1757.75,742.88
2026-01-10T02:30:00.000Z,-1815.46,756.37
2026-01-10T02:45:00.000Z,-1821.25,719.36
2026-01-10T03:00:00.000Z,-1962.87,703.02
2026-01-10T03:15:00.000Z,-1793.51,685.91
2026-01-10T03:30:00.000Z,-1705.97,572.52
2026-01-10T03:45:00.000Z,-1759.53,645.93
2026-01-10T04:00:00.000Z,-1612.95,617.48
2026-01-10T04:15:00.000Z,-1632.25,632.6
2026-01-10T04:30:00.000Z,-1546.39,646.46
2026-01-10T04:45:00.000Z,-1446.42,625.81
2026-01-10T05:00:00.000Z,-1300.38,466.92
2026-01-10T05:15:00.000Z,-1378.56,474.73
2026-01-10T05:30:00.000Z,-1510.44,497.38
2026-01-10T05:45:00.000Z,-1598.53,693.47
2026-01-10T06:00:00.000Z,-1464.54,646.49
2026-01-10T06:15:00.000Z,-1558.55,738.13
2026-01-10T06:30:00.000Z,-1557.38,867.64
2026-01-10T06:45:00.000Z,-1345.51,686.09
2026-01-10T07:00:00.000Z,-1214.94,475.48
2026-01-10T07:15:00.000Z,-1195.16,494.86
2026-01-10T07:30:00.000Z,-1315.21,508.16
2026-01-10T07:45:00.000Z,-1338.23,515.02
2026-01-10T08:00:00.000Z,-1249.55,590.94
2026-01-10T08:15:00.000Z,-1342.35,668.48
2026-01-10T08:30:00.000Z,-1403.7,651.89
2026-01-10T08:45:00.000Z,-1359.65,628.24
2026-01-10T09:00:00.000Z,-1441.2,659.55
2026-01-10T09:15:00.000Z,-1489.9,680.74
2026-01-10T09:30:00.000Z,-1550.24,696.28
2026-01-10T09:45:00.000Z,-1560.72,724.41
2026-01-10T10:00:00.000Z,-1556.32,908.35
2026-01-10T10:15:00.000Z,-1499.53,925.07
2026-01-10T10:30:00.000Z,-1559,957.93
2026-01-10T10:45:00.000Z,-1506.97,1032.45
2026-01-10T11:00:00.000Z,-1566.73,1176.3
2026-01-10T11:15:00.000Z,-1455.62,1169.39
2026-01-10T11:30:00.000Z,-1393.13,1159.7
2026-01-10T11:45:00.000Z,-1372.4,1135.75
2026-01-10T12:00:00.000Z,-1375.18,1119.82
2026-01-10T12:15:00.000Z,-1266.23,1134.18
2026-01-10T12:30:00.000Z,-1246.52,1072.3
2026-01-10T12:45:00.000Z,-1247.89,1137.95
2026-01-10T13:00:00.000Z,-1268.46,923.38
2026-01-10T13:15:00.000Z,-1406.29,1015.15
2026-01-10T13:30:00.000Z,-1349.75,909.45
2026-01-10T13:45:00.000Z,-1349.65,742.44
2026-01-10T14:00:00.000Z,-619.88,197.52
2026-01-10T14:15:00.000Z,-420.32,18
2026-01-10T14:30:00.000Z,-501.88,-0.51
2026-01-10T14:45:00.000Z,-478.65,0.3
2026-01-10T15:00:00.000Z,-350.12,0.36
2026-01-10T15:15:00.000Z,-143.85,0.36
2026-01-10T15:30:00.000Z,-235.63,0.4
2026-01-10T15:45:00.000Z,-240.05,0.4
2026-01-10T16:00:00.000Z,-193.11,0.49
2026-01-10T16:15:00.000Z,-208.93,0.57
2026-01-10T16:30:00.000Z,-186.72,0.75
2026-01-10T16:45:00.000Z,-225.55,12.22
2026-01-10T17:00:00.000Z,-221.42,150.76
2026-01-10T17:15:00.000Z,-188.67,185.79
2026-01-10T17:30:00.000Z,-144.44,187.91
2026-01-10T17:45:00.000Z,-67.92,166.03
2026-01-10T18:00:00.000Z,166.98,18.18
2026-01-10T18:15:00.000Z,119.14,0.51
2026-01-10T18:30:00.000Z,146.78,8.2
2026-01-10T18:45:00.000Z,78.07,98.55
2026-01-10T19:00:00.000Z,25.22,25.73
2026-01-10T19:15:00.000Z,57.39,2.17
2026-01-10T19:30:00.000Z,57.36,0.4
2026-01-10T19:45:00.000Z,10.82,7.24
2026-01-10T20:00:00.000Z,-383.24,95.2
2026-01-10T20:15:00.000Z,-677.88,126.05
2026-01-10T20:30:00.000Z,-557.85,108.75
2026-01-10T20:45:00.000Z,-462.56,77.76
2026-01-10T21:00:00.000Z,-394.47,8.2
2026-01-10T21:15:00.000Z,-338.56,0.1
2026-01-10T21:30:00.000Z,-261.65,0.25
2026-01-10T21:45:00.000Z,-228.17,17.63
2026-01-10T22:00:00.000Z,-451.13,244.46
2026-01-10T22:15:00.000Z,-613.45,427.32
2026-01-10T22:30:00.000Z,-649.27,597.53
2026-01-10T22:45:00.000Z,-505.26,696.6
2026-01-10T23:00:00.000Z,-921.73,1149.47
2026-01-10T23:15:00.000Z,-906.25,1197.5
2026-01-10T23:30:00.000Z,-767.62,1197.5
2026-01-10T23:45:00.000Z,-746.11,1197.81
2026-01-11T00:00:00.000Z,-734.17,1197.57
2026-01-11T00:15:00.000Z,-844.32,1197.3
2026-01-11T00:30:00.000Z,-974.29,1197.3
2026-01-11T00:45:00.000Z,-1000.07,1197.3
2026-01-11T01:00:00.000Z,-930.09,1197.36
2026-01-11T01:15:00.000Z,-854.06,1197.62
2026-01-11T01:30:00.000Z,-891.67,1197.56
2026-01-11T01:45:00.000Z,-929.84,1197.76
2026-01-11T02:00:00.000Z,-878.95,1197.46
2026-01-11T02:15:00.000Z,-818.13,1197.53
2026-01-11T02:30:00.000Z,-670.94,1197.66
2026-01-11T02:45:00.000Z,-612.79,1197.5
2026-01-11T03:00:00.000Z,-550.56,1197.5
2026-01-11T03:15:00.000Z,-605.32,1197.5
2026-01-11T03:30:00.000Z,-636.59,1197.5
2026-01-11T03:45:00.000Z,-547.14,1197.5
2026-01-11T04:00:00.000Z,-545.72,1160.43
2026-01-11T04:15:00.000Z,-277.32,942.32
2026-01-11T04:30:00.000Z,-117.08,821.96
2026-01-11T04:45:00.000Z,-31.81,792.3
2026-01-11T05:00:00.000Z,-240.34,1000.63
2026-01-11T05:15:00.000Z,-413.45,845.62
2026-01-11T05:30:00.000Z,53.24,578
2026-01-11T05:45:00.000Z,-137.35,696.37
2026-01-11T06:00:00.000Z,-614.07,1147.03
2026-01-11T06:15:00.000Z,-485.17,1076.74
2026-01-11T06:30:00.000Z,-468.5,910.11
2026-01-11T06:45:00.000Z,-252.56,676.75
2026-01-11T07:00:00.000Z,-704.64,1159.13
2026-01-11T07:15:00.000Z,-729.39,1125.71
2026-01-11T07:30:00.000Z,-514.02,914.83
2026-01-11T07:45:00.000Z,-430.01,855.53
2026-01-11T08:00:00.000Z,-874.13,1102.32
2026-01-11T08:15:00.000Z,-754.7,898.16
2026-01-11T08:30:00.000Z,-595,688.57
2026-01-11T08:45:00.000Z,-463.97,587.46
2026-01-11T09:00:00.000Z,-671.98,569.31
2026-01-11T09:15:00.000Z,-632.81,391.15
2026-01-11T09:30:00.000Z,-575.75,308.83
2026-01-11T09:45:00.000Z,-640.89,247.18
2026-01-11T10:00:00.000Z,-866.31,213.33
2026-01-11T10:15:00.000Z,-908.95,182.28
2026-01-11T10:30:00.000Z,-863.55,186.91
2026-01-11T10:45:00.000Z,-880.44,169.48
2026-01-11T11:00:00.000Z,-1387.96,558.53
2026-01-11T11:15:00.000Z,-1552.99,607.76
2026-01-11T11:30:00.000Z,-1749.28,686.05
2026-01-11T11:45:00.000Z,-1694.31,662.3
2026-01-11T12:00:00.000Z,-1621.1,609.57
2026-01-11T12:15:00.000Z,-1490.26,511.47
2026-01-11T12:30:00.000Z,-1561.39,536.22
2026-01-11T12:45:00.000Z,-1631.82,587.06
2026-01-11T13:00:00.000Z,-1639.77,505.12
2026-01-11T13:15:00.000Z,-1698.69,471.31
2026-01-11T13:30:00.000Z,-1698.02,477.12
2026-01-11T13:45:00.000Z,-1801.77,482.77
2026-01-11T14:00:00.000Z,-1827.98,399.41
2026-01-11T14:15:00.000Z,-1762.09,384.05
2026-01-11T14:30:00.000Z,-1707.49,393.06
2026-01-11T14:45:00.000Z,-1731.15,434.35
2026-01-11T15:00:00.000Z,-1636.47,492.8
2026-01-11T15:15:00.000Z,-1633.55,510.97
2026-01-11T15:30:00.000Z,-1645.1,479.29
2026-01-11T15:45:00.000Z,-1785.67,484.03
2026-01-11T16:00:00.000Z,-1835.62,688.4
2026-01-11T16:15:00.000Z,-1740.18,633.1
2026-01-11T16:30:00.000Z,-1830.36,575.46
2026-01-11T16:45:00.000Z,-1740.53,534.34
2026-01-11T17:00:00.000Z,-1562.77,346.38
2026-01-11T17:15:00.000Z,-1527.64,357.65
2026-01-11T17:30:00.000Z,-1498.9,369.38
2026-01-11T17:45:00.000Z,-1498.19,340.96
2026-01-11T18:00:00.000Z,-1555.22,310.11
2026-01-11T18:15:00.000Z,-1568.08,361.38
2026-01-11T18:30:00.000Z,-1425.39,317.64
2026-01-11T18:45:00.000Z,-1547.77,320.02
2026-01-11T19:00:00.000Z,-1481.83,338.66
2026-01-11T19:15:00.000Z,-1470.36,235.29
2026-01-11T19:30:00.000Z,-1558.47,291.67
2026-01-11T19:45:00.000Z,-1543.57,178.15
2026-01-11T20:00:00.000Z,-1721.38,18.55
2026-01-11T20:15:00.000Z,-1642.64,-136.64
2026-01-11T20:30:00.000Z,-1555.54,-212.56
2026-01-11T20:45:00.000Z,-1519.43,-235.04
2026-01-11T21:00:00.000Z,-1412.85,-224.19
2026-01-11T21:15:00.000Z,-1371.09,-184.16
2026-01-11T21:30:00.000Z,-1428.69,-120.82
2026-01-11T21:45:00.000Z,-1532.72,-129.35
2026-01-11T22:00:00.000Z,-1322.04,-332.43
2026-01-11T22:15:00.000Z,-1271.44,-297.25
2026-01-11T22:30:00.000Z,-1249.03,-329.8
2026-01-11T22:45:00.000Z,-1346.89,-226.57
2026-01-11T23:00:00.000Z,-1491.22,-114.08
2026-01-11T23:15:00.000Z,-1376.58,-98.05
2026-01-11T23:30:00.000Z,-1398.74,-57.75
2026-01-11T23:45:00.000Z,-1292.04,-56.82
2026-01-12T00:00:00.000Z,-1390.65,67.5
2026-01-12T00:15:00.000Z,-1487.57,176.91
2026-01-12T00:30:00.000Z,-1429.5,197.13
2026-01-12T00:45:00.000Z,-1359.15,218.37
2026-01-12T01:00:00.000Z,-1366.96,358.01
2026-01-12T01:15:00.000Z,-1301.34,342.2
2026-01-12T01:30:00.000Z,-1260.49,320.81
2026-01-12T01:45:00.000Z,-1246.74,341.39
2026-01-12T02:00:00.000Z,-1254.6,230.21
2026-01-12T02:15:00.000Z,-1365.5,223.49
2026-01-12T02:30:00.000Z,-1392.33,159.52
2026-01-12T02:45:00.000Z,-1388.66,221.77
2026-01-12T03:00:00.000Z,-1341.01,299.82
2026-01-12T03:15:00.000Z,-1252.89,245.13
2026-01-12T03:30:00.000Z,-1131.43,108.58
2026-01-12T03:45:00.000Z,-999.85,-92.4
2026-01-12T04:00:00.000Z,-920.48,-63.8
2026-01-12T04:15:00.000Z,-1019.86,-50.65
2026-01-12T04:30:00.000Z,-1053.31,-71.58
2026-01-12T04:45:00.000Z,-839.68,-217.61
2026-01-12T05:00:00.000Z,-934.32,111.96
2026-01-12T05:15:00.000Z,-1018.25,250.69
2026-01-12T05:30:00.000Z,-1055.95,164.16
2026-01-12T05:45:00.000Z,-1141.86,154.58
2026-01-12T06:00:00.000Z,-1143.83,193.38
2026-01-12T06:15:00.000Z,-1286.77,282.5
2026-01-12T06:30:00.000Z,-1239.98,315.66
2026-01-12T06:45:00.000Z,-1145.81,356.65
2026-01-12T07:00:00.000Z,-1259.99,384.88
2026-01-12T07:15:00.000Z,-1263.63,439.24
2026-01-12T07:30:00.000Z,-1162.24,432.45
2026-01-12T07:45:00.000Z,-1193.38,454.7
2026-01-12T08:00:00.000Z,-1078.58,458.19
2026-01-12T08:15:00.000Z,-1041.07,492.36
2026-01-12T08:30:00.000Z,-974.8,492.46
2026-01-12T08:45:00.000Z,-990.89,513.67
2026-01-12T09:00:00.000Z,-948,518.3
2026-01-12T09:15:00.000Z,-972.86,619.75
2026-01-12T09:30:00.000Z,-995.16,510.99
2026-01-12T09:45:00.000Z,-968.14,495.15
2026-01-12T10:00:00.000Z,-917.46,488.82
2026-01-12T10:15:00.000Z,-982.03,487.56
2026-01-12T10:30:00.000Z,-1069.2,457.4
2026-01-12T10:45:00.000Z,-1207.13,454.76
2026-01-12T11:00:00.000Z,-1479.23,521.75
2026-01-12T11:15:00.000Z,-1281.36,638.37
2026-01-12T11:30:00.000Z,-1191.74,513
2026-01-12T11:45:00.000Z,-1280.48,528.28
2026-01-12T12:00:00.000Z,-1539.23,702.67
2026-01-12T12:15:00.000Z,-1427.83,702.18
2026-01-12T12:30:00.000Z,-1518.24,656.95
2026-01-12T12:45:00.000Z,-1433.67,463.06
2026-01-12T13:00:00.000Z,-1276.06,174.94
2026-01-12T13:15:00.000Z,-1221.83,-2.14
2026-01-12T13:30:00.000Z,-1356.81,67.04
2026-01-12T13:45:00.000Z,-1304.63,64.51
2026-01-12T14:00:00.000Z,-1336.94,-24.41
2026-01-12T14:15:00.000Z,-1158.25,-157.54
2026-01-12T14:30:00.000Z,-1149.33,-39.2
2026-01-12T14:45:00.000Z,-1113.14,-57.99
2026-01-12T15:00:00.000Z,-1181.12,116.34
2026-01-12T15:15:00.000Z,-1225.04,316.32
2026-01-12T15:30:00.000Z,-1092.01,356.64
2026-01-12T15:45:00.000Z,-928.91,324.97
2026-01-12T16:00:00.000Z,-844.83,232.61
2026-01-12T16:15:00.000Z,-1044.99,236.85
2026-01-12T16:30:00.000Z,-1074.16,235.25
2026-01-12T16:45:00.000Z,-1079.87,251.07
2026-01-12T17:00:00.000Z,-1319.14,190.48
2026-01-12T17:15:00.000Z,-1442.68,184.88
2026-01-12T17:30:00.000Z,-1488.46,233.41
2026-01-12T17:45:00.000Z,-1392.52,244.28
2026-01-12T18:00:00.000Z,-1461.62,316.77
2026-01-12T18:15:00.000Z,-1414.36,328.62
2026-01-12T18:30:00.000Z,-1398.66,163.24
2026-01-12T18:45:00.000Z,-1575.67,129.46
2026-01-12T19:00:00.000Z,-1577.73,-43.95
2026-01-12T19:15:00.000Z,-1554.37,-141.55
2026-01-12T19:30:00.000Z,-1514.16,-281.83
2026-01-12T19:45:00.000Z,-1393.01,-328.84
2026-01-12T20:00:00.000Z,-1404.75,-378.23
2026-01-12T20:15:00.000Z,-1470.42,-465.73
2026-01-12T20:30:00.000Z,-1461.93,-468.8
2026-01-12T20:45:00.000Z,-1438.57,-457.99
2026-01-12T21:00:00.000Z,-1300.75,-700.07
2026-01-12T21:15:00.000Z,-1383.07,-699.91
2026-01-12T21:30:00.000Z,-1376.05,-667.68
2026-01-12T21:45:00.000Z,-1463.95,-598.92
2026-01-12T22:00:00.000Z,-1671.68,-542.33
2026-01-12T22:15:00.000Z,-1778.57,-486.64
2026-01-12T22:30:00.000Z,-1797.05,-475.36
2026-01-12T22:45:00.000Z,-1818.05,-454.06
2026-01-12T23:00:00.000Z,-1680.48,-644.67
2026-01-12T23:15:00.000Z,-1999.16,-586.76
2026-01-12T23:30:00.000Z,-1985.92,-642.24
2026-01-12T23:45:00.000Z,-1701.7,-679.3
2026-01-13T00:00:00.000Z,-1577.89,-786.72
2026-01-13T00:15:00.000Z,-1672.57,-796.13
2026-01-13T00:30:00.000Z,-1643.43,-793.9
2026-01-13T00:45:00.000Z,-1646.93,-836.46
2026-01-13T01:00:00.000Z,-1583.42,-1052.92
2026-01-13T01:15:00.000Z,-1724.29,-1141.55
2026-01-13T01:30:00.000Z,-1675.45,-1162.16
2026-01-13T01:45:00.000Z,-1704.16,-1129.73
2026-01-13T02:00:00.000Z,-1777.17,-1023.12
2026-01-13T02:15:00.000Z,-1869.19,-983.78
2026-01-13T02:30:00.000Z,-1803.54,-1041.62
2026-01-13T02:45:00.000Z,-1831.68,-1094.09
2026-01-13T03:00:00.000Z,-1802.25,-1090.65
2026-01-13T03:15:00.000Z,-1786.94,-1172.74
2026-01-13T03:30:00.000Z,-1806.32,-1087.35
2026-01-13T03:45:00.000Z,-1793.27,-1179.63
2026-01-13T04:00:00.000Z,-1625.82,-1193.5
2026-01-13T04:15:00.000Z,-1517.19,-1189
2026-01-13T04:30:00.000Z,-1571.65,-1132.77
2026-01-13T04:45:00.000Z,-1679.51,-1093.59
2026-01-13T05:00:00.000Z,-1636.04,-1012.72
2026-01-13T05:15:00.000Z,-1609.65,-904.36
2026-01-13T05:30:00.000Z,-1660.28,-880.13
2026-01-13T05:45:00.000Z,-1570.59,-803.67
2026-01-13T06:00:00.000Z,-1606.73,-674.08
2026-01-13T06:15:00.000Z,-1655.06,-603.91
2026-01-13T06:30:00.000Z,-1660.89,-617.29
2026-01-13T06:45:00.000Z,-1645.07,-619.79
2026-01-13T07:00:00.000Z,-1640.15,-671.04
2026-01-13T07:15:00.000Z,-1766.61,-556.5
2026-01-13T07:30:00.000Z,-1807.43,-512.37
2026-01-13T07:45:00.000Z,-1754.03,-551.52
2026-01-13T08:00:00.000Z,-1857.42,-532.12
2026-01-13T08:15:00.000Z,-1814.66,-535.17
2026-01-13T08:30:00.000Z,-1825.21,-572.95
2026-01-13T08:45:00.000Z,-1866.6,-559.07
2026-01-13T09:00:00.000Z,-1867.37,-600.65
2026-01-13T09:15:00.000Z,-1851.84,-638.78
2026-01-13T09:30:00.000Z,-1791.13,-667.73
2026-01-13T09:45:00.000Z,-1817.18,-787.58
2026-01-13T10:00:00.000Z,-1729.27,-736.83
2026-01-13T10:15:00.000Z,-1684.8,-704.8
2026-01-13T10:30:00.000Z,-1678.27,-671.19
2026-01-13T10:45:00.000Z,-1643.61,-692.55
2026-01-13T11:00:00.000Z,-1710.73,-812.25
2026-01-13T11:15:00.000Z,-1744.01,-891.45
2026-01-13T11:30:00.000Z,-1667.69,-925.47
2026-01-13T11:45:00.000Z,-1687.92,-926.73
2026-01-13T12:00:00.000Z,-1689.06,-967.07
2026-01-13T12:15:00.000Z,-1698.82,-982.33
2026-01-13T12:30:00.000Z,-1695.06,-1052.39
2026-01-13T12:45:00.000Z,-1785.09,-990.09
2026-01-13T13:00:00.000Z,-1708.52,-1079.73
2026-01-13T13:15:00.000Z,-1661.01,-1107.76
2026-01-13T13:30:00.000Z,-1827.76,-1027.69
2026-01-13T13:45:00.000Z,-1883.97,-1003.97
2026-01-13T14:00:00.000Z,-1801.49,-1123.16
2026-01-13T14:15:00.000Z,-1740.93,-1118.76
2026-01-13T14:30:00.000Z,-1771.69,-1053.25
2026-01-13T14:45:00.000Z,-1783.27,-1046.05
2026-01-13T15:00:00.000Z,-1815.88,-993.55
2026-01-13T15:15:00.000Z,-1808.59,-978.95
2026-01-13T15:30:00.000Z,-1882.53,-953.97
2026-01-13T15:45:00.000Z,-1816.76,-922.53
2026-01-13T16:00:00.000Z,-1849.25,-893.46
2026-01-13T16:15:00.000Z,-1973.2,-880.77
2026-01-13T16:30:00.000Z,-1866.56,-877.45
2026-01-13T16:45:00.000Z,-1840.15,-885.8
2026-01-13T17:00:00.000Z,-1901.32,-912.43
2026-01-13T17:15:00.000Z,-1803.25,-940.84
2026-01-13T17:30:00.000Z,-1786.82,-938.47
2026-01-13T17:45:00.000Z,-1760.36,-961.69
2026-01-13T18:00:00.000Z,-1785.44,-1132.76
2026-01-13T18:15:00.000Z,-1805.45,-1164.85
2026-01-13T18:30:00.000Z,-1696,-1189.56
2026-01-13T18:45:00.000Z,-1671.03,-1185.61
2026-01-13T19:00:00.000Z,-1700.84,-1191.05
2026-01-13T19:15:00.000Z,-1643.47,-1176.25
2026-01-13T19:30:00.000Z,-1607.58,-1167.54
2026-01-13T19:45:00.000Z,-1516.37,-1078.22
2026-01-13T20:00:00.000Z,-1759.9,-1074
2026-01-13T20:15:00.000Z,-1893.99,-1057.83
2026-01-13T20:30:00.000Z,-1804.89,-1123.01
2026-01-13T20:45:00.000Z,-1671.53,-1148.81
2026-01-13T21:00:00.000Z,-1773.03,-1103.73
2026-01-13T21:15:00.000Z,-1725.2,-1101.7
2026-01-13T21:30:00.000Z,-1648.42,-1123.37
2026-01-13T21:45:00.000Z,-1651.33,-1128.35
2026-01-13T22:00:00.000Z,-1695.72,-1045.81
2026-01-13T22:15:00.000Z,-1880.14,-1063
2026-01-13T22:30:00.000Z,-1892.6,-1083.06
2026-01-13T22:45:00.000Z,-1935.16,-1111.54
2026-01-13T23:00:00.000Z,-1742.87,-1185.14
2026-01-13T23:15:00.000Z,-1833.69,-1193.02
2026-01-13T23:30:00.000Z,-1897.42,-1192.4
2026-01-13T23:45:00.000Z,-1817.82,-1185.28
2026-01-14T00:00:00.000Z,-1876.46,-1192.07
2026-01-14T00:15:00.000Z,-1780.29,-1193.38
2026-01-14T00:30:00.000Z,-1752.81,-1193.23
2026-01-14T00:45:00.000Z,-1748.67,-1193.3
2026-01-14T01:00:00.000Z,-1754.42,-1193.2
2026-01-14T01:15:00.000Z,-1805.22,-1193.31
2026-01-14T01:30:00.000Z,-1781.07,-1193.39
2026-01-14T01:45:00.000Z,-1802.37,-1193.29
2026-01-14T02:00:00.000Z,-1830.82,-1193.35
2026-01-14T02:15:00.000Z,-1895.39,-1193.15
2026-01-14T02:30:00.000Z,-1817.43,-1193.11
2026-01-14T02:45:00.000Z,-1817.21,-1193.16
2026-01-14T03:00:00.000Z,-1766.33,-1193.04
2026-01-14T03:15:00.000Z,-1746.53,-1193.22
2026-01-14T03:30:00.000Z,-1659.21,-1193.22
2026-01-14T03:45:00.000Z,-1624.82,-1192.86
2026-01-14T04:00:00.000Z,-1726.57,-1193.15
2026-01-14T04:15:00.000Z,-1670.5,-1193.28
2026-01-14T04:30:00.000Z,-1788.91,-1193.22
2026-01-14T04:45:00.000Z,-1699.89,-1193.01
2026-01-14T05:00:00.000Z,-1524.96,-1193.07
2026-01-14T05:15:00.000Z,-1509.84,-1189.64
2026-01-14T05:30:00.000Z,-1732.13,-1138.25
2026-01-14T05:45:00.000Z,-1985.82,-1011.03
2026-01-14T06:00:00.000Z,-1855.95,-976.18
2026-01-14T06:15:00.000Z,-1869.13,-950.7
2026-01-14T06:30:00.000Z,-1994.6,-917.41
2026-01-14T06:45:00.000Z,-1983.11,-892.51
2026-01-14T07:00:00.000Z,-1767.92,-908.42
2026-01-14T07:15:00.000Z,-1769.58,-883.58
2026-01-14T07:30:00.000Z,-1801.7,-862.48
2026-01-14T07:45:00.000Z,-1916.46,-839.28
2026-01-14T08:00:00.000Z,-1990.13,-865.9
2026-01-14T08:15:00.000Z,-1964.93,-843.62
2026-01-14T08:30:00.000Z,-1835.6,-804.1
2026-01-14T08:45:00.000Z,-1775.96,-772.8
2026-01-14T09:00:00.000Z,-1718.23,-823.04
2026-01-14T09:15:00.000Z,-1851,-803.92
2026-01-14T09:30:00.000Z,-2011.24,-777.16
2026-01-14T09:45:00.000Z,-1880.23,-723.86
2026-01-14T10:00:00.000Z,-1845.4,-666.67
2026-01-14T10:15:00.000Z,-1796.68,-672.47
2026-01-14T10:30:00.000Z,-1819.51,-655
2026-01-14T10:45:00.000Z,-1909.57,-649.61
2026-01-14T11:00:00.000Z,-1876.51,-716.84
2026-01-14T11:15:00.000Z,-1917.65,-714.81
2026-01-14T11:30:00.000Z,-1951.61,-709.56
2026-01-14T11:45:00.000Z,-1905.06,-695.06
2026-01-14T12:00:00.000Z,-1843.33,-611.98
2026-01-14T12:15:00.000Z,-1759.67,-597.3
2026-01-14T12:30:00.000Z,-1635.29,-578.29
2026-01-14T12:45:00.000Z,-1718.78,-603.74
2026-01-14T13:00:00.000Z,-1808.74,-596.51
2026-01-14T13:15:00.000Z,-1921.47,-599.42
2026-01-14T13:30:00.000Z,-2040.48,-604.59
2026-01-14T13:45:00.000Z,-2039.87,-596.26
2026-01-14T14:00:00.000Z,-2010.83,-571.41
2026-01-14T14:15:00.000Z,-1987.33,-579.54
2026-01-14T14:30:00.000Z,-1763.13,-552.12
2026-01-14T14:45:00.000Z,-1761.91,-534.1
2026-01-14T15:00:00.000Z,-1803.86,-507.23
2026-01-14T15:15:00.000Z,-1689,-510.45
2026-01-14T15:30:00.000Z,-1733.82,-519.01
2026-01-14T15:45:00.000Z,-1702.49,-518.99
2026-01-14T16:00:00.000Z,-1685.12,-553.5
2026-01-14T16:15:00.000Z,-1770,-537.03
2026-01-14T16:30:00.000Z,-1674.01,-536.98
2026-01-14T16:45:00.000Z,-1586.76,-557.36
2026-01-14T17:00:00.000Z,-1635.34,-550.26
2026-01-14T17:15:00.000Z,-1558.95,-559.74
2026-01-14T17:30:00.000Z,-1506.61,-579.54
2026-01-14T17:45:00.000Z,-1465.7,-564.96
2026-01-14T18:00:00.000Z,-1203.34,-651.93
2026-01-14T18:15:00.000Z,-1168.21,-687.93
2026-01-14T18:30:00.000Z,-1112.01,-712.72
2026-01-14T18:45:00.000Z,-948.62,-766.62
2026-01-14T19:00:00.000Z,-696.56,-896.52
2026-01-14T19:15:00.000Z,-492.2,-924.13
2026-01-14T19:30:00.000Z,-365.52,-952.86
2026-01-14T19:45:00.000Z,-364.62,-713.14
2026-01-14T20:00:00.000Z,-777.96,-564.2
2026-01-14T20:15:00.000Z,-969.55,-417.97
2026-01-14T20:30:00.000Z,-955.07,-366.36
2026-01-14T20:45:00.000Z,-1358.35,-23.48
2026-01-14T21:00:00.000Z,-1565.91,260.27
2026-01-14T21:15:00.000Z,-1549.18,334.66
2026-01-14T21:30:00.000Z,-1622.68,392.63
2026-01-14T21:45:00.000Z,-1638.31,345.45
2026-01-14T22:00:00.000Z,-1094.59,-137.27
2026-01-14T22:15:00.000Z,-1108.93,-65.74
2026-01-14T22:30:00.000Z,-1063.18,-8.4
2026-01-14T22:45:00.000Z,-973.29,18.49
2026-01-14T23:00:00.000Z,-1164.85,453.54
2026-01-14T23:15:00.000Z,-1673.39,872.17
2026-01-14T23:30:00.000Z,-1649.76,934.4
2026-01-14T23:45:00.000Z,-1676.35,938.52
2026-01-15T00:00:00.000Z,-1656.81,972.86
2026-01-15T00:15:00.000Z,-1607.67,967.55
2026-01-15T00:30:00.000Z,-1495.1,952.15
2026-01-15T00:45:00.000Z,-1364.42,916.5
2026-01-15T01:00:00.000Z,-1326.33,790.45
2026-01-15T01:15:00.000Z,-1269.07,771.14
2026-01-15T01:30:00.000Z,-1162.64,772.64
2026-01-15T01:45:00.000Z,-1109.36,749.25
2026-01-15T02:00:00.000Z,-1145.29,735.55
2026-01-15T02:15:00.000Z,-1173.67,731.75
2026-01-15T02:30:00.000Z,-1121.18,721.74
2026-01-15T02:45:00.000Z,-1208.91,720.44
2026-01-15T03:00:00.000Z,-1509.55,946.08
2026-01-15T03:15:00.000Z,-1547.5,986.56
2026-01-15T03:30:00.000Z,-1644.28,1011.61
2026-01-15T03:45:00.000Z,-1719.14,989.82
2026-01-15T04:00:00.000Z,-1763.15,943.64
2026-01-15T04:15:00.000Z,-1838.17,867.21
2026-01-15T04:30:00.000Z,-1918.42,833.53
2026-01-15T04:45:00.000Z,-1702.83,663.94
2026-01-15T05:00:00.000Z,-1346.63,451.55
2026-01-15T05:15:00.000Z,-1203.57,349.39
2026-01-15T05:30:00.000Z,-1177.95,84.99
2026-01-15T05:45:00.000Z,-1499.61,292.27
2026-01-15T06:00:00.000Z,-1502.51,294.8
2026-01-15T06:15:00.000Z,-1527.94,311.3
2026-01-15T06:30:00.000Z,-1511.89,263.53
2026-01-15T06:45:00.000Z,-1476.96,269.38
2026-01-15T07:00:00.000Z,-1694.94,685.8
2026-01-15T07:15:00.000Z,-1834.85,849.36
2026-01-15T07:30:00.000Z,-1843.8,838.79
2026-01-15T07:45:00.000Z,-1880.85,765.05
2026-01-15T08:00:00.000Z,-1823.87,610.17
2026-01-15T08:15:00.000Z,-1862.82,466.34
2026-01-15T08:30:00.000Z,-1900.88,420.17
2026-01-15T08:45:00.000Z,-1878.55,308.95
2026-01-15T09:00:00.000Z,-1649.65,116.73
2026-01-15T09:15:00.000Z,-1661.34,-0.48
2026-01-15T09:30:00.000Z,-1699.38,-95.47
2026-01-15T09:45:00.000Z,-1792.94,-221.41
2026-01-15T10:00:00.000Z,-1815.65,-144.75
2026-01-15T10:15:00.000Z,-1783.24,-290.68
2026-01-15T10:30:00.000Z,-1775.5,-342.82
2026-01-15T10:45:00.000Z,-1727.9,-436.61
2026-01-15T11:00:00.000Z,-1993.48,-446.46
2026-01-15T11:15:00.000Z,-1946.87,-468.89
2026-01-15T11:30:00.000Z,-1882.35,-636.7
2026-01-15T11:45:00.000Z,-1643.45,-747.71
2026-01-15T12:00:00.000Z,-1668.82,-442.71
2026-01-15T12:15:00.000Z,-1683.1,-376.39
2026-01-15T12:30:00.000Z,-1587.99,-440.48
2026-01-15T12:45:00.000Z,-1595.29,-578.23
2026-01-15T13:00:00.000Z,-1602.04,-495.48
2026-01-15T13:15:00.000Z,-1628.89,-478.52
2026-01-15T13:30:00.000Z,-1669.56,-443.6
2026-01-15T13:45:00.000Z,-1603.14,-443.22
2026-01-15T14:00:00.000Z,-1553.9,-505.89
2026-01-15T14:15:00.000Z,-1589.27,-489.53
2026-01-15T14:30:00.000Z,-1651.26,-495.38
2026-01-15T14:45:00.000Z,-1597.91,-459.12
2026-01-15T15:00:00.000Z,-1557.15,-462.08
2026-01-15T15:15:00.000Z,-1348.64,-470.48
2026-01-15T15:30:00.000Z,-1301.57,-467.99
2026-01-15T15:45:00.000Z,-1252.4,-473.61
2026-01-15T16:00:00.000Z,-1274.08,-522.62
2026-01-15T16:15:00.000Z,-1207.21,-533.96
2026-01-15T16:30:00.000Z,-1149.96,-593.33
2026-01-15T16:45:00.000Z,-1254.68,-628.73
2026-01-15T17:00:00.000Z,-1401.87,-674.66
2026-01-15T17:15:00.000Z,-1401.84,-705.55
2026-01-15T17:30:00.000Z,-1248.9,-710.85
2026-01-15T17:45:00.000Z,-1349.08,-700.65
2026-01-15T18:00:00.000Z,-1432.25,-673.97
2026-01-15T18:15:00.000Z,-1372.64,-682.43
2026-01-15T18:30:00.000Z,-1409.65,-661.06
2026-01-15T18:45:00.000Z,-1391.04,-670.63
2026-01-15T19:00:00.000Z,-1342.81,-714.14
2026-01-15T19:15:00.000Z,-1389.05,-700.42
2026-01-15T19:30:00.000Z,-1403.25,-695.15
2026-01-15T19:45:00.000Z,-1349.4,-793.14
2026-01-15T20:00:00.000Z,-1519.87,-953.9
2026-01-15T20:15:00.000Z,-1618.75,-979.71
2026-01-15T20:30:00.000Z,-1567.37,-1010.78
2026-01-15T20:45:00.000Z,-1396.71,-1031.26
2026-01-15T21:00:00.000Z,-1346.96,-1034.29
2026-01-15T21:15:00.000Z,-1420.69,-1032.28
2026-01-15T21:30:00.000Z,-1360.62,-1008.29
2026-01-15T21:45:00.000Z,-1200.16,-1028.96
2026-01-15T22:00:00.000Z,-1306.78,-1030.68
2026-01-15T22:15:00.000Z,-1320.05,-1034.18
2026-01-15T22:30:00.000Z,-1271.74,-1034.27
2026-01-15T22:45:00.000Z,-1304.2,-992.37
2026-01-15T23:00:00.000Z,-1671.07,-771.87
2026-01-15T23:15:00.000Z,-1535.68,-785.69
2026-01-15T23:30:00.000Z,-1422.4,-784.59
2026-01-15T23:45:00.000Z,-1337.32,-710.73
2026-01-16T00:00:00.000Z,-1434.31,-614.97
2026-01-16T00:15:00.000Z,-1526.34,-604.85
2026-01-16T00:30:00.000Z,-1484.4,-643.68
2026-01-16T00:45:00.000Z,-1275.5,-713.11
2026-01-16T01:00:00.000Z,-1285.88,-765.65
2026-01-16T01:15:00.000Z,-1432.29,-763.33
2026-01-16T01:30:00.000Z,-1391.15,-760.96
2026-01-16T01:45:00.000Z,-1411.26,-734.41
2026-01-16T02:00:00.000Z,-1261.56,-726.19
2026-01-16T02:15:00.000Z,-1201.17,-712.91
2026-01-16T02:30:00.000Z,-1235.79,-637.19
2026-01-16T02:45:00.000Z,-1297.9,-588.71
2026-01-16T03:00:00.000Z,-1275.43,-574.67
2026-01-16T03:15:00.000Z,-1051.14,-742.08
2026-01-16T03:30:00.000Z,-1185.32,-586.61
2026-01-16T03:45:00.000Z,-1308.38,-572.08
2026-01-16T04:00:00.000Z,-1455.43,-508.32
2026-01-16T04:15:00.000Z,-1510.91,-525.41
2026-01-16T04:30:00.000Z,-1377.91,-545.82
2026-01-16T04:45:00.000Z,-1381.84,-513.27
2026-01-16T05:00:00.000Z,-1259.89,-478.74
2026-01-16T05:15:00.000Z,-1420.91,-394.19
2026-01-16T05:30:00.000Z,-1720.91,-117.86
2026-01-16T05:45:00.000Z,-1634.45,-73.92
2026-01-16T06:00:00.000Z,-1399.54,-131.17
2026-01-16T06:15:00.000Z,-1482.69,-80.93
2026-01-16T06:30:00.000Z,-1620.18,41.57
2026-01-16T06:45:00.000Z,-1614.19,115.62
2026-01-16T07:00:00.000Z,-1734.4,187.69
2026-01-16T07:15:00.000Z,-1810.94,186.18
2026-01-16T07:30:00.000Z,-1627.41,220.84
2026-01-16T07:45:00.000Z,-1591.83,237.45
2026-01-16T08:00:00.000Z,-1649.41,270.3
2026-01-16T08:15:00.000Z,-1590.27,282.04
2026-01-16T08:30:00.000Z,-1603.55,255.97
2026-01-16T08:45:00.000Z,-1721.45,312.6
2026-01-16T09:00:00.000Z,-1597.53,241.61
2026-01-16T09:15:00.000Z,-1657.64,265.03
2026-01-16T09:30:00.000Z,-1597.97,329.86
2026-01-16T09:45:00.000Z,-1509.12,329.99
2026-01-16T10:00:00.000Z,-1470.3,233.18
2026-01-16T10:15:00.000Z,-1501.59,238.99
2026-01-16T10:30:00.000Z,-1306.56,320.43
2026-01-16T10:45:00.000Z,-1396.63,409.78
2026-01-16T11:00:00.000Z,-1278.1,458.82
2026-01-16T11:15:00.000Z,-1018.77,448.86
2026-01-16T11:30:00.000Z,-983.16,463.46
2026-01-16T11:45:00.000Z,-1056.76,518.42
2026-01-16T12:00:00.000Z,-1074.08,573.55
2026-01-16T12:15:00.000Z,-1018.06,558.49
2026-01-16T12:30:00.000Z,-899.65,521.83
2026-01-16T12:45:00.000Z,-936.02,534.51
2026-01-16T13:00:00.000Z,-930.67,558.69
2026-01-16T13:15:00.000Z,-895.6,522.29
2026-01-16T13:30:00.000Z,-818.87,490.48
2026-01-16T13:45:00.000Z,-914.96,491.17
2026-01-16T14:00:00.000Z,-1229.16,497.39
2026-01-16T14:15:00.000Z,-1229.57,451.09
2026-01-16T14:30:00.000Z,-1027.45,260.24
2026-01-16T14:45:00.000Z,-852.75,156.28
2026-01-16T15:00:00.000Z,-466.47,-339.54
2026-01-16T15:15:00.000Z,-234.57,-608.52
2026-01-16T15:30:00.000Z,164.06,-887.73
2026-01-16T15:45:00.000Z,199.89,-961.65
2026-01-16T16:00:00.000Z,-326.74,-473.75
2026-01-16T16:15:00.000Z,-825.3,-52.3
2026-01-16T16:30:00.000Z,-691.91,-143.3
2026-01-16T16:45:00.000Z,-517.55,-378.71
2026-01-16T17:00:00.000Z,-309.96,-752.83
2026-01-16T17:15:00.000Z,-212.89,-888.87
2026-01-16T17:30:00.000Z,-165.95,-973.37
2026-01-16T17:45:00.000Z,-352.72,-859.81
2026-01-16T18:00:00.000Z,-858.08,-355.72
2026-01-16T18:15:00.000Z,-1245.3,46.14
2026-01-16T18:30:00.000Z,-1370.26,172.55
2026-01-16T18:45:00.000Z,-1236.64,152.9
2026-01-16T19:00:00.000Z,-1352.29,97.87
2026-01-16T19:15:00.000Z,-1385.84,188.66
2026-01-16T19:30:00.000Z,-1275.76,308.9
2026-01-16T19:45:00.000Z,-1335.05,257.76
2026-01-16T20:00:00.000Z,-1510.51,337.75
2026-01-16T20:15:00.000Z,-1518.48,312
2026-01-16T20:30:00.000Z,-1401.68,298.78
2026-01-16T20:45:00.000Z,-1339.53,335.39
2026-01-16T21:00:00.000Z,-1344.47,370.56
2026-01-16T21:15:00.000Z,-1315.93,404.83
2026-01-16T21:30:00.000Z,-1244.51,451.41
2026-01-16T21:45:00.000Z,-1333.7,522.44
2026-01-16T22:00:00.000Z,-1454.55,592.23
2026-01-16T22:15:00.000Z,-1641.11,631.61
2026-01-16T22:30:00.000Z,-1828.18,663.17
2026-01-16T22:45:00.000Z,-1705.19,623.14
2026-01-16T23:00:00.000Z,-1023.86,35.47
2026-01-16T23:15:00.000Z,-481.59,-410.86
2026-01-16T23:30:00.000Z,235.75,-1073.42
2026-01-16T23:45:00.000Z,224.98,-1151.56
2026-01-17T00:00:00.000Z,63.51,-977.81
2026-01-17T00:15:00.000Z,344.53,-1183.17
2026-01-17T00:30:00.000Z,289.08,-1192.69
2026-01-17T00:45:00.000Z,332.83,-1192.99
2026-01-17T01:00:00.000Z,363.96,-1193.1
2026-01-17T01:15:00.000Z,418.84,-1193.1
2026-01-17T01:30:00.000Z,357.8,-1193.1
2026-01-17T01:45:00.000Z,370.32,-1193.1
2026-01-17T02:00:00.000Z,330.75,-1193.11
2026-01-17T02:15:00.000Z,384.89,-1193.04
2026-01-17T02:30:00.000Z,387.31,-1193
2026-01-17T02:45:00.000Z,290.64,-1192.64
2026-01-17T03:00:00.000Z,157.06,-1192.81
2026-01-17T03:15:00.000Z,231.12,-1192.7
2026-01-17T03:30:00.000Z,105.18,-1193
2026-01-17T03:45:00.000Z,117.26,-1193.1
2026-01-17T04:00:00.000Z,97.65,-1193.1
2026-01-17T04:15:00.000Z,220.11,-1193.12
2026-01-17T04:30:00.000Z,222.09,-1192.89
2026-01-17T04:45:00.000Z,262.77,-1179.4
2026-01-17T05:00:00.000Z,210.99,-1099.9
2026-01-17T05:15:00.000Z,-19.64,-859.66
2026-01-17T05:30:00.000Z,257.92,-1139.75
2026-01-17T05:45:00.000Z,73.91,-1009.92
2026-01-17T06:00:00.000Z,-391.67,-598.79
2026-01-17T06:15:00.000Z,-574.69,-421.19
2026-01-17T06:30:00.000Z,-140.34,-844.21
2026-01-17T06:45:00.000Z,330.6,-1167.86
2026-01-17T07:00:00.000Z,296.74,-1162.71
2026-01-17T07:15:00.000Z,342.15,-1126.28
2026-01-17T07:30:00.000Z,461.8,-1090
2026-01-17T07:45:00.000Z,443.18,-1059.29
2026-01-17T08:00:00.000Z,415.76,-1062.9
2026-01-17T08:15:00.000Z,518.14,-1031.11
2026-01-17T08:30:00.000Z,526.77,-993.1
2026-01-17T08:45:00.000Z,540.31,-946.44
2026-01-17T09:00:00.000Z,248.53,-787.96
2026-01-17T09:15:00.000Z,211.11,-716.38
2026-01-17T09:30:00.000Z,288.26,-685.94
2026-01-17T09:45:00.000Z,188.52,-688.41
2026-01-17T10:00:00.000Z,120.48,-682.32
2026-01-17T10:15:00.000Z,122.15,-664.44
2026-01-17T10:30:00.000Z,108.66,-648.28
2026-01-17T10:45:00.000Z,-75.31,-636.77
2026-01-17T11:00:00.000Z,-372.29,-609.56
2026-01-17T11:15:00.000Z,-302.87,-599.3
2026-01-17T11:30:00.000Z,-110.42,-594.67
2026-01-17T11:45:00.000Z,-218.63,-586.92
2026-01-17T12:00:00.000Z,-257.03,-599.04
2026-01-17T12:15:00.000Z,-273.93,-610.7
2026-01-17T12:30:00.000Z,-127.64,-571.53
2026-01-17T12:45:00.000Z,-179.47,-560.36
2026-01-17T13:00:00.000Z,-287.17,-589.77
2026-01-17T13:15:00.000Z,-309.59,-584.01
2026-01-17T13:30:00.000Z,-468.09,-571.63
2026-01-17T13:45:00.000Z,-712,-556.55
2026-01-17T14:00:00.000Z,-833.17,-544.86
2026-01-17T14:15:00.000Z,-1109.6,-518.3
2026-01-17T14:30:00.000Z,-1138.42,-496.02
2026-01-17T14:45:00.000Z,-1137.75,-484.4
2026-01-17T15:00:00.000Z,-1320.66,-475.38
2026-01-17T15:15:00.000Z,-1397.74,-463.38
2026-01-17T15:30:00.000Z,-1388.02,-469.13
2026-01-17T15:45:00.000Z,-1261.65,-494.76
2026-01-17T16:00:00.000Z,-1476.21,-354.09
2026-01-17T16:15:00.000Z,-1475.89,-275.36
2026-01-17T16:30:00.000Z,-1429.63,-285.43
2026-01-17T16:45:00.000Z,-1481.85,-262.79
2026-01-17T17:00:00.000Z,-1058.35,-409.95
2026-01-17T17:15:00.000Z,-1022.86,-462.58
2026-01-17T17:30:00.000Z,-934.04,-488.47
2026-01-17T17:45:00.000Z,-939.11,-478.89
2026-01-17T18:00:00.000Z,-865.17,-544.87
2026-01-17T18:15:00.000Z,-840.58,-603.07
2026-01-17T18:30:00.000Z,-854.7,-600
2026-01-17T18:45:00.000Z,-829.04,-594.52
2026-01-17T19:00:00.000Z,-1015.49,-547.81
2026-01-17T19:15:00.000Z,-1290.5,-318.66
2026-01-17T19:30:00.000Z,-1219.34,-312.55
2026-01-17T19:45:00.000Z,-1434.28,-120.8
2026-01-17T20:00:00.000Z,-1217.38,-284.97
2026-01-17T20:15:00.000Z,-1519.19,-133.38
2026-01-17T20:30:00.000Z,-1958.22,75.82
2026-01-17T20:45:00.000Z,-1766.73,68.41
2026-01-17T21:00:00.000Z,-1622.44,-70.8
2026-01-17T21:15:00.000Z,-1884.73,22.85
2026-01-17T21:30:00.000Z,-1558.22,-233.11
2026-01-17T21:45:00.000Z,-1144.07,-549.08
2026-01-17T22:00:00.000Z,-1561.33,-384.11
2026-01-17T22:15:00.000Z,-1741.68,-172.34
2026-01-17T22:30:00.000Z,-1698.76,-74.82
2026-01-17T22:45:00.000Z,-1908.05,-15.47
2026-01-17T23:00:00.000Z,-1733.72,250.93
2026-01-17T23:15:00.000Z,-1572.6,282.54
2026-01-17T23:30:00.000Z,-1789.52,284.76
2026-01-17T23:45:00.000Z,-1951.52,295.63
2026-01-18T00:00:00.000Z,-1869.56,320.15
2026-01-18T00:15:00.000Z,-1803.31,330.07
2026-01-18T00:30:00.000Z,-1820.44,338.51
2026-01-18T00:45:00.000Z,-1784.01,370.46
2026-01-18T01:00:00.000Z,-1730.01,378.64
2026-01-18T01:15:00.000Z,-1709.4,352.86
2026-01-18T01:30:00.000Z,-1793.03,424.58
2026-01-18T01:45:00.000Z,-1782.06,377
2026-01-18T02:00:00.000Z,-1271.38,-120.27
2026-01-18T02:15:00.000Z,-1370.56,-193.36
2026-01-18T02:30:00.000Z,-1323.27,-224.99
2026-01-18T02:45:00.000Z,-1254.31,-201.35
2026-01-18T03:00:00.000Z,-1763.8,250.18
2026-01-18T03:15:00.000Z,-1840.11,289.95
2026-01-18T03:30:00.000Z,-1852.5,264.1
2026-01-18T03:45:00.000Z,-1852.36,213.13
2026-01-18T04:00:00.000Z,-1748.91,215.93
2026-01-18T04:15:00.000Z,-1784.85,154.71
2026-01-18T04:30:00.000Z,-1770.17,131.75
2026-01-18T04:45:00.000Z,-1769.48,147.8
2026-01-18T05:00:00.000Z,-1827.32,385.66
2026-01-18T05:15:00.000Z,-1813.85,414.03
2026-01-18T05:30:00.000Z,-1876.68,390.31
2026-01-18T05:45:00.000Z,-2003.47,337.66
2026-01-18T06:00:00.000Z,-1864.77,174.95
2026-01-18T06:15:00.000Z,-1731.43,76.66
2026-01-18T06:30:00.000Z,-1859.8,51.06
2026-01-18T06:45:00.000Z,-1956.27,-11.84
2026-01-18T07:00:00.000Z,-1917.82,2.65
2026-01-18T07:15:00.000Z,-1654.12,-99.02
2026-01-18T07:30:00.000Z,-1594.44,-259.14
2026-01-18T07:45:00.000Z,-1561.89,-276.18
2026-01-18T08:00:00.000Z,-1867.27,-88.88
2026-01-18T08:15:00.000Z,-1957.19,-84.92
2026-01-18T08:30:00.000Z,-1979.14,-108.43
2026-01-18T08:45:00.000Z,-1986.58,-79.3
2026-01-18T09:00:00.000Z,-1576.15,-311.87
2026-01-18T09:15:00.000Z,-1609.71,-357.82
2026-01-18T09:30:00.000Z,-1722.21,-339.73
2026-01-18T09:45:00.000Z,-1716.69,-351.44
2026-01-18T10:00:00.000Z,-1793.3,-414.49
2026-01-18T10:15:00.000Z,-1961.62,-410.44
2026-01-18T10:30:00.000Z,-1798.89,-592.34
2026-01-18T10:45:00.000Z,-1866.77,-554.94
2026-01-18T11:00:00.000Z,-1746.8,-447.71
2026-01-18T11:15:00.000Z,-1783.15,-453.26
2026-01-18T11:30:00.000Z,-1791.51,-502.73
2026-01-18T11:45:00.000Z,-1837.24,-505.46
2026-01-18T12:00:00.000Z,-1785.47,-445.81
2026-01-18T12:15:00.000Z,-1628.17,-366.85
2026-01-18T12:30:00.000Z,-1806.79,-331.01
2026-01-18T12:45:00.000Z,-1922.29,-341.54
2026-01-18T13:00:00.000Z,-1818.41,-325.37
2026-01-18T13:15:00.000Z,-1751.31,-318.24
2026-01-18T13:30:00.000Z,-1626.25,-351.76
2026-01-18T13:45:00.000Z,-1648.82,-352.65
2026-01-18T14:00:00.000Z,-1744.96,-315.85
2026-01-18T14:15:00.000Z,-1667.73,-351.17
2026-01-18T14:30:00.000Z,-1676.99,-353.63
2026-01-18T14:45:00.000Z,-1685.16,-321.53
2026-01-18T15:00:00.000Z,-1626.56,-278.65
2026-01-18T15:15:00.000Z,-1792.32,-276.57
2026-01-18T15:30:00.000Z,-1833.71,-309.1
2026-01-18T15:45:00.000Z,-1803.26,-289.27
2026-01-18T16:00:00.000Z,-1687.39,-235.86
2026-01-18T16:15:00.000Z,-1698.16,-309.44
2026-01-18T16:30:00.000Z,-1765.67,-222.24
2026-01-18T16:45:00.000Z,-1737.75,-186.36
2026-01-18T17:00:00.000Z,-1709.69,-165.24
2026-01-18T17:15:00.000Z,-1689.43,-126.62
2026-01-18T17:30:00.000Z,-1639.4,-163.31
2026-01-18T17:45:00.000Z,-1694.08,-155.4
2026-01-18T18:00:00.000Z,-1752.66,-155.38
2026-01-18T18:15:00.000Z,-1749.73,-194.08
2026-01-18T18:30:00.000Z,-1667.7,-217.91
2026-01-18T18:45:00.000Z,-1695.32,-201.24
2026-01-18T19:00:00.000Z,-1702.63,-131.38
2026-01-18T19:15:00.000Z,-1621.28,-68.47
2026-01-18T19:30:00.000Z,-1539.63,-165.09
2026-01-18T19:45:00.000Z,-1544.65,-147.2
2026-01-18T20:00:00.000Z,-1745.37,-124.56
2026-01-18T20:15:00.000Z,-1762.1,-287.99
2026-01-18T20:30:00.000Z,-1825.87,-284.81
2026-01-18T20:45:00.000Z,-1796.42,-310.59
2026-01-18T21:00:00.000Z,-1779.81,-516.42
2026-01-18T21:15:00.000Z,-1766.63,-488.18
2026-01-18T21:30:00.000Z,-1764.7,-409.23
2026-01-18T21:45:00.000Z,-1838.73,-404.25
2026-01-18T22:00:00.000Z,-1781.53,-507.93
2026-01-18T22:15:00.000Z,-1832.21,-519.53
2026-01-18T22:30:00.000Z,-1916.29,-422.81
2026-01-18T22:45:00.000Z,-1832.58,-566.26
2026-01-18T23:00:00.000Z,-1620.5,-646.99
2026-01-18T23:15:00.000Z,-1674.82,-743.76
2026-01-18T23:30:00.000Z,-1806.58,-558.53
2026-01-18T23:45:00.000Z,-1724.78,-540.74
2026-01-19T00:00:00.000Z,-1808.75,-539.09
2026-01-19T00:15:00.000Z,-1789.5,-518.88
2026-01-19T00:30:00.000Z,-1742.88,-487.2
2026-01-19T00:45:00.000Z,-1716.44,-484.69
2026-01-19T01:00:00.000Z,-1741.14,-443.32
2026-01-19T01:15:00.000Z,-1927.24,-439.19
2026-01-19T01:30:00.000Z,-1928.38,-447.17
2026-01-19T01:45:00.000Z,-1797.49,-492.21
2026-01-19T02:00:00.000Z,-1805.99,-462.59
2026-01-19T02:15:00.000Z,-1781.55,-512.87
2026-01-19T02:30:00.000Z,-1812.8,-549.53
2026-01-19T02:45:00.000Z,-1738.78,-623.25
2026-01-19T03:00:00.000Z,-1692.68,-584.6
2026-01-19T03:15:00.000Z,-1652.88,-606.79
2026-01-19T03:30:00.000Z,-1678.59,-635.97
2026-01-19T03:45:00.000Z,-1761.3,-650.43
2026-01-19T04:00:00.000Z,-1839.84,-784.56
2026-01-19T04:15:00.000Z,-1926.86,-817.91
2026-01-19T04:30:00.000Z,-1760.57,-931.35
2026-01-19T04:45:00.000Z,-1613.21,-1149.23
2026-01-19T05:00:00.000Z,-1673.43,-955.42
2026-01-19T05:15:00.000Z,-1606.06,-970.75
2026-01-19T05:30:00.000Z,-1681.35,-992.3
2026-01-19T05:45:00.000Z,-1533.05,-969.8
2026-01-19T06:00:00.000Z,-1597.68,-878.59
2026-01-19T06:15:00.000Z,-1554.19,-796.79
2026-01-19T06:30:00.000Z,-1397.06,-781.1
2026-01-19T06:45:00.000Z,-1435.62,-794.08
2026-01-19T07:00:00.000Z,-1406.83,-657.58
2026-01-19T07:15:00.000Z,-1429,-613.91
2026-01-19T07:30:00.000Z,-1414.04,-618.91
2026-01-19T07:45:00.000Z,-1527.38,-603.18
2026-01-19T08:00:00.000Z,-1528.66,-656.79
2026-01-19T08:15:00.000Z,-1420.38,-726.42
2026-01-19T08:30:00.000Z,-1383.51,-827.68
2026-01-19T08:45:00.000Z,-1467.12,-850.22
2026-01-19T09:00:00.000Z,-1649.06,-777.09
2026-01-19T09:15:00.000Z,-1680.3,-876.13
2026-01-19T09:30:00.000Z,-1728.24,-925.88
2026-01-19T09:45:00.000Z,-1707.42,-977.9
2026-01-19T10:00:00.000Z,-1505.48,-1165.52
2026-01-19T10:15:00.000Z,-1497.84,-1193.4
2026-01-19T10:30:00.000Z,-1509.86,-1193.42
2026-01-19T10:45:00.000Z,-1417.54,-1193.6
2026-01-19T11:00:00.000Z,-1559.83,-1193.57
2026-01-19T11:15:00.000Z,-1604.03,-1193.5
2026-01-19T11:30:00.000Z,-1610.1,-1192.43
2026-01-19T11:45:00.000Z,-1543.03,-1174.01
2026-01-19T12:00:00.000Z,-1802.49,-1111.99
2026-01-19T12:15:00.000Z,-1816.05,-1094.69
2026-01-19T12:30:00.000Z,-1671.58,-1088.09
2026-01-19T12:45:00.000Z,-1745.37,-1060.13
2026-01-19T13:00:00.000Z,-1681.82,-921.53
2026-01-19T13:15:00.000Z,-1578.99,-887.37
2026-01-19T13:30:00.000Z,-1741.08,-859.17
2026-01-19T13:45:00.000Z,-1808.42,-776.52
2026-01-19T14:00:00.000Z,-1780.88,-637.34
2026-01-19T14:15:00.000Z,-1914.83,-411.13
2026-01-19T14:30:00.000Z,-1868.67,-456.28
2026-01-19T14:45:00.000Z,-1756.6,-428.87
2026-01-19T15:00:00.000Z,-1597.84,-588.76
2026-01-19T15:15:00.000Z,-1478.77,-579.78
2026-01-19T15:30:00.000Z,-1544.07,-564.84
2026-01-19T15:45:00.000Z,-1508.83,-552.11
2026-01-19T16:00:00.000Z,-1692.01,-530.64
2026-01-19T16:15:00.000Z,-1722.94,-505.03
2026-01-19T16:30:00.000Z,-1752.94,-530.26
2026-01-19T16:45:00.000Z,-1705.89,-499.2
2026-01-19T17:00:00.000Z,-1616.14,-445.97
2026-01-19T17:15:00.000Z,-1633.57,-438.91
2026-01-19T17:30:00.000Z,-1672.45,-440.5
2026-01-19T17:45:00.000Z,-1621.15,-468.41
2026-01-19T18:00:00.000Z,-1624.44,-543.59
2026-01-19T18:15:00.000Z,-1573.84,-566.96
2026-01-19T18:30:00.000Z,-1513.49,-526.28
2026-01-19T18:45:00.000Z,-1584.24,-471.15
2026-01-19T19:00:00.000Z,-1585.91,-457.7
2026-01-19T19:15:00.000Z,-1559.69,-417.12
2026-01-19T19:30:00.000Z,-1479.84,-365.62
2026-01-19T19:45:00.000Z,-1466.33,-401.41
2026-01-19T20:00:00.000Z,-1698.3,-472.89
2026-01-19T20:15:00.000Z,-1599.45,-560.24
2026-01-19T20:30:00.000Z,-1672,-570.67
2026-01-19T20:45:00.000Z,-1864.53,-557.09
2026-01-19T21:00:00.000Z,-1834.41,-568.45
2026-01-19T21:15:00.000Z,-1758.25,-506.43
2026-01-19T21:30:00.000Z,-1607.4,-439.12
2026-01-19T21:45:00.000Z,-1596.45,-419.18
2026-01-19T22:00:00.000Z,-1659.56,-468.33
2026-01-19T22:15:00.000Z,-1697.93,-477.65
2026-01-19T22:30:00.000Z,-1721.5,-451.95
2026-01-19T22:45:00.000Z,-1722.1,-404.29
2026-01-19T23:00:00.000Z,-1597.29,-496.17
2026-01-19T23:15:00.000Z,-1579.59,-501.99
2026-01-19T23:30:00.000Z,-1623.43,-454.22
2026-01-19T23:45:00.000Z,-1584.04,-430.91
2026-01-20T00:00:00.000Z,-1639.66,-462.16
2026-01-20T00:15:00.000Z,-1684.05,-462.14
2026-01-20T00:30:00.000Z,-1695.15,-435.34
2026-01-20T00:45:00.000Z,-1713.94,-417.51
2026-01-20T01:00:00.000Z,-1588.18,-434.46
2026-01-20T01:15:00.000Z,-1607.71,-428.64
2026-01-20T01:30:00.000Z,-1741.75,-415.82
2026-01-20T01:45:00.000Z,-1727.79,-425.83
2026-01-20T02:00:00.000Z,-1733.54,-393.85
2026-01-20T02:15:00.000Z,-1687.64,-396.33
2026-01-20T02:30:00.000Z,-1685.38,-421.36
2026-01-20T02:45:00.000Z,-1660.09,-425.92
2026-01-20T03:00:00.000Z,-1693.98,-348.84
2026-01-20T03:15:00.000Z,-1747.95,-377.89
2026-01-20T03:30:00.000Z,-1750.95,-430.8
2026-01-20T03:45:00.000Z,-1781.77,-496.7
2026-01-20T04:00:00.000Z,-1706.51,-530.06
2026-01-20T04:15:00.000Z,-1690.59,-632.4
2026-01-20T04:30:00.000Z,-1797.8,-671.69
2026-01-20T04:45:00.000Z,-1770.97,-738.82
2026-01-20T05:00:00.000Z,-1528.28,-464.93
2026-01-20T05:15:00.000Z,-1529.26,-363.74
2026-01-20T05:30:00.000Z,-1693.64,-342.25
2026-01-20T05:45:00.000Z,-1841.97,-293.66
2026-01-20T06:00:00.000Z,-1695.56,-374.95
2026-01-20T06:15:00.000Z,-1563.42,-392.87
2026-01-20T06:30:00.000Z,-1648.32,-295.87
2026-01-20T06:45:00.000Z,-1656.8,-306.86
2026-01-20T07:00:00.000Z,-1677.75,-345.7
2026-01-20T07:15:00.000Z,-1769.09,-220.16
2026-01-20T07:30:00.000Z,-1184.56,-279.03
2026-01-20T07:45:00.000Z,-1082.24,-318
2026-01-20T08:00:00.000Z,-1788.24,-290.25
2026-01-20T08:15:00.000Z,-1360.12,-351.67
2026-01-20T08:30:00.000Z,-1646.73,-377.5
2026-01-20T08:45:00.000Z,-1721.22,-414.77
2026-01-20T09:00:00.000Z,-1491.21,-572.6
2026-01-20T09:15:00.000Z,-1444,-605.7
2026-01-20T09:30:00.000Z,-1491.7,-622.01
2026-01-20T09:45:00.000Z,-1522.57,-645.3
2026-01-20T10:00:00.000Z,-1490.2,-883.91
2026-01-20T10:15:00.000Z,-1628.03,-936.53
2026-01-20T10:30:00.000Z,-1612.36,-930.2
2026-01-20T10:45:00.000Z,-1587.45,-962.62
2026-01-20T11:00:00.000Z,-1544.89,-1072.36
2026-01-20T11:15:00.000Z,-1558.39,-1131.18
2026-01-20T11:30:00.000Z,-1539.04,-1108.22
2026-01-20T11:45:00.000Z,-1481.79,-1117.28
2026-01-20T12:00:00.000Z,-1452.99,-1188.77
2026-01-20T12:15:00.000Z,-1428.83,-1193.84
2026-01-20T12:30:00.000Z,-1510.8,-1193.94
2026-01-20T12:45:00.000Z,-1621.38,-1151.07
2026-01-20T13:00:00.000Z,-1672.71,-922.97
2026-01-20T13:15:00.000Z,-1558.41,-955.64
2026-01-20T13:30:00.000Z,-1541.91,-887.77
2026-01-20T13:45:00.000Z,-1596.68,-763.86
2026-01-20T14:00:00.000Z,-1564.99,-558.25
2026-01-20T14:15:00.000Z,-1543.08,-582.87
2026-01-20T14:30:00.000Z,-1708.76,-472.8
2026-01-20T14:45:00.000Z,-1575.41,-504.16
2026-01-20T15:00:00.000Z,-1716.53,-401.72
2026-01-20T15:15:00.000Z,-1744.94,-350
2026-01-20T15:30:00.000Z,-1625.96,-289.85
2026-01-20T15:45:00.000Z,-1755.05,-159.6
2026-01-20T16:00:00.000Z,-1603.5,-277.94
2026-01-20T16:15:00.000Z,-1448.15,-264.44
2026-01-20T16:30:00.000Z,-1577.14,-214.59
2026-01-20T16:45:00.000Z,-1637.63,-247.11
2026-01-20T17:00:00.000Z,-1657.71,-417.21
2026-01-20T17:15:00.000Z,-1573.06,-434.64
2026-01-20T17:30:00.000Z,-1658.69,-449.18
2026-01-20T17:45:00.000Z,-1549,-428.21
2026-01-20T18:00:00.000Z,-1624.26,-295.98
2026-01-20T18:15:00.000Z,-1703.49,-335.13
2026-01-20T18:30:00.000Z,-1691.4,-225.16
2026-01-20T18:45:00.000Z,-1768.64,-183.93
2026-01-20T19:00:00.000Z,-1721.28,-124.72
2026-01-20T19:15:00.000Z,-1712.5,-72.97
2026-01-20T19:30:00.000Z,-1744.8,-39.95
2026-01-20T19:45:00.000Z,-1555.11,-69.14
2026-01-20T20:00:00.000Z,-1658.35,-195.41
2026-01-20T20:15:00.000Z,-1706.73,-368.04
2026-01-20T20:30:00.000Z,-1711.86,-429.82
2026-01-20T20:45:00.000Z,-1637.01,-469.44
2026-01-20T21:00:00.000Z,-1740.64,-443.29
2026-01-20T21:15:00.000Z,-1784.32,-441.52
2026-01-20T21:30:00.000Z,-1733.34,-359.91
2026-01-20T21:45:00.000Z,-1786.8,-256.95
2026-01-20T22:00:00.000Z,-1847.03,-509.68
2026-01-20T22:15:00.000Z,-1945,-517.88
2026-01-20T22:30:00.000Z,-1867.91,-594.79
2026-01-20T22:45:00.000Z,-1792.85,-730.36
2026-01-20T23:00:00.000Z,-1611.56,-906.02
2026-01-20T23:15:00.000Z,-1540.98,-1152.48
2026-01-20T23:30:00.000Z,-1646.32,-1083.5
2026-01-20T23:45:00.000Z,-1654.02,-1007.76
2026-01-21T00:00:00.000Z,-1780.44,-1052.96
2026-01-21T00:15:00.000Z,-1815.76,-1042.31
2026-01-21T00:30:00.000Z,-1778.25,-1049.47
2026-01-21T00:45:00.000Z,-1779.75,-1005.32
2026-01-21T01:00:00.000Z,-1742.7,-1047.19
2026-01-21T01:15:00.000Z,-1843.94,-1054.56
2026-01-21T01:30:00.000Z,-1854.79,-1041.54
2026-01-21T01:45:00.000Z,-1817.72,-1096.31
2026-01-21T02:00:00.000Z,-1726.04,-1184.4
2026-01-21T02:15:00.000Z,-1625.7,-1193.19
2026-01-21T02:30:00.000Z,-1681.04,-1191.89
2026-01-21T02:45:00.000Z,-1708.11,-1184.85
2026-01-21T03:00:00.000Z,-1726.45,-1140.58
2026-01-21T03:15:00.000Z,-1610.79,-1180.42
2026-01-21T03:30:00.000Z,-1624.73,-1159.66
2026-01-21T03:45:00.000Z,-1673.9,-1103.95
2026-01-21T04:00:00.000Z,-1611.39,-1157.58
2026-01-21T04:15:00.000Z,-1591.21,-1183.3
2026-01-21T04:30:00.000Z,-1661.02,-1192.14
2026-01-21T04:45:00.000Z,-1846.06,-1176.96
2026-01-21T05:00:00.000Z,-1723.01,-1191.5
2026-01-21T05:15:00.000Z,-1475.68,-1193.92
2026-01-21T05:30:00.000Z,-1450.55,-1193.91
2026-01-21T05:45:00.000Z,-1593.54,-1180.94
2026-01-21T06:00:00.000Z,-1635.21,-1006.38
2026-01-21T06:15:00.000Z,-1651.92,-853.21
2026-01-21T06:30:00.000Z,-1769.92,-763.31
2026-01-21T06:45:00.000Z,-1750.92,-729.36
2026-01-21T07:00:00.000Z,-1760.2,-681.19
2026-01-21T07:15:00.000Z,-1819.13,-639.47
2026-01-21T07:30:00.000Z,-1738.59,-698.92
2026-01-21T07:45:00.000Z,-1691.65,-874.86
2026-01-21T08:00:00.000Z,-1869.77,-812.54
2026-01-21T08:15:00.000Z,-1938.23,-882.82
2026-01-21T08:30:00.000Z,-1815.7,-968.84
2026-01-21T08:45:00.000Z,-1813.52,-982.98
2026-01-21T09:00:00.000Z,-1910.03,-997.91
2026-01-21T09:15:00.000Z,-1979.08,-973.12
2026-01-21T09:30:00.000Z,-2019.41,-1036.52
2026-01-21T09:45:00.000Z,-1853.47,-1076.9
2026-01-21T10:00:00.000Z,-1744.25,-1180.07
2026-01-21T10:15:00.000Z,-1738.78,-1193.4
2026-01-21T10:30:00.000Z,-1689.5,-1189
2026-01-21T10:45:00.000Z,-1735.96,-1130.43
2026-01-21T11:00:00.000Z,-1775.96,-1117.93
2026-01-21T11:15:00.000Z,-1719.36,-1177.52
2026-01-21T11:30:00.000Z,-1797.17,-1138.56
2026-01-21T11:45:00.000Z,-1750.91,-1125.43
2026-01-21T12:00:00.000Z,-1828.73,-1127.09
2026-01-21T12:15:00.000Z,-1900.3,-1094.89
2026-01-21T12:30:00.000Z,-1886.43,-1130.69
2026-01-21T12:45:00.000Z,-1787.53,-1160.96
2026-01-21T13:00:00.000Z,-1746.2,-1159.95
2026-01-21T13:15:00.000Z,-1761.79,-1091.34
2026-01-21T13:30:00.000Z,-1702.48,-1106.15
2026-01-21T13:45:00.000Z,-1758.81,-1095.38
2026-01-21T14:00:00.000Z,-1596.03,-1141.17
2026-01-21T14:15:00.000Z,-1572.88,-1132.74
2026-01-21T14:30:00.000Z,-1771.88,-1114.11
2026-01-21T14:45:00.000Z,-1765.71,-1066.2
2026-01-21T15:00:00.000Z,-1827.02,-891.92
2026-01-21T15:15:00.000Z,-1801.49,-860.63
2026-01-21T15:30:00.000Z,-1735.5,-918.41
2026-01-21T15:45:00.000Z,-1634.98,-950.77
2026-01-21T16:00:00.000Z,-1632.26,-1033.34
2026-01-21T16:15:00.000Z,-1620.93,-1023.37
2026-01-21T16:30:00.000Z,-1704.34,-1039.86
2026-01-21T16:45:00.000Z,-1613.75,-1027.98
2026-01-21T17:00:00.000Z,-1807.9,-840.95
2026-01-21T17:15:00.000Z,-1747.95,-1130.57
2026-01-21T17:30:00.000Z,-1697.66,-1191.48
2026-01-21T17:45:00.000Z,-1612.83,-1193.46
2026-01-21T18:00:00.000Z,-1632.13,-1193.36
2026-01-21T18:15:00.000Z,-1643.55,-1193.4
2026-01-21T18:30:00.000Z,-1597.81,-1178.82
2026-01-21T18:45:00.000Z,-1708.84,-990.3
2026-01-21T19:00:00.000Z,-1661.74,-963.81
2026-01-21T19:15:00.000Z,-1648.65,-970.36
2026-01-21T19:30:00.000Z,-1557.79,-900.67
2026-01-21T19:45:00.000Z,-1563.71,-922.87
2026-01-21T20:00:00.000Z,-1713.8,-1017.78
2026-01-21T20:15:00.000Z,-1828.51,-1035.77
2026-01-21T20:30:00.000Z,-1884.04,-1057.72
2026-01-21T20:45:00.000Z,-1833.18,-1067.18
2026-01-21T21:00:00.000Z,-1791.94,-1179.29
2026-01-21T21:15:00.000Z,-1794.54,-1172.26
2026-01-21T21:30:00.000Z,-1739.92,-1131.17
2026-01-21T21:45:00.000Z,-1646.78,-1120.86
2026-01-21T22:00:00.000Z,-1628.61,-1108.39
2026-01-21T22:15:00.000Z,-1612.32,-1079.37
2026-01-21T22:30:00.000Z,-1661.63,-1077.55
2026-01-21T22:45:00.000Z,-1750.87,-1051.54
2026-01-21T23:00:00.000Z,-1964.22,-1100.56
2026-01-21T23:15:00.000Z,-1962.35,-1115.06
2026-01-21T23:30:00.000Z,-1786.07,-1183.51
2026-01-21T23:45:00.000Z,-1847.09,-1193.43
2026-01-22T00:00:00.000Z,-1934.14,-1193.59
2026-01-22T00:15:00.000Z,-1845.16,-1193.42
2026-01-22T00:30:00.000Z,-1824.46,-1193.48
2026-01-22T00:45:00.000Z,-1743.9,-1193.37
2026-01-22T01:00:00.000Z,-1889.3,-1193.45
2026-01-22T01:15:00.000Z,-1900.09,-1193.42
2026-01-22T01:30:00.000Z,-1844.54,-1193.22
2026-01-22T01:45:00.000Z,-1855.66,-1193.64
2026-01-22T02:00:00.000Z,-1897.4,-1193.23
2026-01-22T02:15:00.000Z,-1919.72,-1193.28
2026-01-22T02:30:00.000Z,-1839.41,-1193.52
2026-01-22T02:45:00.000Z,-1748.74,-1191.68
2026-01-22T03:00:00.000Z,-1838.56,-1169.27
2026-01-22T03:15:00.000Z,-1843.11,-1188.03
2026-01-22T03:30:00.000Z,-1921.73,-1191.58
2026-01-22T03:45:00.000Z,-1848.56,-1170.51
2026-01-22T04:00:00.000Z,-1760.05,-1190.68
2026-01-22T04:15:00.000Z,-1873.09,-1192.51
2026-01-22T04:30:00.000Z,-1967.26,-1179.37
2026-01-22T04:45:00.000Z,-1910.81,-1192.25
2026-01-22T05:00:00.000Z,-1949.83,-1193.82
2026-01-22T05:15:00.000Z,-1836.97,-1193.77
2026-01-22T05:30:00.000Z,-1826.82,-1193.65
2026-01-22T05:45:00.000Z,-1906.95,-1193.46
2026-01-22T06:00:00.000Z,-1790.66,-1193.41
2026-01-22T06:15:00.000Z,-1800.88,-1193.43
2026-01-22T06:30:00.000Z,-1778.77,-1193.51
2026-01-22T06:45:00.000Z,-1802.11,-1189.61
2026-01-22T07:00:00.000Z,-1968.34,-1143.74
2026-01-22T07:15:00.000Z,-1900.04,-1164.38
2026-01-22T07:30:00.000Z,-1897.98,-1183.54
2026-01-22T07:45:00.000Z,-1881.59,-1188.64
2026-01-22T08:00:00.000Z,-1778.32,-1193.29
2026-01-22T08:15:00.000Z,-1865.27,-1193.28
2026-01-22T08:30:00.000Z,-1847.94,-1193.37
2026-01-22T08:45:00.000Z,-1798.41,-1188.97
2026-01-22T09:00:00.000Z,-1822.58,-1132.91
2026-01-22T09:15:00.000Z,-1790.41,-1129.08
2026-01-22T09:30:00.000Z,-1790.95,-1152.81
2026-01-22T09:45:00.000Z,-1850.14,-1155.56
2026-01-22T10:00:00.000Z,-1840.94,-1185.52
2026-01-22T10:15:00.000Z,-1893.78,-1154.28
2026-01-22T10:30:00.000Z,-1922.22,-1157.98
2026-01-22T10:45:00.000Z,-1967.39,-1188.32
2026-01-22T11:00:00.000Z,-2011.73,-1177.57
2026-01-22T11:15:00.000Z,-1914.47,-1191.33
2026-01-22T11:30:00.000Z,-1900.33,-1191.58
2026-01-22T11:45:00.000Z,-1903.36,-1170.27
2026-01-22T12:00:00.000Z,-1790.97,-1190.75
2026-01-22T12:15:00.000Z,-1957.58,-1192.31
2026-01-22T12:30:00.000Z,-1906.03,-1174.58
2026-01-22T12:45:00.000Z,-1811.1,-1170.95
2026-01-22T13:00:00.000Z,-1815.73,-1160.96
2026-01-22T13:15:00.000Z,-1740.03,-1156
2026-01-22T13:30:00.000Z,-1840.95,-1152.72
2026-01-22T13:45:00.000Z,-1791.2,-1108.15
2026-01-22T14:00:00.000Z,-1804.04,-1169.3
2026-01-22T14:15:00.000Z,-1840.85,-1177.43
2026-01-22T14:30:00.000Z,-1909.15,-1136.28
2026-01-22T14:45:00.000Z,-1837.32,-1144.82
2026-01-22T15:00:00.000Z,-1857.37,-1187.09
2026-01-22T15:15:00.000Z,-1917.41,-1193.19
2026-01-22T15:30:00.000Z,-1765.86,-1193.22
2026-01-22T15:45:00.000Z,-1689.97,-1193.14
2026-01-22T16:00:00.000Z,-1799.98,-1192.92
2026-01-22T16:15:00.000Z,-1835.33,-1193.26
2026-01-22T16:30:00.000Z,-1710.43,-1193.3
2026-01-22T16:45:00.000Z,-1695.38,-1187.77
2026-01-22T17:00:00.000Z,-1802.34,-1115.32
2026-01-22T17:15:00.000Z,-1904.84,-1101.2
2026-01-22T17:30:00.000Z,-1919.4,-1101.04
2026-01-22T17:45:00.000Z,-1639.12,-1178.08
2026-01-22T18:00:00.000Z,-1817.24,-1132.22
2026-01-22T18:15:00.000Z,-1861.51,-1146.82
2026-01-22T18:30:00.000Z,-1824.47,-1131.96
2026-01-22T18:45:00.000Z,-1862.61,-1118.47
2026-01-22T19:00:00.000Z,-1703.71,-1161.8
2026-01-22T19:15:00.000Z,-1620.89,-1190.09
2026-01-22T19:30:00.000Z,-1701.03,-1170.38
2026-01-22T19:45:00.000Z,-1603.18,-1073.36
2026-01-22T20:00:00.000Z,-1742.26,-1171.45
2026-01-22T20:15:00.000Z,-1866.94,-1115.91
2026-01-22T20:30:00.000Z,-1838.87,-1145.8
2026-01-22T20:45:00.000Z,-1872.06,-1160.88
2026-01-22T21:00:00.000Z,-1965.21,-1181.86
2026-01-22T21:15:00.000Z,-1829.74,-1193.57
2026-01-22T21:30:00.000Z,-1714.63,-1192.65
2026-01-22T21:45:00.000Z,-1823.85,-1174.44
2026-01-22T22:00:00.000Z,-1925.13,-1149.29
2026-01-22T22:15:00.000Z,-1929.74,-1169.85
2026-01-22T22:30:00.000Z,-1871.54,-1189.99
2026-01-22T22:45:00.000Z,-1785.15,-1193.86
2026-01-22T23:00:00.000Z,-1709.39,-1193.58
2026-01-22T23:15:00.000Z,-1806.64,-1190.95
2026-01-22T23:30:00.000Z,-1859.44,-1156.56
2026-01-22T23:45:00.000Z,-1822.8,-1138.02
2026-01-23T00:00:00.000Z,-1780.88,-1145.99
2026-01-23T00:15:00.000Z,-1811.63,-1167.82
2026-01-23T00:30:00.000Z,-1839.91,-1152.13
2026-01-23T00:45:00.000Z,-1831,-1126.13
2026-01-23T01:00:00.000Z,-1848.05,-1162.36
2026-01-23T01:15:00.000Z,-1862.14,-1168.97
2026-01-23T01:30:00.000Z,-1819.85,-1171.99
2026-01-23T01:45:00.000Z,-1776.96,-1171.6
2026-01-23T02:00:00.000Z,-1747.55,-1171.03
2026-01-23T02:15:00.000Z,-1796.75,-1169.78
2026-01-23T02:30:00.000Z,-1852.1,-1147.92
2026-01-23T02:45:00.000Z,-1867.37,-1170.27
2026-01-23T03:00:00.000Z,-1942.48,-1177.82
2026-01-23T03:15:00.000Z,-1859.68,-1185.12
2026-01-23T03:30:00.000Z,-1966.39,-1191.97
2026-01-23T03:45:00.000Z,-2044.85,-1178.63
2026-01-23T04:00:00.000Z,-1873.04,-1191.97
2026-01-23T04:15:00.000Z,-1774.94,-1193.3
2026-01-23T04:30:00.000Z,-1729.61,-1193.34
2026-01-23T04:45:00.000Z,-1794.6,-1193.72
2026-01-23T05:00:00.000Z,-1615.72,-1193.83
2026-01-23T05:15:00.000Z,-1723.88,-1189.93
2026-01-23T05:30:00.000Z,-1911.81,-1146.64
2026-01-23T05:45:00.000Z,-1919.62,-1168.45
2026-01-23T06:00:00.000Z,-1966.1,-1189.26
2026-01-23T06:15:00.000Z,-1802.47,-1176.84
2026-01-23T06:30:00.000Z,-1814.33,-1191.01
2026-01-23T06:45:00.000Z,-1890.8,-1192.77
2026-01-23T07:00:00.000Z,-1909.56,-1188.31
2026-01-23T07:15:00.000Z,-1780.89,-1179.61
2026-01-23T07:30:00.000Z,-1802.26,-1189.33
2026-01-23T07:45:00.000Z,-1791.17,-1153.95
2026-01-23T08:00:00.000Z,-1892.94,-1088.07
2026-01-23T08:15:00.000Z,-1909.63,-1123.55
2026-01-23T08:30:00.000Z,-1895.1,-1143.76
2026-01-23T08:45:00.000Z,-1835.89,-1143.49
2026-01-23T09:00:00.000Z,-1782.23,-1132.15
2026-01-23T09:15:00.000Z,-1807.77,-1137.6
2026-01-23T09:30:00.000Z,-1891.66,-1151.68
2026-01-23T09:45:00.000Z,-1877.82,-1157.27
2026-01-23T10:00:00.000Z,-1908.94,-1168.28
2026-01-23T10:15:00.000Z,-2008.08,-1189.93
2026-01-23T10:30:00.000Z,-1919.67,-1193.11
2026-01-23T10:45:00.000Z,-1785.31,-1193.7
2026-01-23T11:00:00.000Z,-1718.09,-1193.7
2026-01-23T11:15:00.000Z,-1680.36,-1193.7
2026-01-23T11:30:00.000Z,-1778.69,-1191.49
2026-01-23T11:45:00.000Z,-1748.98,-1172.12
2026-01-23T12:00:00.000Z,-1950.49,-1150.99
2026-01-23T12:15:00.000Z,-1935.65,-1127.6
2026-01-23T12:30:00.000Z,-1942.5,-1184.72
2026-01-23T12:45:00.000Z,-1972.68,-1175.44
2026-01-23T13:00:00.000Z,-1852.52,-1189.95
2026-01-23T13:15:00.000Z,-1774.95,-1193.63
2026-01-23T13:30:00.000Z,-1763.18,-1193.6
2026-01-23T13:45:00.000Z,-1797.31,-1193.61
2026-01-23T14:00:00.000Z,-1854.47,-1193.47
2026-01-23T14:15:00.000Z,-1776.96,-1193.35
2026-01-23T14:30:00.000Z,-1786.7,-1193.43
2026-01-23T14:45:00.000Z,-1815.71,-1193.36
2026-01-23T15:00:00.000Z,-1841.66,-1193.67
2026-01-23T15:15:00.000Z,-1792.9,-1193.64
2026-01-23T15:30:00.000Z,-1769.02,-1193.77
2026-01-23T15:45:00.000Z,-1774.88,-1193.64
2026-01-23T16:00:00.000Z,-1727.65,-1191.72
2026-01-23T16:15:00.000Z,-1820.27,-1169.9
2026-01-23T16:30:00.000Z,-1745.46,-1179.02
2026-01-23T16:45:00.000Z,-1725.25,-1169.95
2026-01-23T17:00:00.000Z,-1875.7,-1146.21
2026-01-23T17:15:00.000Z,-1868.38,-1162.41
2026-01-23T17:30:00.000Z,-1784.93,-1179.36
2026-01-23T17:45:00.000Z,-1800.5,-1121.46
2026-01-23T18:00:00.000Z,-1802.24,-1118.88
2026-01-23T18:15:00.000Z,-1757.1,-1158.97
2026-01-23T18:30:00.000Z,-1793.67,-1142.92
2026-01-23T18:45:00.000Z,-1876.49,-1083.76
2026-01-23T19:00:00.000Z,-1968.2,-1109.4
2026-01-23T19:15:00.000Z,-1951.96,-1134.55
2026-01-23T19:30:00.000Z,-1825.51,-1186.7
2026-01-23T19:45:00.000Z,-1853.78,-1192.58
2026-01-23T20:00:00.000Z,-1942.77,-1191.36
2026-01-23T20:15:00.000Z,-1989.44,-1193.47
2026-01-23T20:30:00.000Z,-1861.58,-1193.46
2026-01-23T20:45:00.000Z,-1790.28,-1193.68
2026-01-23T21:00:00.000Z,-1628.07,-1193.34
2026-01-23T21:15:00.000Z,-1640.25,-1188.68
2026-01-23T21:30:00.000Z,-1729.78,-1129.22
2026-01-23T21:45:00.000Z,-1753.75,-1143.99
2026-01-23T22:00:00.000Z,-1790.37,-1146.61
2026-01-23T22:15:00.000Z,-1784.97,-1161.26
2026-01-23T22:30:00.000Z,-1767.96,-1171.46
2026-01-23T22:45:00.000Z,-1774.58,-1169.86
2026-01-23T23:00:00.000Z,-1523.53,-1190.33
2026-01-23T23:15:00.000Z,-1534.51,-1166.94
2026-01-23T23:30:00.000Z,-1860.68,-1074.91
2026-01-23T23:45:00.000Z,-1868.08,-1051.77
2026-01-24T00:00:00.000Z,-1748.87,-1064.7
2026-01-24T00:15:00.000Z,-1748.87,-1064.7
2026-01-24T00:30:00.000Z,-1748.87,-1064.7
2026-01-24T00:45:00.000Z,-1748.87,-1064.7
2026-01-24T01:00:00.000Z,-1748.87,-1064.7
2026-01-24T01:15:00.000Z,-1748.87,-1064.7
2026-01-24T01:30:00.000Z,-1748.87,-1064.7
2026-01-24T01:45:00.000Z,-1748.87,-1064.7
2026-01-24T02:00:00.000Z,-1748.87,-1064.7
2026-01-24T02:15:00.000Z,-1748.87,-1064.7
2026-01-24T02:30:00.000Z,-1748.87,-1064.7
2026-01-24T02:45:00.000Z,-1748.87,-1064.7
2026-01-24T03:00:00.000Z,-1748.87,-1064.7
2026-01-24T03:15:00.000Z,-1748.87,-1064.7
2026-01-24T03:30:00.000Z,-1748.87,-1064.7
2026-01-24T03:45:00.000Z,-1748.87,-1064.7
2026-01-24T04:00:00.000Z,-1748.87,-1064.7
2026-01-24T04:15:00.000Z,-1748.87,-1064.7
2026-01-24T04:30:00.000Z,-1748.87,-1064.7
2026-01-24T04:45:00.000Z,-1857.24,-1193.45
2026-01-24T05:00:00.000Z,-1711.59,-1190.94
2026-01-24T05:15:00.000Z,-1723.75,-1160.66
2026-01-24T05:30:00.000Z,-1810.26,-1185.94
2026-01-24T05:45:00.000Z,-1901.55,-1178.88
2026-01-24T06:00:00.000Z,-1919.46,-1163.22
2026-01-24T06:15:00.000Z,-1788.26,-1190.32
2026-01-24T06:30:00.000Z,-1734.99,-1193.31
2026-01-24T06:45:00.000Z,-1776.32,-1193.37
2026-01-24T07:00:00.000Z,-1779.08,-1193.24
2026-01-24T07:15:00.000Z,-1783.68,-1193.46
2026-01-24T07:30:00.000Z,-1827.09,-1193.62
2026-01-24T07:45:00.000Z,-1791.83,-1193.31
2026-01-24T08:00:00.000Z,-1765.21,-1193.32
2026-01-24T08:15:00.000Z,-1743.49,-1193.25
2026-01-24T08:30:00.000Z,-1768.83,-1193.67
2026-01-24T08:45:00.000Z,-1770.22,-1191.4
2026-01-24T09:00:00.000Z,-1822.2,-1161.74
2026-01-24T09:15:00.000Z,-1845.59,-1168.2
2026-01-24T09:30:00.000Z,-1804.81,-1190.47
2026-01-24T09:45:00.000Z,-1749.67,-1192.8
2026-01-24T10:00:00.000Z,-1814.49,-1177.86
2026-01-24T10:15:00.000Z,-1855.19,-1175.9
2026-01-24T10:30:00.000Z,-1810.56,-1182.76
2026-01-24T10:45:00.000Z,-1846.24,-1188.03
2026-01-24T11:00:00.000Z,-1836.48,-1180.27
2026-01-24T11:15:00.000Z,-1803.03,-1190.19
2026-01-24T11:30:00.000Z,-1942.17,-1193.87
2026-01-24T11:45:00.000Z,-1842.34,-1193.9
2026-01-24T12:00:00.000Z,-1877.47,-1194.15
2026-01-24T12:15:00.000Z,-1900.39,-1194.27
2026-01-24T12:30:00.000Z,-1794.28,-1194.03
2026-01-24T12:45:00.000Z,-1759.69,-1194.1
2026-01-24T13:00:00.000Z,-1820.71,-1194.05
2026-01-24T13:15:00.000Z,-1908.45,-1194.15
2026-01-24T13:30:00.000Z,-1799.46,-1193.73
2026-01-24T13:45:00.000Z,-1682.85,-1193.81
2026-01-24T14:00:00.000Z,-1678.53,-1194.17
2026-01-24T14:15:00.000Z,-1850.94,-1193.83
2026-01-24T14:30:00.000Z,-1949.81,-1193.68
2026-01-24T14:45:00.000Z,-1945.15,-1194.1
2026-01-24T15:00:00.000Z,-1864.73,-1194.08
2026-01-24T15:15:00.000Z,-1802.37,-1193.89
2026-01-24T15:30:00.000Z,-1766.36,-1193.89
2026-01-24T15:45:00.000Z,-1737.5,-1193.97
2026-01-24T16:00:00.000Z,-1695.06,-1194.06
2026-01-24T16:15:00.000Z,-1636.98,-1193.91
2026-01-24T16:30:00.000Z,-1685.05,-1190.44
2026-01-24T16:45:00.000Z,-1789.85,-1140
2026-01-24T17:00:00.000Z,-1803.43,-1115.26
2026-01-24T17:15:00.000Z,-1788.92,-1107.27
2026-01-24T17:30:00.000Z,-1763.43,-1152.02
2026-01-24T17:45:00.000Z,-1831.48,-1138.06
2026-01-24T18:00:00.000Z,-1938.94,-1012.65
2026-01-24T18:15:00.000Z,-1993.34,-984.2
2026-01-24T18:30:00.000Z,-1980.09,-874.69
2026-01-24T18:45:00.000Z,-1998.58,-949.34
2026-01-24T19:00:00.000Z,-1925.79,-842.23
2026-01-24T19:15:00.000Z,-1958.42,-794.43
2026-01-24T19:30:00.000Z,-1918.84,-771.42
2026-01-24T19:45:00.000Z,-1933.31,-772.87
2026-01-24T20:00:00.000Z,-1936.23,-770.45
2026-01-24T20:15:00.000Z,-2098.07,-636.93
2026-01-24T20:30:00.000Z,-2017.02,-740.41
2026-01-24T20:45:00.000Z,-1984.19,-784.7
2026-01-24T21:00:00.000Z,-1906.51,-765.69
2026-01-24T21:15:00.000Z,-1740.22,-769.97
2026-01-24T21:30:00.000Z,-1735.46,-818.02
2026-01-24T21:45:00.000Z,-1888.65,-791.39
2026-01-24T22:00:00.000Z,-1873.57,-911.25
2026-01-24T22:15:00.000Z,-1967.81,-993.82
2026-01-24T22:30:00.000Z,-2021.72,-1077.69
2026-01-24T22:45:00.000Z,-1973.23,-1091.54
2026-01-24T23:00:00.000Z,-2070.2,-929.44
2026-01-24T23:15:00.000Z,-2056.83,-890.54
2026-01-24T23:30:00.000Z,-1855.02,-874.07
2026-01-24T23:45:00.000Z,-1828.35,-912.59
2026-01-25T00:00:00.000Z,-1823.53,-1148.28
2026-01-25T00:15:00.000Z,-1830.04,-1191.86
2026-01-25T00:30:00.000Z,-1766.98,-1192.9
2026-01-25T00:45:00.000Z,-1774,-1192.8
2026-01-25T01:00:00.000Z,-1673.13,-1192.75
2026-01-25T01:15:00.000Z,-1660.77,-1188.42
2026-01-25T01:30:00.000Z,-1862.81,-1132.68
2026-01-25T01:45:00.000Z,-1865.7,-1142.38
2026-01-25T02:00:00.000Z,-1800.57,-1147.05
2026-01-25T02:15:00.000Z,-1884.76,-1163.85
2026-01-25T02:30:00.000Z,-1882.06,-1151.15
2026-01-25T02:45:00.000Z,-1923.03,-1100.38
2026-01-25T03:00:00.000Z,-2081,-1012.45
2026-01-25T03:15:00.000Z,-1921.63,-1096.27
2026-01-25T03:30:00.000Z,-1806.93,-1019.88
2026-01-25T03:45:00.000Z,-1708.51,-1002.95
2026-01-25T04:00:00.000Z,-1786.65,-930.71
2026-01-25T04:15:00.000Z,-1888.52,-937.44
2026-01-25T04:30:00.000Z,-1924.57,-1003.08
2026-01-25T04:45:00.000Z,-1923.27,-937.64
2026-01-25T05:00:00.000Z,-1657.92,-1072.16
2026-01-25T05:15:00.000Z,-1694.4,-1043.9
2026-01-25T05:30:00.000Z,-1860.96,-951.55
2026-01-25T05:45:00.000Z,-2000.92,-824.8
2026-01-25T06:00:00.000Z,-1828.11,-568.09
2026-01-25T06:15:00.000Z,-1755.95,-497.08
2026-01-25T06:30:00.000Z,-1876.04,-574.72
2026-01-25T06:45:00.000Z,-1766.05,-546.7
2026-01-25T07:00:00.000Z,-1694.89,-759.91
2026-01-25T07:15:00.000Z,-1801.93,-689.04
2026-01-25T07:30:00.000Z,-1826.84,-674.82
2026-01-25T07:45:00.000Z,-1794.6,-678.42
2026-01-25T08:00:00.000Z,-1639.81,-622.58
2026-01-25T08:15:00.000Z,-1559.24,-678.07
2026-01-25T08:30:00.000Z,-1810.83,-591.41
2026-01-25T08:45:00.000Z,-1906.83,-546.64
2026-01-25T09:00:00.000Z,-1840.1,-472.36
2026-01-25T09:15:00.000Z,-1776.76,-412.99
2026-01-25T09:30:00.000Z,-1947.03,-383.87
2026-01-25T09:45:00.000Z,-1908.8,-347.14
2026-01-25T10:00:00.000Z,-1742.38,-190.53
2026-01-25T10:15:00.000Z,-1686.49,-199
2026-01-25T10:30:00.000Z,-1771.48,-223.5
2026-01-25T10:45:00.000Z,-1795.41,-251.28
2026-01-25T11:00:00.000Z,-1610.24,-344.7
2026-01-25T11:15:00.000Z,-1520.02,-357.88
2026-01-25T11:30:00.000Z,-1574.16,-381.87
2026-01-25T11:45:00.000Z,-1654.17,-377.96
2026-01-25T12:00:00.000Z,-1830.25,-380.55
2026-01-25T12:15:00.000Z,-1841.19,-370.8
2026-01-25T12:30:00.000Z,-1954.19,-335.55
2026-01-25T12:45:00.000Z,-1865.75,-354.07
2026-01-25T13:00:00.000Z,-1667.36,-354.93
2026-01-25T13:15:00.000Z,-1578.6,-352
2026-01-25T13:30:00.000Z,-1811.46,-276.39
2026-01-25T13:45:00.000Z,-1891.77,-235.35
2026-01-25T14:00:00.000Z,-1715.66,-376.82
2026-01-25T14:15:00.000Z,-1616.33,-402.37
2026-01-25T14:30:00.000Z,-1707.53,-394.52
2026-01-25T14:45:00.000Z,-1802.32,-365.8
2026-01-25T15:00:00.000Z,-1795.21,-364.55
2026-01-25T15:15:00.000Z,-1817.58,-332.75
2026-01-25T15:30:00.000Z,-1730.22,-298.79
2026-01-25T15:45:00.000Z,-1761.86,-176.08
2026-01-25T16:00:00.000Z,-1848.34,-125.26
2026-01-25T16:15:00.000Z,-1793.74,-107.05
2026-01-25T16:30:00.000Z,-1865.04,47.62
2026-01-25T16:45:00.000Z,-1750.38,32.3
2026-01-25T17:00:00.000Z,-1695.74,5.83
2026-01-25T17:15:00.000Z,-1856.8,109.68
2026-01-25T17:30:00.000Z,-1798.45,103.78
2026-01-25T17:45:00.000Z,-1693.72,97.51
2026-01-25T18:00:00.000Z,-1857.91,160.23
2026-01-25T18:15:00.000Z,-1829.27,157.6
2026-01-25T18:30:00.000Z,-1865.39,121.55
2026-01-25T18:45:00.000Z,-1897.94,198.37
2026-01-25T19:00:00.000Z,-1799.18,175.82
2026-01-25T19:15:00.000Z,-1793.7,163.14
2026-01-25T19:30:00.000Z,-1821.22,231.85
2026-01-25T19:45:00.000Z,-1805.86,170.75
2026-01-25T20:00:00.000Z,-1844.43,-130.46
2026-01-25T20:15:00.000Z,-1937.88,-269.83
2026-01-25T20:30:00.000Z,-1967.21,-237.34
2026-01-25T20:45:00.000Z,-1934.87,-264.41
2026-01-25T21:00:00.000Z,-1969.7,-259.91
2026-01-25T21:15:00.000Z,-1798.53,-310.81
2026-01-25T21:30:00.000Z,-1723.62,-339.04
2026-01-25T21:45:00.000Z,-1815.56,-309.23
2026-01-25T22:00:00.000Z,-2080.92,-165.77
2026-01-25T22:15:00.000Z,-2167.92,-111.51
2026-01-25T22:30:00.000Z,-1949.87,-322.1
2026-01-25T22:45:00.000Z,-1714.53,-619.63
2026-01-25T23:00:00.000Z,-1724.48,-720.22
2026-01-25T23:15:00.000Z,-1759.97,-667.14
2026-01-25T23:30:00.000Z,-1935.87,-564.97
2026-01-25T23:45:00.000Z,-1923.51,-593.91
2026-01-26T00:00:00.000Z,-1841.95,-668.64
2026-01-26T00:15:00.000Z,-1782.53,-743.97
2026-01-26T00:30:00.000Z,-1781.69,-690.78
2026-01-26T00:45:00.000Z,-1936.41,-679.66
2026-01-26T01:00:00.000Z,-1881.58,-866.69
2026-01-26T01:15:00.000Z,-1893.98,-955.93
2026-01-26T01:30:00.000Z,-1927.47,-993.7
2026-01-26T01:45:00.000Z,-1981.61,-1061.48
2026-01-26T02:00:00.000Z,-2075.27,-1046.64
2026-01-26T02:15:00.000Z,-2027.26,-1108.07
2026-01-26T02:30:00.000Z,-1943.62,-1122.66
2026-01-26T02:45:00.000Z,-1833.33,-1183.43
2026-01-26T03:00:00.000Z,-1890.08,-1149.78
2026-01-26T03:15:00.000Z,-1977.33,-1098.33
2026-01-26T03:30:00.000Z,-1885.63,-1031.46
2026-01-26T03:45:00.000Z,-1885.9,-963.38
2026-01-26T04:00:00.000Z,-2013.98,-1025.83
2026-01-26T04:15:00.000Z,-1997.73,-1139.77
2026-01-26T04:30:00.000Z,-1900.12,-1176.67
2026-01-26T04:45:00.000Z,-1915.27,-1189.57
2026-01-26T05:00:00.000Z,-1868.21,-1193.45
2026-01-26T05:15:00.000Z,-1919.46,-1192.14
2026-01-26T05:30:00.000Z,-1910.91,-1176.5
2026-01-26T05:45:00.000Z,-1950.35,-1189.27
2026-01-26T06:00:00.000Z,-2022.34,-1175.25
2026-01-26T06:15:00.000Z,-1842.15,-1189.54
2026-01-26T06:30:00.000Z,-1823.86,-1190.05
2026-01-26T06:45:00.000Z,-1845.24,-1136.51
2026-01-26T07:00:00.000Z,-1749.69,-974.42
2026-01-26T07:15:00.000Z,-1783.78,-900.85
2026-01-26T07:30:00.000Z,-1888.32,-849.08
2026-01-26T07:45:00.000Z,-1864.35,-809.5
2026-01-26T08:00:00.000Z,-2009.6,-693.61
2026-01-26T08:15:00.000Z,-1978.54,-675.46
2026-01-26T08:30:00.000Z,-1764.66,-814.29
2026-01-26T08:45:00.000Z,-1713.34,-853.42
2026-01-26T09:00:00.000Z,-1700.05,-992.01
2026-01-26T09:15:00.000Z,-1841.21,-912.49
2026-01-26T09:30:00.000Z,-1943.47,-886.48
2026-01-26T09:45:00.000Z,-1879.25,-914.11
2026-01-26T10:00:00.000Z,-2008.46,-879.51
2026-01-26T10:15:00.000Z,-1980.35,-896.8
2026-01-26T10:30:00.000Z,-1859.17,-907.82
2026-01-26T10:45:00.000Z,-1916.49,-851.55
2026-01-26T11:00:00.000Z,-1924.76,-773.29
2026-01-26T11:15:00.000Z,-1842.71,-790.73
2026-01-26T11:30:00.000Z,-1841.7,-818.37
2026-01-26T11:45:00.000Z,-1777.44,-790.63
2026-01-26T12:00:00.000Z,-1754.92,-755.49
2026-01-26T12:15:00.000Z,-1794.71,-694.22
2026-01-26T12:30:00.000Z,-1806.5,-703.2
2026-01-26T12:45:00.000Z,-1818.5,-743.16
2026-01-26T13:00:00.000Z,-1670.32,-823.85
2026-01-26T13:15:00.000Z,-1502.27,-873.75
2026-01-26T13:30:00.000Z,-1457.04,-933.99
2026-01-26T13:45:00.000Z,-1738.68,-735.78
2026-01-26T14:00:00.000Z,-1750.11,-792.89
2026-01-26T14:15:00.000Z,-1727.27,-878.35
2026-01-26T14:30:00.000Z,-1835.65,-922.96
2026-01-26T14:45:00.000Z,-1867.52,-882.95
2026-01-26T15:00:00.000Z,-1874.7,-802.2
2026-01-26T15:15:00.000Z,-1884.74,-784.45
2026-01-26T15:30:00.000Z,-1760.78,-766.28
2026-01-26T15:45:00.000Z,-1779.96,-714.41
2026-01-26T16:00:00.000Z,-1782.28,-650.63
2026-01-26T16:15:00.000Z,-1762.9,-620.86
2026-01-26T16:30:00.000Z,-1807.76,-599.65
2026-01-26T16:45:00.000Z,-1781.86,-631.51
2026-01-26T17:00:00.000Z,-1765.33,-656.18
2026-01-26T17:15:00.000Z,-1683.81,-683.21
2026-01-26T17:30:00.000Z,-1669.66,-723.89
2026-01-26T17:45:00.000Z,-1637.36,-625.14
2026-01-26T18:00:00.000Z,-1751.82,-565.22
2026-01-26T18:15:00.000Z,-1744.22,-551.43
2026-01-26T18:30:00.000Z,-1849.59,-523.35
2026-01-26T18:45:00.000Z,-1896.35,-461.63
2026-01-26T19:00:00.000Z,-1815.95,-514.14
2026-01-26T19:15:00.000Z,-1875.69,-566.34
2026-01-26T19:30:00.000Z,-1807.77,-676.28
2026-01-26T19:45:00.000Z,-1753.44,-699.57
2026-01-26T20:00:00.000Z,-1857.48,-858.36
2026-01-26T20:15:00.000Z,-1818.83,-956.94
2026-01-26T20:30:00.000Z,-1801.71,-1021.28
2026-01-26T20:45:00.000Z,-1785.85,-1084.87
2026-01-26T21:00:00.000Z,-1718.34,-1131.24
2026-01-26T21:15:00.000Z,-1688.39,-1113.77
2026-01-26T21:30:00.000Z,-1620.38,-1045.13
2026-01-26T21:45:00.000Z,-1594.69,-1036.88
2026-01-26T22:00:00.000Z,-1691.4,-1037.04
2026-01-26T22:15:00.000Z,-1687.11,-1036.98
2026-01-26T22:30:00.000Z,-1719.65,-1035.45
2026-01-26T22:45:00.000Z,-1706.24,-1026.83
2026-01-26T23:00:00.000Z,-1522.86,-1170.23
2026-01-26T23:15:00.000Z,-1560.12,-1171.58
2026-01-26T23:30:00.000Z,-1635.14,-974.64
2026-01-26T23:45:00.000Z,-1589.46,-977.55
2026-01-27T00:00:00.000Z,-1477.92,-1170.53
2026-01-27T00:15:00.000Z,-1433.87,-1183.23
2026-01-27T00:30:00.000Z,-1513.75,-1053.1
2026-01-27T00:45:00.000Z,-1453.93,-1046.94
2026-01-27T01:00:00.000Z,-1301.75,-1176.92
2026-01-27T01:15:00.000Z,-1267.9,-1174.97
2026-01-27T01:30:00.000Z,-1545.54,-1004.09
2026-01-27T01:45:00.000Z,-1547.92,-1009.11
2026-01-27T02:00:00.000Z,-1627.01,-955.37
2026-01-27T02:15:00.000Z,-1523.07,-1013.58
2026-01-27T02:30:00.000Z,-1534.08,-1003.58
2026-01-27T02:45:00.000Z,-1516.57,-990.29
2026-01-27T03:00:00.000Z,-1595.9,-1031.92
2026-01-27T03:15:00.000Z,-1541.55,-1034.84
2026-01-27T03:30:00.000Z,-1473.64,-1034.69
2026-01-27T03:45:00.000Z,-1504.13,-1034.69
2026-01-27T04:00:00.000Z,-1569.23,-1034.71
2026-01-27T04:15:00.000Z,-1515.16,-1034.5
2026-01-27T04:30:00.000Z,-1656.98,-1034.57
2026-01-27T04:45:00.000Z,-1804.81,-1036.65
2026-01-27T05:00:00.000Z,-1651.41,-1066.4
2026-01-27T05:15:00.000Z,-1690.38,-1105.17
2026-01-27T05:30:00.000Z,-1663.05,-1047.16
2026-01-27T05:45:00.000Z,-1593.99,-1073.51
2026-01-27T06:00:00.000Z,-1542.63,-1039.44
2026-01-27T06:15:00.000Z,-1519.55,-1035.71
2026-01-27T06:30:00.000Z,-1582.7,-1034.36
2026-01-27T06:45:00.000Z,-1606.54,-1033.8
2026-01-27T07:00:00.000Z,-1476.54,-1025.96
2026-01-27T07:15:00.000Z,-1602.89,-1020.85
2026-01-27T07:30:00.000Z,-1574.3,-1033.62
2026-01-27T07:45:00.000Z,-1548.66,-1032.12
2026-01-27T08:00:00.000Z,-1592.35,-1013.91
2026-01-27T08:15:00.000Z,-1447.93,-1014.67
2026-01-27T08:30:00.000Z,-1485.12,-1021.85
2026-01-27T08:45:00.000Z,-1525.38,-1024.3
2026-01-27T09:00:00.000Z,-1505.11,-1026.42
2026-01-27T09:15:00.000Z,-1521.56,-1034.35
2026-01-27T09:30:00.000Z,-1574.92,-1032.57
2026-01-27T09:45:00.000Z,-1531.05,-1035.57
2026-01-27T10:00:00.000Z,-1686.96,-1035.48
2026-01-27T10:15:00.000Z,-1658.77,-1035.46
2026-01-27T10:30:00.000Z,-1706.96,-1035.66
2026-01-27T10:45:00.000Z,-1813.28,-1037.98
2026-01-27T11:00:00.000Z,-1886.26,-1069.67
2026-01-27T11:15:00.000Z,-1850.23,-1091.28
2026-01-27T11:30:00.000Z,-1833.12,-1117.72
2026-01-27T11:45:00.000Z,-1887.05,-1130.37
2026-01-27T12:00:00.000Z,-1821.54,-1148.89
2026-01-27T12:15:00.000Z,-1790.26,-1137.59
2026-01-27T12:30:00.000Z,-1801.72,-1138.34
2026-01-27T12:45:00.000Z,-1870.09,-1161.79
2026-01-27T13:00:00.000Z,-1839.77,-1150.79
2026-01-27T13:15:00.000Z,-1736.77,-1143.58
2026-01-27T13:30:00.000Z,-1791.36,-1105.75
2026-01-27T13:45:00.000Z,-1848.86,-1121.82
2026-01-27T14:00:00.000Z,-1890.29,-1175.69
2026-01-27T14:15:00.000Z,-1915.2,-1177.68
2026-01-27T14:30:00.000Z,-1948.73,-1178.9
2026-01-27T14:45:00.000Z,-1938.56,-1192.7
2026-01-27T15:00:00.000Z,-1872.48,-1193.46
2026-01-27T15:15:00.000Z,-1843.97,-1193.45
2026-01-27T15:30:00.000Z,-1748.11,-1193.33
2026-01-27T15:45:00.000Z,-1653.8,-1193.34
2026-01-27T16:00:00.000Z,-1631.63,-1192
2026-01-27T16:15:00.000Z,-1706.63,-1170.67
2026-01-27T16:30:00.000Z,-1800.17,-1103.46
2026-01-27T16:45:00.000Z,-1772.02,-1113.88
2026-01-27T17:00:00.000Z,-1783.95,-1124.69
2026-01-27T17:15:00.000Z,-1759.28,-1129.84
2026-01-27T17:30:00.000Z,-1786.18,-1170.77
2026-01-27T17:45:00.000Z,-1727.38,-1169.86
2026-01-27T18:00:00.000Z,-1692.25,-1146.19
2026-01-27T18:15:00.000Z,-1550.54,-1128.67
2026-01-27T18:30:00.000Z,-1507.58,-1162.38
2026-01-27T18:45:00.000Z,-1498.11,-1114.31
2026-01-27T19:00:00.000Z,-1588.02,-1093.92
2026-01-27T19:15:00.000Z,-1594.36,-1053.88
2026-01-27T19:30:00.000Z,-1525.01,-1054.95
2026-01-27T19:45:00.000Z,-1509.02,-1087.65
2026-01-27T20:00:00.000Z,-1777.05,-1150.07
2026-01-27T20:15:00.000Z,-1748.77,-1121.04
2026-01-27T20:30:00.000Z,-1644.88,-1183.02
2026-01-27T20:45:00.000Z,-1750.06,-1166.44
2026-01-27T21:00:00.000Z,-1938.5,-1173.77
2026-01-27T21:15:00.000Z,-1795.37,-1186.56
2026-01-27T21:30:00.000Z,-1558.28,-1192
2026-01-27T21:45:00.000Z,-1549.2,-1173.46
2026-01-27T22:00:00.000Z,-1795.61,-1146.54
2026-01-27T22:15:00.000Z,-1806.01,-1136.14
2026-01-27T22:30:00.000Z,-1765.07,-1135.94
2026-01-27T22:45:00.000Z,-1893.35,-1145.67
2026-01-27T23:00:00.000Z,-1757.85,-1158.73
2026-01-27T23:15:00.000Z,-1739.51,-1177.55
2026-01-27T23:30:00.000Z,-1659.83,-1192.06
2026-01-27T23:45:00.000Z,-1650.72,-1192.96
2026-01-28T00:00:00.000Z,-1588.92,-1193.12
2026-01-28T00:15:00.000Z,-1616.19,-1193.24
2026-01-28T00:30:00.000Z,-1651.87,-1193.06
2026-01-28T00:45:00.000Z,-1710.5,-1190.52
2026-01-28T01:00:00.000Z,-1749.08,-1162.09
2026-01-28T01:15:00.000Z,-1819.01,-1185.24
2026-01-28T01:30:00.000Z,-1856.32,-1193.13
2026-01-28T01:45:00.000Z,-1716.84,-1193.34
2026-01-28T02:00:00.000Z,-1601.72,-1193.32
2026-01-28T02:15:00.000Z,-1626.7,-1193.03
2026-01-28T02:30:00.000Z,-1692.95,-1193.14
2026-01-28T02:45:00.000Z,-1772.92,-1193.08
2026-01-28T03:00:00.000Z,-1841.11,-1193.03
2026-01-28T03:15:00.000Z,-1821.24,-1193.1
2026-01-28T03:30:00.000Z,-1869.02,-1192.8
2026-01-28T03:45:00.000Z,-2016.85,-1192.99
2026-01-28T04:00:00.000Z,-1963.91,-1193.55
2026-01-28T04:15:00.000Z,-1848.59,-1193.32
2026-01-28T04:30:00.000Z,-1824.97,-1193.23
2026-01-28T04:45:00.000Z,-1960.63,-1193.39
2026-01-28T05:00:00.000Z,-1847.45,-1193.32
2026-01-28T05:15:00.000Z,-1651.9,-1193.41
2026-01-28T05:30:00.000Z,-1683.09,-1193.43
2026-01-28T05:45:00.000Z,-1856.37,-1193.66
2026-01-28T06:00:00.000Z,-1841.43,-1193.18
2026-01-28T06:15:00.000Z,-1814.76,-1193.33
2026-01-28T06:30:00.000Z,-1900.27,-1193.46
2026-01-28T06:45:00.000Z,-1929.5,-1193.59
2026-01-28T07:00:00.000Z,-2022.68,-1193.5
2026-01-28T07:15:00.000Z,-2021.83,-1193.46
2026-01-28T07:30:00.000Z,-1999.23,-1193.35
2026-01-28T07:45:00.000Z,-1997.48,-1193.3
2026-01-28T08:00:00.000Z,-1960.92,-1193.48
2026-01-28T08:15:00.000Z,-1952,-1193.29
2026-01-28T08:30:00.000Z,-1898.13,-1193.41
2026-01-28T08:45:00.000Z,-1864.3,-1193.55
2026-01-28T09:00:00.000Z,-1847.33,-1193.24
2026-01-28T09:15:00.000Z,-1811.94,-1190.88
2026-01-28T09:30:00.000Z,-1867.8,-1158.83
2026-01-28T09:45:00.000Z,-1915.36,-1138.19
2026-01-28T10:00:00.000Z,-1982.58,-1080.94
2026-01-28T10:15:00.000Z,-1989.07,-1075.09
2026-01-28T10:30:00.000Z,-1937.25,-1088.4
2026-01-28T10:45:00.000Z,-1988.46,-1090.35
2026-01-28T11:00:00.000Z,-2054.12,-1108.11
2026-01-28T11:15:00.000Z,-2007.51,-1138.4
2026-01-28T11:30:00.000Z,-1975.77,-1188.33
2026-01-28T11:45:00.000Z,-1888.22,-1193.06
2026-01-28T12:00:00.000Z,-1911.7,-1192.82
2026-01-28T12:15:00.000Z,-1928.96,-1192.81
2026-01-28T12:30:00.000Z,-1940.82,-1192.84
2026-01-28T12:45:00.000Z,-2004.28,-1192.76
2026-01-28T13:00:00.000Z,-1819.73,-1192.87
2026-01-28T13:15:00.000Z,-1588.11,-1192.49
2026-01-28T13:30:00.000Z,-1702.05,-1183.53
2026-01-28T13:45:00.000Z,-1850.29,-1175.1
2026-01-28T14:00:00.000Z,-1865.52,-1152.64
2026-01-28T14:15:00.000Z,-1893.43,-1081.68
2026-01-28T14:30:00.000Z,-2071.15,-1040.36
2026-01-28T14:45:00.000Z,-1958.66,-1096.92
2026-01-28T15:00:00.000Z,-1874.73,-1192.75
2026-01-28T15:15:00.000Z,-1844.33,-1192.73
2026-01-28T15:30:00.000Z,-1827.49,-1192.99
2026-01-28T15:45:00.000Z,-1815.96,-1179.97
2026-01-28T16:00:00.000Z,-1863.68,-1141.83
2026-01-28T16:15:00.000Z,-1927.4,-1104.96
2026-01-28T16:30:00.000Z,-2077.64,-1046.83
2026-01-28T16:45:00.000Z,-2003.87,-1123.72
2026-01-28T17:00:00.000Z,-1868.92,-1192.61
2026-01-28T17:15:00.000Z,-1849.2,-1191.97
2026-01-28T17:30:00.000Z,-1902.67,-1191.34
2026-01-28T17:45:00.000Z,-1899.77,-1192.75
2026-01-28T18:00:00.000Z,-1794.28,-1191.62
2026-01-28T18:15:00.000Z,-1755.05,-1177.48
2026-01-28T18:30:00.000Z,-1839.28,-1154.32
2026-01-28T18:45:00.000Z,-1734.67,-1146
2026-01-28T19:00:00.000Z,-1810.95,-1038.3
2026-01-28T19:15:00.000Z,-1958.23,-1027.02
2026-01-28T19:30:00.000Z,-1916.39,-949.68
2026-01-28T19:45:00.000Z,-1832.78,-1003.86
2026-01-28T20:00:00.000Z,-1788.35,-1030.07
2026-01-28T20:15:00.000Z,-1869.89,-1033.86
2026-01-28T20:30:00.000Z,-1770.47,-1033.92
2026-01-28T20:45:00.000Z,-1804.44,-1037.13
2026-01-28T21:00:00.000Z,-1780.87,-1080.72
2026-01-28T21:15:00.000Z,-1643.43,-1095.41
2026-01-28T21:30:00.000Z,-1581.21,-1083.65
2026-01-28T21:45:00.000Z,-1628.55,-1040.14
2026-01-28T22:00:00.000Z,-1588.98,-1035.46
2026-01-28T22:15:00.000Z,-1529.5,-1035.4
2026-01-28T22:30:00.000Z,-1573.97,-1024.65
2026-01-28T22:45:00.000Z,-1715.49,-914.79
2026-01-28T23:00:00.000Z,-1536.49,-930.29
2026-01-28T23:15:00.000Z,-1492.47,-899.98
2026-01-28T23:30:00.000Z,-1665.61,-900.42
2026-01-28T23:45:00.000Z,-1805.16,-890.33
2026-01-29T00:00:00.000Z,-1757.88,-860.61
2026-01-29T00:15:00.000Z,-1651.72,-834.02
2026-01-29T00:30:00.000Z,-1698.71,-825.74
2026-01-29T00:45:00.000Z,-1733.2,-852.9
2026-01-29T01:00:00.000Z,-1721.89,-804.34
2026-01-29T01:15:00.000Z,-1659.45,-858.07
2026-01-29T01:30:00.000Z,-1706.79,-827.75
2026-01-29T01:45:00.000Z,-1693.99,-773.32
2026-01-29T02:00:00.000Z,-1676.25,-738.62
2026-01-29T02:15:00.000Z,-1642.08,-728.72
2026-01-29T02:30:00.000Z,-1678.26,-734.25
2026-01-29T02:45:00.000Z,-1695.93,-726.44
2026-01-29T03:00:00.000Z,-1627.83,-822.65
2026-01-29T03:15:00.000Z,-1621.42,-830.09
2026-01-29T03:30:00.000Z,-1565.28,-778.55
2026-01-29T03:45:00.000Z,-1607.72,-797.92
2026-01-29T04:00:00.000Z,-1645.9,-1010.58
2026-01-29T04:15:00.000Z,-1730.61,-1026.58
2026-01-29T04:30:00.000Z,-1837.56,-1049.13
2026-01-29T04:45:00.000Z,-1814.42,-1131.46
2026-01-29T05:00:00.000Z,-1658.69,-1185.96
2026-01-29T05:15:00.000Z,-1701.77,-1184.18
2026-01-29T05:30:00.000Z,-1757.57,-1178.07
2026-01-29T05:45:00.000Z,-1895.39,-1140.68
2026-01-29T06:00:00.000Z,-1852.67,-1105.22
2026-01-29T06:15:00.000Z,-1599.19,-1111.88
2026-01-29T06:30:00.000Z,-1574.57,-1121.35
2026-01-29T06:45:00.000Z,-1753.26,-1104.61
2026-01-29T07:00:00.000Z,-1785.63,-1106.63
2026-01-29T07:15:00.000Z,-1748.74,-1142.42
2026-01-29T07:30:00.000Z,-1700.35,-1132.01
2026-01-29T07:45:00.000Z,-1724.34,-1138.94
2026-01-29T08:00:00.000Z,-1786.02,-1155.82
2026-01-29T08:15:00.000Z,-1749.74,-1133.3
2026-01-29T08:30:00.000Z,-1759.06,-1149.4
2026-01-29T08:45:00.000Z,-1774.64,-1170.34
2026-01-29T09:00:00.000Z,-1654.03,-1180.3
2026-01-29T09:15:00.000Z,-1667.18,-1175.88
2026-01-29T09:30:00.000Z,-1669.18,-1146.66
2026-01-29T09:45:00.000Z,-1735.66,-1095.35
2026-01-29T10:00:00.000Z,-1731.38,-1069.87
2026-01-29T10:15:00.000Z,-1735.59,-1033.09
2026-01-29T10:30:00.000Z,-1663.14,-1022.79
2026-01-29T10:45:00.000Z,-1758.42,-997.26
2026-01-29T11:00:00.000Z,-1835.18,-961.08
2026-01-29T11:15:00.000Z,-1790.98,-996.99
2026-01-29T11:30:00.000Z,-1632.05,-1017.18
2026-01-29T11:45:00.000Z,-1617,-983.52
2026-01-29T12:00:00.000Z,-1704.46,-975.99
2026-01-29T12:15:00.000Z,-1759.69,-953.05
2026-01-29T12:30:00.000Z,-1805.15,-967.02
2026-01-29T12:45:00.000Z,-1756.86,-1016.35
2026-01-29T13:00:00.000Z,-1622,-1034.1
2026-01-29T13:15:00.000Z,-1630.65,-1033.59
2026-01-29T13:30:00.000Z,-1643.13,-1034.3
2026-01-29T13:45:00.000Z,-1672.18,-1034.46
2026-01-29T14:00:00.000Z,-1706.95,-1030.43
2026-01-29T14:15:00.000Z,-1754.09,-1011.59
2026-01-29T14:30:00.000Z,-1742.86,-1030.32
2026-01-29T14:45:00.000Z,-1820.98,-1026.44
2026-01-29T15:00:00.000Z,-1839.33,-1056.97
2026-01-29T15:15:00.000Z,-1653.86,-1068.76
2026-01-29T15:30:00.000Z,-1703.97,-1081.57
2026-01-29T15:45:00.000Z,-1800.17,-1069.23
2026-01-29T16:00:00.000Z,-1747.5,-1122.53
2026-01-29T16:15:00.000Z,-1755.43,-1139.98
2026-01-29T16:30:00.000Z,-1883.93,-1059.66
2026-01-29T16:45:00.000Z,-1926.34,-1068.6
2026-01-29T17:00:00.000Z,-1681.29,-1146.56
2026-01-29T17:15:00.000Z,-1688.14,-1157.59
2026-01-29T17:30:00.000Z,-1710.02,-1189.33
2026-01-29T17:45:00.000Z,-1665.92,-1191.54
2026-01-29T18:00:00.000Z,-1616.32,-1175.41
2026-01-29T18:15:00.000Z,-1584.9,-1155.35
2026-01-29T18:30:00.000Z,-1683.23,-1143.79
2026-01-29T18:45:00.000Z,-1688.49,-1127.39
2026-01-29T19:00:00.000Z,-1600.44,-1142.58
2026-01-29T19:15:00.000Z,-1598.44,-1106.76
2026-01-29T19:30:00.000Z,-1612,-1131.65
2026-01-29T19:45:00.000Z,-1533.43,-1116.18
2026-01-29T20:00:00.000Z,-1597.62,-1104.42
2026-01-29T20:15:00.000Z,-1679.99,-1112.33
2026-01-29T20:30:00.000Z,-1709.63,-1184.14
2026-01-29T20:45:00.000Z,-1846.81,-1192.08
2026-01-29T21:00:00.000Z,-1857.57,-1173.91
2026-01-29T21:15:00.000Z,-1753.39,-1174.07
2026-01-29T21:30:00.000Z,-1719.47,-1174.27
2026-01-29T21:45:00.000Z,-1636.91,-1174.2
2026-01-29T22:00:00.000Z,-1693.64,-1171.72
2026-01-29T22:15:00.000Z,-1742.4,-1168.45
2026-01-29T22:30:00.000Z,-1804.03,-1174.1
2026-01-29T22:45:00.000Z,-1737.19,-1174.14
2026-01-29T23:00:00.000Z,-1577.93,-1174.3
2026-01-29T23:15:00.000Z,-1586.95,-1174.05
2026-01-29T23:30:00.000Z,-1662.74,-1173.95
2026-01-29T23:45:00.000Z,-1739.03,-1174.12
2026-01-30T00:00:00.000Z,-1571.06,-1174.1
2026-01-30T00:15:00.000Z,-1615.44,-1174.1
2026-01-30T00:30:00.000Z,-1685.77,-1174.11
2026-01-30T00:45:00.000Z,-1658.52,-1174.25
2026-01-30T01:00:00.000Z,-1685.7,-1174.06
2026-01-30T01:15:00.000Z,-1759.08,-1173.97
2026-01-30T01:30:00.000Z,-1778.29,-1174.37
2026-01-30T01:45:00.000Z,-1749.07,-1174.25
2026-01-30T02:00:00.000Z,-1645.51,-1174.47
2026-01-30T02:15:00.000Z,-1691.92,-1174.29
2026-01-30T02:30:00.000Z,-1715.92,-1174.2
2026-01-30T02:45:00.000Z,-1728.63,-1174.21
2026-01-30T03:00:00.000Z,-1858.31,-1174.03
2026-01-30T03:15:00.000Z,-1827.01,-1174.3
2026-01-30T03:30:00.000Z,-1744.51,-1174.01
2026-01-30T03:45:00.000Z,-1833.72,-1174.1
2026-01-30T04:00:00.000Z,-1818.88,-1173.9
2026-01-30T04:15:00.000Z,-1743.42,-1174.15
2026-01-30T04:30:00.000Z,-1936.99,-1174.5
2026-01-30T04:45:00.000Z,-1972.82,-1174.18
2026-01-30T05:00:00.000Z,-1834.02,-1174.45
2026-01-30T05:15:00.000Z,-1909.87,-1174.42
2026-01-30T05:30:00.000Z,-1971.68,-1174.46
2026-01-30T05:45:00.000Z,-1948.85,-1175.6
2026-01-30T06:00:00.000Z,-1723.31,-1191.74
2026-01-30T06:15:00.000Z,-1615.01,-1193.65
2026-01-30T06:30:00.000Z,-1601.03,-1193.47
2026-01-30T06:45:00.000Z,-1786.92,-1193.59
2026-01-30T07:00:00.000Z,-1986.94,-1193.52
2026-01-30T07:15:00.000Z,-2075.94,-1193.28
2026-01-30T07:30:00.000Z,-2064.18,-1193.57
2026-01-30T07:45:00.000Z,-2030.78,-1193.37
2026-01-30T08:00:00.000Z,-1981.09,-1193.22
2026-01-30T08:15:00.000Z,-1872.34,-1193.34
2026-01-30T08:30:00.000Z,-1869.38,-1193.13
2026-01-30T08:45:00.000Z,-1830.32,-1193.45
2026-01-30T09:00:00.000Z,-1669.32,-1193.33
2026-01-30T09:15:00.000Z,-1649.35,-1193.1
2026-01-30T09:30:00.000Z,-1762.76,-1193.14
2026-01-30T09:45:00.000Z,-1737.64,-1192.76
2026-01-30T10:00:00.000Z,-1900.92,-1192.88
2026-01-30T10:15:00.000Z,-2099.97,-1192.86
2026-01-30T10:30:00.000Z,-1976.55,-1192.75
2026-01-30T10:45:00.000Z,-1943.03,-1193.15
2026-01-30T11:00:00.000Z,-1963.14,-1192.93
2026-01-30T11:15:00.000Z,-1857.66,-1192.85
2026-01-30T11:30:00.000Z,-1780.68,-1193.09
2026-01-30T11:45:00.000Z,-1701.61,-1193.19
2026-01-30T12:00:00.000Z,-1892.73,-1192.63
2026-01-30T12:15:00.000Z,-1925.29,-1192.65
2026-01-30T12:30:00.000Z,-1880.89,-1193.01
2026-01-30T12:45:00.000Z,-1926.69,-1193.18
2026-01-30T13:00:00.000Z,-1737.75,-1192.83
2026-01-30T13:15:00.000Z,-1780.7,-1193.14
2026-01-30T13:30:00.000Z,-1791.62,-1193.07
2026-01-30T13:45:00.000Z,-1747.82,-1193.28
2026-01-30T14:00:00.000Z,-1756.86,-1193.34
2026-01-30T14:15:00.000Z,-1905.93,-1193.3
2026-01-30T14:30:00.000Z,-1914.57,-1193.15
2026-01-30T14:45:00.000Z,-1898.77,-1193.05
2026-01-30T15:00:00.000Z,-1908.07,-1193.32
2026-01-30T15:15:00.000Z,-1799.2,-1193.08
2026-01-30T15:30:00.000Z,-1779.43,-1193.04
2026-01-30T15:45:00.000Z,-1664.84,-1193.29
2026-01-30T16:00:00.000Z,-1611.29,-1193.12
2026-01-30T16:15:00.000Z,-1807.99,-1192.96
2026-01-30T16:30:00.000Z,-1872.63,-1193.15
2026-01-30T16:45:00.000Z,-1939.18,-1193.17
2026-01-30T17:00:00.000Z,-1982.26,-1193
2026-01-30T17:15:00.000Z,-2003.48,-1193.2
2026-01-30T17:30:00.000Z,-1928.47,-1193.3
2026-01-30T17:45:00.000Z,-1885.64,-1193.34
2026-01-30T18:00:00.000Z,-1922.49,-1193.38
2026-01-30T18:15:00.000Z,-1809.82,-1193.6
2026-01-30T18:30:00.000Z,-1816.9,-1193.42
2026-01-30T18:45:00.000Z,-1847.69,-1193.36
2026-01-30T19:00:00.000Z,-1954.28,-1193.2
2026-01-30T19:15:00.000Z,-1969.19,-1193.4
2026-01-30T19:30:00.000Z,-1774.06,-1193.23
2026-01-30T19:45:00.000Z,-1799.76,-1193.38
2026-01-30T20:00:00.000Z,-1889.29,-1193.67
2026-01-30T20:15:00.000Z,-1943.61,-1193.38
2026-01-30T20:30:00.000Z,-1851.61,-1193.31
2026-01-30T20:45:00.000Z,-1768.92,-1193.7
2026-01-30T21:00:00.000Z,-1678.34,-1193.8
2026-01-30T21:15:00.000Z,-1843.25,-1193.76
2026-01-30T21:30:00.000Z,-1808.15,-1193.59
2026-01-30T21:45:00.000Z,-1815.09,-1193.65
2026-01-30T22:00:00.000Z,-1998.95,-1193.7
2026-01-30T22:15:00.000Z,-1931.85,-1193.61
2026-01-30T22:30:00.000Z,-1763.07,-1193.6
2026-01-30T22:45:00.000Z,-1657.27,-1193.57
2026-01-30T23:00:00.000Z,-1637.87,-1193.7
2026-01-30T23:15:00.000Z,-1676.93,-1189.06
2026-01-30T23:30:00.000Z,-1827.27,-1134.03
2026-01-30T23:45:00.000Z,-1857.85,-1105.81
2026-01-31T00:00:00.000Z,-1755.72,-1129.05
2026-01-31T00:15:00.000Z,-1813.4,-1148.06
2026-01-31T00:30:00.000Z,-1909.55,-1095.12
2026-01-31T00:45:00.000Z,-1875.22,-1106.07
2026-01-31T01:00:00.000Z,-1858.44,-1115.17
2026-01-31T01:15:00.000Z,-1827.88,-1074.47
2026-01-31T01:30:00.000Z,-1735.44,-1096.82
2026-01-31T01:45:00.000Z,-1785.11,-1043.65
2026-01-31T02:00:00.000Z,-1873.22,-1038.2
2026-01-31T02:15:00.000Z,-1819.99,-1062.25
2026-01-31T02:30:00.000Z,-1670.24,-1055.65
2026-01-31T02:45:00.000Z,-1602.54,-1037.89
2026-01-31T03:00:00.000Z,-1705.27,-1035.7
2026-01-31T03:15:00.000Z,-1703.07,-1035.59
2026-01-31T03:30:00.000Z,-1691.66,-1035.73
2026-01-31T03:45:00.000Z,-1756.21,-1035.81
2026-01-31T04:00:00.000Z,-1836.54,-1035.79
2026-01-31T04:15:00.000Z,-1824.85,-1035.7
2026-01-31T04:30:00.000Z,-1801.57,-1034.19
2026-01-31T04:45:00.000Z,-1788.03,-1025.53
2026-01-31T05:00:00.000Z,-1715.93,-1012.17
2026-01-31T05:15:00.000Z,-1710.92,-1021.08
2026-01-31T05:30:00.000Z,-1798.14,-1032.17
2026-01-31T05:45:00.000Z,-1876.96,-1037.23
2026-01-31T06:00:00.000Z,-2028.88,-1068.6
2026-01-31T06:15:00.000Z,-2043.09,-1067.65
2026-01-31T06:30:00.000Z,-2041.66,-1077.75
2026-01-31T06:45:00.000Z,-1775.92,-1178.76
2026-01-31T07:00:00.000Z,-1779.53,-1189.58
2026-01-31T07:15:00.000Z,-2219.97,-1144.77
2026-01-31T07:30:00.000Z,-2072.29,-1177.76
2026-01-31T07:45:00.000Z,-1828.28,-1190.87
2026-01-31T08:00:00.000Z,-1590.56,-1192.95
2026-01-31T08:15:00.000Z,-1616.06,-1190.57
2026-01-31T08:30:00.000Z,-1865.66,-1153.56
2026-01-31T08:45:00.000Z,-1850.72,-1109.55
2026-01-31T09:00:00.000Z,-1945.83,-1129.75
2026-01-31T09:15:00.000Z,-1983.67,-1159.65
2026-01-31T09:30:00.000Z,-1833.75,-1189.48
2026-01-31T09:45:00.000Z,-1946.39,-1192.9
2026-01-31T10:00:00.000Z,-2035.45,-1193.09
2026-01-31T10:15:00.000Z,-2187.79,-1193.27
2026-01-31T10:30:00.000Z,-2133.96,-1193.07
2026-01-31T10:45:00.000Z,-2063.9,-1193.21
2026-01-31T11:00:00.000Z,-2097.43,-1193
2026-01-31T11:15:00.000Z,-1950.58,-1193.33
2026-01-31T11:30:00.000Z,-1875.27,-1193.28
2026-01-31T11:45:00.000Z,-1770.65,-1193.3
2026-01-31T12:00:00.000Z,-1750.49,-1193.14
2026-01-31T12:15:00.000Z,-1665.04,-1193.57
2026-01-31T12:30:00.000Z,-1599.89,-1193.57
2026-01-31T12:45:00.000Z,-1662.48,-1193.43
2026-01-31T13:00:00.000Z,-1520.86,-1193.5
2026-01-31T13:15:00.000Z,-1561.93,-1193.5
2026-01-31T13:30:00.000Z,-1621.73,-1193.43
2026-01-31T13:45:00.000Z,-1695.85,-1193.3
2026-01-31T14:00:00.000Z,-2012.8,-1192.92
2026-01-31T14:15:00.000Z,-1905.54,-1192.93
2026-01-31T14:30:00.000Z,-1697.79,-1191.11
2026-01-31T14:45:00.000Z,-1662.11,-1167.04
2026-01-31T15:00:00.000Z,-1741.16,-1188.42
2026-01-31T15:15:00.000Z,-1721.28,-1184.08
2026-01-31T15:30:00.000Z,-1694.66,-1063.75
2026-01-31T15:45:00.000Z,-1687.26,-939.86
2026-01-31T16:00:00.000Z,-1769.1,-860.23
2026-01-31T16:15:00.000Z,-1694.66,-729.96
2026-01-31T16:30:00.000Z,-1578.72,-634.45
2026-01-31T16:45:00.000Z,-1643.41,-543.14
2026-01-31T17:00:00.000Z,-1868.01,-612.05
2026-01-31T17:15:00.000Z,-1950.16,-627.81
2026-01-31T17:30:00.000Z,-1818.48,-575.92
2026-01-31T17:45:00.000Z,-1881.22,-515.48
2026-01-31T18:00:00.000Z,-1818.03,-502.6
2026-01-31T18:15:00.000Z,-1966.99,-509.4
2026-01-31T18:30:00.000Z,-1899.55,-715.02
2026-01-31T18:45:00.000Z,-1755.88,-835.4
2026-01-31T19:00:00.000Z,-1761.01,-965.13
2026-01-31T19:15:00.000Z,-1639.71,-966.81
2026-01-31T19:30:00.000Z,-1586.72,-993.36
2026-01-31T19:45:00.000Z,-1750.26,-916.71
2026-01-31T20:00:00.000Z,-1665.68,-1037.81
2026-01-31T20:15:00.000Z,-1757.47,-1061.49
2026-01-31T20:30:00.000Z,-1932.35,-1083.62
2026-01-31T20:45:00.000Z,-1710.28,-1118.22
2026-01-31T21:00:00.000Z,-1676.67,-1037.76
2026-01-31T21:15:00.000Z,-1554.68,-953.94
2026-01-31T21:30:00.000Z,-1530.29,-858.38
2026-01-31T21:45:00.000Z,-1797.45,-829.74
2026-01-31T22:00:00.000Z,-1684.72,-776.11
2026-01-31T22:15:00.000Z,-1699.16,-761.59
2026-01-31T22:30:00.000Z,-1497.19,-719.67
2026-01-31T22:45:00.000Z,-1249.7,-741.24
2026-01-31T23:00:00.000Z,-1303.52,-607.46
2026-01-31T23:15:00.000Z,-1292.5,-601.36
2026-01-31T23:30:00.000Z,-1306.66,-555.38
2026-01-31T23:45:00.000Z,-1382.89,-501.93
2026-02-01T00:00:00.000Z,-1371.39,-497.02
2026-02-01T00:15:00.000Z,-1417.53,-502.37
2026-02-01T00:30:00.000Z,-1476.15,-446.12
2026-02-01T00:45:00.000Z,-1480.68,-437.9
2026-02-01T01:00:00.000Z,-1511.29,-438.49
2026-02-01T01:15:00.000Z,-1479.6,-438.17
2026-02-01T01:30:00.000Z,-1384.88,-438.27
2026-02-01T01:45:00.000Z,-1457.83,-403.66
2026-02-01T02:00:00.000Z,-1648.86,-239.87
2026-02-01T02:15:00.000Z,-1609.11,-252.34
2026-02-01T02:30:00.000Z,-1736.84,-261.85
2026-02-01T02:45:00.000Z,-1694.57,-235.09
2026-02-01T03:00:00.000Z,-1745.12,-227.41
2026-02-01T03:15:00.000Z,-1662.14,-235.37
2026-02-01T03:30:00.000Z,-1638.49,-240.16
2026-02-01T03:45:00.000Z,-1610.49,-208.34
2026-02-01T04:00:00.000Z,-1708.67,-204.87
2026-02-01T04:15:00.000Z,-1722.41,-217.86
2026-02-01T04:30:00.000Z,-1575.82,-230.65
2026-02-01T04:45:00.000Z,-1495.09,-214.98
2026-02-01T05:00:00.000Z,-1468.27,-180.24
2026-02-01T05:15:00.000Z,-1519.83,-172.06
2026-02-01T05:30:00.000Z,-1577.07,-178.68
2026-02-01T05:45:00.000Z,-1469.63,-240.66
2026-02-01T06:00:00.000Z,-1392.66,-371.2
2026-02-01T06:15:00.000Z,-1526.14,-360.18
2026-02-01T06:30:00.000Z,-1608.48,-339.71
2026-02-01T06:45:00.000Z,-1603.42,-328.9
2026-02-01T07:00:00.000Z,-1624.43,-228.46
2026-02-01T07:15:00.000Z,-1702.98,-214.38
2026-02-01T07:30:00.000Z,-1835.07,-190.55
2026-02-01T07:45:00.000Z,-1627.57,-216.63
2026-02-01T08:00:00.000Z,-1347.1,-474.1
2026-02-01T08:15:00.000Z,-1459.74,-427.04
2026-02-01T08:30:00.000Z,-1536.37,-374.7
2026-02-01T08:45:00.000Z,-1594.11,-319.89
2026-02-01T09:00:00.000Z,-1643.4,-234.31
2026-02-01T09:15:00.000Z,-1703.97,-237.08
2026-02-01T09:30:00.000Z,-1781.01,-310.15
2026-02-01T09:45:00.000Z,-1793.1,-324.21
2026-02-01T10:00:00.000Z,-2010.9,-129.8
2026-02-01T10:15:00.000Z,-1723,-166.02
2026-02-01T10:30:00.000Z,-1554.54,-244.28
2026-02-01T10:45:00.000Z,-1573.02,-322.31
2026-02-01T11:00:00.000Z,-1531.11,-370.93
2026-02-01T11:15:00.000Z,-1716.02,-397.59
2026-02-01T11:30:00.000Z,-1705.89,-433.02
2026-02-01T11:45:00.000Z,-1728.27,-447.04
2026-02-01T12:00:00.000Z,-1506.94,-593.18
2026-02-01T12:15:00.000Z,-1510.33,-597.89
2026-02-01T12:30:00.000Z,-1566.12,-534.52
2026-02-01T12:45:00.000Z,-1634.62,-497.29
2026-02-01T13:00:00.000Z,-1587.86,-444.24
2026-02-01T13:15:00.000Z,-1390.6,-438.37
2026-02-01T13:30:00.000Z,-1315.62,-418.26
2026-02-01T13:45:00.000Z,-1368.6,-323.95
2026-02-01T14:00:00.000Z,-1270.2,-297.4
2026-02-01T14:15:00.000Z,-1223.88,-274.17
2026-02-01T14:30:00.000Z,-1312.68,-270.6
2026-02-01T14:45:00.000Z,-1526.9,-275.3
2026-02-01T15:00:00.000Z,-1678.19,-297.93
2026-02-01T15:15:00.000Z,-1641.24,-296.04
2026-02-01T15:30:00.000Z,-1391.26,-298
2026-02-01T15:45:00.000Z,-1457.18,-286.17
2026-02-01T16:00:00.000Z,-1792.7,-254.31
2026-02-01T16:15:00.000Z,-1920.42,-248.86
2026-02-01T16:30:00.000Z,-1922.11,-243.84
2026-02-01T16:45:00.000Z,-1820.55,-249.06
2026-02-01T17:00:00.000Z,-1635.12,-267.06
2026-02-01T17:15:00.000Z,-1495.01,-270.48
2026-02-01T17:30:00.000Z,-1590.87,-279.73
2026-02-01T17:45:00.000Z,-1561.61,-281.74
2026-02-01T18:00:00.000Z,-1469.22,-272.3
2026-02-01T18:15:00.000Z,-1688.52,-278.73
2026-02-01T18:30:00.000Z,-1812.4,-295.02
2026-02-01T18:45:00.000Z,-1833.98,-297.48
2026-02-01T19:00:00.000Z,-1633.79,-308
2026-02-01T19:15:00.000Z,-1495.16,-324.1
2026-02-01T19:30:00.000Z,-1314.86,-328.37
2026-02-01T19:45:00.000Z,-1227.97,-353.96
2026-02-01T20:00:00.000Z,-1307.59,-438
2026-02-01T20:15:00.000Z,-1622.86,-438.55
2026-02-01T20:30:00.000Z,-1729.12,-409.44
2026-02-01T20:45:00.000Z,-1843.36,-334.71
2026-02-01T21:00:00.000Z,-1667.8,-545.48
2026-02-01T21:15:00.000Z,-1751.56,-464.52
2026-02-01T21:30:00.000Z,-1765.94,-506.75
2026-02-01T21:45:00.000Z,-1937.68,-429.71
2026-02-01T22:00:00.000Z,-2014.38,-390.5
2026-02-01T22:15:00.000Z,-1914.83,-560.57
2026-02-01T22:30:00.000Z,-1796.18,-674.13
2026-02-01T22:45:00.000Z,-1796.89,-799.73
2026-02-01T23:00:00.000Z,-1748.64,-997.93
2026-02-01T23:15:00.000Z,-1788.26,-1026.18
2026-02-01T23:30:00.000Z,-1787.88,-1057.38
2026-02-01T23:45:00.000Z,-1772.02,-1080.33
2026-02-02T00:00:00.000Z,-1751.87,-1080.08
2026-02-02T00:15:00.000Z,-1677.43,-1161.09
2026-02-02T00:30:00.000Z,-1746.08,-1187.93
2026-02-02T00:45:00.000Z,-1920.17,-1179.98
2026-02-02T01:00:00.000Z,-1756.31,-1192.24
2026-02-02T01:15:00.000Z,-1649.05,-1189.86
2026-02-02T01:30:00.000Z,-1860.91,-1155.87
2026-02-02T01:45:00.000Z,-1798.02,-1189.27
2026-02-02T02:00:00.000Z,-1852.46,-1191.7
2026-02-02T02:15:00.000Z,-1937.14,-1189.56
2026-02-02T02:30:00.000Z,-1837.76,-1193.2
2026-02-02T02:45:00.000Z,-1848.28,-1187.44
2026-02-02T03:00:00.000Z,-2063.37,-1121.78
2026-02-02T03:15:00.000Z,-1991.85,-1184.21
2026-02-02T03:30:00.000Z,-1887.07,-1192.84
2026-02-02T03:45:00.000Z,-1821.64,-1192.94
2026-02-02T04:00:00.000Z,-1656.93,-1192.97
2026-02-02T04:15:00.000Z,-1614.39,-1192.91
2026-02-02T04:30:00.000Z,-1652.5,-1192.99
2026-02-02T04:45:00.000Z,-1739.66,-1192.9
2026-02-02T05:00:00.000Z,-1736.05,-1193.11
2026-02-02T05:15:00.000Z,-1954.77,-1184.39
2026-02-02T05:30:00.000Z,-2056.03,-1155.75
2026-02-02T05:45:00.000Z,-2036.38,-1188.85
2026-02-02T06:00:00.000Z,-1654.76,-1193.13
2026-02-02T06:15:00.000Z,-1540.82,-1190.04
2026-02-02T06:30:00.000Z,-1711.56,-1147.9
2026-02-02T06:45:00.000Z,-1807.04,-1115.77
2026-02-02T07:00:00.000Z,-1788.57,-1155.81
2026-02-02T07:15:00.000Z,-1940.22,-1126.84
2026-02-02T07:30:00.000Z,-1935.97,-1171.99
2026-02-02T07:45:00.000Z,-1843.38,-1185.61
2026-02-02T08:00:00.000Z,-1846.58,-1097.16
2026-02-02T08:15:00.000Z,-1809.23,-1092.38
2026-02-02T08:30:00.000Z,-1767.38,-1153.42
2026-02-02T08:45:00.000Z,-1976.43,-1153.63
2026-02-02T09:00:00.000Z,-1937.76,-1087.8
2026-02-02T09:15:00.000Z,-1839.45,-1180.73
2026-02-02T09:30:00.000Z,-1817.9,-1192.7
2026-02-02T09:45:00.000Z,-1660.39,-1192.91
2026-02-02T10:00:00.000Z,-1761.05,-1192.74
2026-02-02T10:15:00.000Z,-1909.39,-1192.84
2026-02-02T10:30:00.000Z,-1789.66,-1192.88
2026-02-02T10:45:00.000Z,-1799.09,-1192.85
2026-02-02T11:00:00.000Z,-1806.25,-1192.99
2026-02-02T11:15:00.000Z,-1826.74,-1193
2026-02-02T11:30:00.000Z,-1832.71,-1192.87
2026-02-02T11:45:00.000Z,-1782.14,-1193.03
2026-02-02T12:00:00.000Z,-1747.47,-1193.2
2026-02-02T12:15:00.000Z,-1753.76,-1193.17
2026-02-02T12:30:00.000Z,-1853.07,-1192.97
2026-02-02T12:45:00.000Z,-1925.84,-1193.03
2026-02-02T13:00:00.000Z,-1666.25,-1193.18
2026-02-02T13:15:00.000Z,-1630.06,-1193.07
2026-02-02T13:30:00.000Z,-1733.23,-1192.92
2026-02-02T13:45:00.000Z,-1829.85,-1192.87
2026-02-02T14:00:00.000Z,-1863.36,-1192.86
2026-02-02T14:15:00.000Z,-1875.53,-1193.08
2026-02-02T14:30:00.000Z,-1891.69,-1193.08
2026-02-02T14:45:00.000Z,-1938.8,-1192.98
2026-02-02T15:00:00.000Z,-2016.18,-1192.99
2026-02-02T15:15:00.000Z,-1769.96,-1193.2
2026-02-02T15:30:00.000Z,-1637.15,-1193.56
2026-02-02T15:45:00.000Z,-1525.05,-1193.18
2026-02-02T16:00:00.000Z,-1554.12,-1191.16
2026-02-02T16:15:00.000Z,-1632.93,-1182.64
2026-02-02T16:30:00.000Z,-1780.95,-1164.27
2026-02-02T16:45:00.000Z,-1828.44,-1128.69
2026-02-02T17:00:00.000Z,-1862.27,-1087.04
2026-02-02T17:15:00.000Z,-1812.4,-1072.9
2026-02-02T17:30:00.000Z,-1825.19,-1091.21
2026-02-02T17:45:00.000Z,-1653.39,-1143.32
2026-02-02T18:00:00.000Z,-1763.96,-1162.18
2026-02-02T18:15:00.000Z,-1785.67,-1156.66
2026-02-02T18:30:00.000Z,-1671.68,-1173.8
2026-02-02T18:45:00.000Z,-1730.81,-1130.06
2026-02-02T19:00:00.000Z,-1669.51,-1086.02
2026-02-02T19:15:00.000Z,-1763.71,-1059.62
2026-02-02T19:30:00.000Z,-1906.54,-1043.82
2026-02-02T19:45:00.000Z,-1696.76,-1077.86
2026-02-02T20:00:00.000Z,-1853.94,-1095.26
2026-02-02T20:15:00.000Z,-1907.4,-1133.38
2026-02-02T20:30:00.000Z,-1844.42,-1171.67
2026-02-02T20:45:00.000Z,-1755.69,-1130.4
2026-02-02T21:00:00.000Z,-1843.66,-1059.27
2026-02-02T21:15:00.000Z,-1947.19,-1031.65
2026-02-02T21:30:00.000Z,-1777.64,-1058.71
2026-02-02T21:45:00.000Z,-1667.73,-1057.57
2026-02-02T22:00:00.000Z,-1646.16,-1056.8
2026-02-02T22:15:00.000Z,-1586.4,-1048.62
2026-02-02T22:30:00.000Z,-1664.56,-1009.39
2026-02-02T22:45:00.000Z,-1619.16,-1009.2
2026-02-02T23:00:00.000Z,-1478.22,-992.25
2026-02-02T23:15:00.000Z,-1516.85,-956.774
2026-02-02T23:30:00.000Z,-1610.57,-954.777
2026-02-02T23:45:00.000Z,-1587.23,-964.587
2026-02-03T00:00:00.000Z,-1601.01,-964.258
2026-02-03T00:15:00.000Z,-1735.37,-909.754
2026-02-03T00:30:00.000Z,-1783.43,-850.755
2026-02-03T00:45:00.000Z,-1786.76,-815.84
2026-02-03T01:00:00.000Z,-1844.29,-785.212
2026-02-03T01:15:00.000Z,-1880.55,-801.291
2026-02-03T01:30:00.000Z,-1780.28,-804.848
2026-02-03T01:45:00.000Z,-1839.62,-853.387
2026-02-03T02:00:00.000Z,-1694.36,-937.267
2026-02-03T02:15:00.000Z,-1798.4,-992.894
2026-02-03T02:30:00.000Z,-1962.62,-1040.02
2026-02-03T02:45:00.000Z,-1903.31,-1113.76
2026-02-03T03:00:00.000Z,-1809.16,-1179.26
2026-02-03T03:15:00.000Z,-1792.78,-1191.38
2026-02-03T03:30:00.000Z,-1864.04,-1193.24
2026-02-03T03:45:00.000Z,-1886.62,-1193.05
2026-02-03T04:00:00.000Z,-1715.9,-1192.83
2026-02-03T04:15:00.000Z,-1684.78,-1188.49
2026-02-03T04:30:00.000Z,-1779.99,-1170.77
2026-02-03T04:45:00.000Z,-1840.08,-1145.47
2026-02-03T05:00:00.000Z,-1644.97,-1136.55
2026-02-03T05:15:00.000Z,-1796.02,-1126.34
2026-02-03T05:30:00.000Z,-1946.75,-1130.51
2026-02-03T05:45:00.000Z,-1838.93,-1174.49
2026-02-03T06:00:00.000Z,-1699.18,-1189.55
2026-02-03T06:15:00.000Z,-1569.38,-1170.01
2026-02-03T06:30:00.000Z,-1461.31,-1101.99
2026-02-03T06:45:00.000Z,-1730.03,-1040.3
2026-02-03T07:00:00.000Z,-1853.67,-1030.05
2026-02-03T07:15:00.000Z,-1923.97,-1044.04
2026-02-03T07:30:00.000Z,-1997.51,-1050.05
2026-02-03T07:45:00.000Z,-1831.64,-1040.02
2026-02-03T08:00:00.000Z,-1279.58,-1055.69
2026-02-03T08:15:00.000Z,-1678.63,-1053.42
2026-02-03T08:30:00.000Z,-2042.09,-1069.58
2026-02-03T08:45:00.000Z,-1865.96,-1074.26
2026-02-03T09:00:00.000Z,-1792.16,-1062.87
2026-02-03T09:15:00.000Z,-1707.53,-1115.7
2026-02-03T09:30:00.000Z,-1814.69,-1168.42
2026-02-03T09:45:00.000Z,-1912.32,-1179.56
2026-02-03T10:00:00.000Z,-1909.47,-1192
2026-02-03T10:15:00.000Z,-1836.19,-1193.01
2026-02-03T10:30:00.000Z,-1890.95,-1193.11
2026-02-03T10:45:00.000Z,-1789.87,-1193.14
2026-02-03T11:00:00.000Z,-1693.46,-1192.99
2026-02-03T11:15:00.000Z,-1775.09,-1193.11
2026-02-03T11:30:00.000Z,-1891.09,-1193.21
2026-02-03T11:45:00.000Z,-1881.85,-1193.24
2026-02-03T12:00:00.000Z,-1804.67,-1193.33
2026-02-03T12:15:00.000Z,-1921.77,-1193.36
2026-02-03T12:30:00.000Z,-1918.67,-1193.32
2026-02-03T12:45:00.000Z,-1815.29,-1193.35
2026-02-03T13:00:00.000Z,-1696.56,-1192.84
2026-02-03T13:15:00.000Z,-1629.11,-1186.14
2026-02-03T13:30:00.000Z,-1611.81,-1183.4
2026-02-03T13:45:00.000Z,-1614.48,-1185.38
2026-02-03T14:00:00.000Z,-1560.25,-1147.46
2026-02-03T14:15:00.000Z,-1654.35,-1087.85
2026-02-03T14:30:00.000Z,-1738.81,-1065.69
2026-02-03T14:45:00.000Z,-1668.31,-1077.53
2026-02-03T15:00:00.000Z,-1695.58,-1068.97
2026-02-03T15:15:00.000Z,-1825.38,-1041.83
2026-02-03T15:30:00.000Z,-1781.53,-1066.86
2026-02-03T15:45:00.000Z,-1714.78,-1100.87
2026-02-03T16:00:00.000Z,-1741.54,-1095.39
2026-02-03T16:15:00.000Z,-1788.95,-1107.87
2026-02-03T16:30:00.000Z,-1776.08,-1131.31
2026-02-03T16:45:00.000Z,-1831.88,-1114.21
2026-02-03T17:00:00.000Z,-1815.02,-1118.62
2026-02-03T17:15:00.000Z,-1834.67,-1147.17
2026-02-03T17:30:00.000Z,-1948.81,-1153.29
2026-02-03T17:45:00.000Z,-1904.25,-1118.63
2026-02-03T18:00:00.000Z,-1792.79,-1053.65
2026-02-03T18:15:00.000Z,-1650.1,-1056.36
2026-02-03T18:30:00.000Z,-1674.48,-1090.22
2026-02-03T18:45:00.000Z,-1657.72,-1137.66
2026-02-03T19:00:00.000Z,-1709.82,-1108.97
2026-02-03T19:15:00.000Z,-1839.26,-1069.81
2026-02-03T19:30:00.000Z,-1711.45,-1125.14
2026-02-03T19:45:00.000Z,-1677.76,-1120.84
2026-02-03T20:00:00.000Z,-1877.72,-1050.59
2026-02-03T20:15:00.000Z,-1955.71,-1089.99
2026-02-03T20:30:00.000Z,-1894.28,-1152.16
2026-02-03T20:45:00.000Z,-1880.29,-1137.98
2026-02-03T21:00:00.000Z,-1909.42,-1093.18
2026-02-03T21:15:00.000Z,-1912.86,-1109.95
2026-02-03T21:30:00.000Z,-1768.03,-1183.89
2026-02-03T21:45:00.000Z,-1730.22,-1191.94
2026-02-03T22:00:00.000Z,-1685.08,-1175.1
2026-02-03T22:15:00.000Z,-1785.59,-1132.78
2026-02-03T22:30:00.000Z,-1809.62,-1117.25
2026-02-03T22:45:00.000Z,-1770.84,-1099.45
2026-02-03T23:00:00.000Z,-1937.52,-1048.06
2026-02-03T23:15:00.000Z,-1959.06,-1092.11
2026-02-03T23:30:00.000Z,-1911.91,-1137.2
2026-02-03T23:45:00.000Z,-1944.62,-1142.65
2026-02-04T00:00:00.000Z,-1757.56,-1187.49
2026-02-04T00:15:00.000Z,-1779.94,-1192.11
2026-02-04T00:30:00.000Z,-1839.48,-1192.06
2026-02-04T00:45:00.000Z,-1842.49,-1193.46
2026-02-04T01:00:00.000Z,-1876.7,-1193.68
2026-02-04T01:15:00.000Z,-1953.47,-1193.84
2026-02-04T01:30:00.000Z,-2017.7,-1193.78
2026-02-04T01:45:00.000Z,-1907.07,-1193.42
2026-02-04T02:00:00.000Z,-1813.54,-1193.42
2026-02-04T02:15:00.000Z,-1742.66,-1193.74
2026-02-04T02:30:00.000Z,-1833.55,-1193.89
2026-02-04T02:45:00.000Z,-1770.15,-1193.84
2026-02-04T03:00:00.000Z,-1772.79,-1193.79
2026-02-04T03:15:00.000Z,-1862.36,-1193.7
2026-02-04T03:30:00.000Z,-1948.88,-1193.7
2026-02-04T03:45:00.000Z,-1927.24,-1193.68
2026-02-04T04:00:00.000Z,-1832.02,-1193.63
2026-02-04T04:15:00.000Z,-1847.72,-1193.56
2026-02-04T04:30:00.000Z,-1962.7,-1193.64
2026-02-04T04:45:00.000Z,-1882.16,-1193.75
2026-02-04T05:00:00.000Z,-1914.14,-1193.66
2026-02-04T05:15:00.000Z,-1800.74,-1193.6
2026-02-04T05:30:00.000Z,-1830.09,-1193.53
2026-02-04T05:45:00.000Z,-1794.95,-1193.49
2026-02-04T06:00:00.000Z,-1697.99,-1193.39
2026-02-04T06:15:00.000Z,-1648.18,-1193.4
2026-02-04T06:30:00.000Z,-1733.82,-1193.54
2026-02-04T06:45:00.000Z,-1887.96,-1193.56
2026-02-04T07:00:00.000Z,-1940.6,-1193.52
2026-02-04T07:15:00.000Z,-1893.39,-1193.44
2026-02-04T07:30:00.000Z,-1828.73,-1193.48
2026-02-04T07:45:00.000Z,-1836.12,-1193.67
2026-02-04T08:00:00.000Z,-1761.13,-1193.84
2026-02-04T08:15:00.000Z,-1780.97,-1193.75
2026-02-04T08:30:00.000Z,-1778.36,-1193.55
2026-02-04T08:45:00.000Z,-1743.78,-1193.46
2026-02-04T09:00:00.000Z,-1846.65,-1193.39
2026-02-04T09:15:00.000Z,-1920.56,-1193.46
2026-02-04T09:30:00.000Z,-1816.26,-1193.58
2026-02-04T09:45:00.000Z,-1757.54,-1193.58
2026-02-04T10:00:00.000Z,-1953.18,-1193.57
2026-02-04T10:15:00.000Z,-1898.8,-1193.52
2026-02-04T10:30:00.000Z,-1746.09,-1193.54
2026-02-04T10:45:00.000Z,-1818.07,-1193.64
2026-02-04T11:00:00.000Z,-1879.32,-1193.55
2026-02-04T11:15:00.000Z,-1865.83,-1193.47
2026-02-04T11:30:00.000Z,-1905.33,-1193.36
2026-02-04T11:45:00.000Z,-1809.73,-1193.38
2026-02-04T12:00:00.000Z,-1844.11,-1193.59
2026-02-04T12:15:00.000Z,-1859.38,-1193.57
2026-02-04T12:30:00.000Z,-1807.48,-1193.51
2026-02-04T12:45:00.000Z,-1834.36,-1193.39
2026-02-04T13:00:00.000Z,-1825.03,-1192.53
2026-02-04T13:15:00.000Z,-1725.91,-1187.3
2026-02-04T13:30:00.000Z,-1825.96,-1157.28
2026-02-04T13:45:00.000Z,-1854.78,-1149.47
2026-02-04T14:00:00.000Z,-1726.64,-1169.07
2026-02-04T14:15:00.000Z,-1858.32,-1106.49
2026-02-04T14:30:00.000Z,-1895.2,-1045.9
2026-02-04T14:45:00.000Z,-1866.07,-1033.19
2026-02-04T15:00:00.000Z,-1981.33,-1032.55
2026-02-04T15:15:00.000Z,-1979.98,-1099.74
2026-02-04T15:30:00.000Z,-1929.01,-1159.02
2026-02-04T15:45:00.000Z,-1906.13,-1151.97
2026-02-04T16:00:00.000Z,-1893.42,-1156.89
2026-02-04T16:15:00.000Z,-1793.65,-1153
2026-02-04T16:30:00.000Z,-1890.27,-1148.39
2026-02-04T16:45:00.000Z,-2000.33,-1144.78
2026-02-04T17:00:00.000Z,-1934.51,-1142.44
2026-02-04T17:15:00.000Z,-1842.93,-1146.55
2026-02-04T17:30:00.000Z,-1820.64,-1151.6
2026-02-04T17:45:00.000Z,-1878.81,-1156.75
2026-02-04T18:00:00.000Z,-1834.75,-1161.33
2026-02-04T18:15:00.000Z,-1879.74,-1163.42
2026-02-04T18:30:00.000Z,-1941.54,-1170.27
2026-02-04T18:45:00.000Z,-1843.41,-1182.6
2026-02-04T19:00:00.000Z,-1974.75,-1193.39
2026-02-04T19:15:00.000Z,-1929.55,-1192.51
2026-02-04T19:30:00.000Z,-1959.11,-1192.75
2026-02-04T19:45:00.000Z,-1901.8,-1194.02
2026-02-04T20:00:00.000Z,-1666.69,-1194.07
2026-02-04T20:15:00.000Z,-1678.72,-1194.13
2026-02-04T20:30:00.000Z,-1844.83,-1194.12
2026-02-04T20:45:00.000Z,-1879.98,-1193.99
2026-02-04T21:00:00.000Z,-1971.55,-1193.97
2026-02-04T21:15:00.000Z,-1720,-1193.97
2026-02-04T21:30:00.000Z,-1592.94,-1194.01
2026-02-04T21:45:00.000Z,-1713.47,-1191.81
2026-02-04T22:00:00.000Z,-1826.59,-1164.53
2026-02-04T22:15:00.000Z,-1834.57,-1153.53
2026-02-04T22:30:00.000Z,-1634.92,-1168.45
2026-02-04T22:45:00.000Z,-1691.16,-1124.43
2026-02-04T23:00:00.000Z,-1736.91,-1097.7
2026-02-04T23:15:00.000Z,-1750.61,-1116.54
2026-02-04T23:30:00.000Z,-1764.05,-1117.45
2026-02-04T23:45:00.000Z,-1911.13,-1112.32
2026-02-05T00:00:00.000Z,-1890.76,-1150.15
2026-02-05T00:15:00.000Z,-1826.62,-1173.11
2026-02-05T00:30:00.000Z,-1733.15,-1157.81
2026-02-05T00:45:00.000Z,-1707.56,-1088.41
2026-02-05T01:00:00.000Z,-1842.63,-991.714
2026-02-05T01:15:00.000Z,-1787.82,-933.116
2026-02-05T01:30:00.000Z,-1871.63,-817.355
2026-02-05T01:45:00.000Z,-1822.53,-664.092
2026-02-05T02:00:00.000Z,-1863.69,-599.202
2026-02-05T02:15:00.000Z,-1932.26,-604.801
2026-02-05T02:30:00.000Z,-1869.48,-706.387
2026-02-05T02:45:00.000Z,-1684.25,-849.687
2026-02-05T03:00:00.000Z,-1623.66,-904.819
2026-02-05T03:15:00.000Z,-1787.93,-881.195
2026-02-05T03:30:00.000Z,-1777.93,-754.192
2026-02-05T03:45:00.000Z,-1871.01,-756.176
2026-02-05T04:00:00.000Z,-1992.04,-845.167
2026-02-05T04:15:00.000Z,-1852.61,-954.531
2026-02-05T04:30:00.000Z,-1875.53,-977.727
2026-02-05T04:45:00.000Z,-1885.95,-909.303
2026-02-05T05:00:00.000Z,-1765.43,-830.169
2026-02-05T05:15:00.000Z,-1665.96,-702.663
2026-02-05T05:30:00.000Z,-1852.39,-634.78
2026-02-05T05:45:00.000Z,-1739.64,-746.277
2026-02-05T06:00:00.000Z,-1451.65,-881.209
2026-02-05T06:15:00.000Z,-1440.95,-751.175
2026-02-05T06:30:00.000Z,-1650.64,-601.878
2026-02-05T06:45:00.000Z,-1510.55,-665.738
2026-02-05T07:00:00.000Z,-1436.07,-707.84
2026-02-05T07:15:00.000Z,-1609.74,-662.823
2026-02-05T07:30:00.000Z,-1668.95,-636.883
2026-02-05T07:45:00.000Z,-1525.54,-738.095
2026-02-05T08:00:00.000Z,-1450.97,-846.431
2026-02-05T08:15:00.000Z,-1396.54,-841.484
2026-02-05T08:30:00.000Z,-1545.1,-838.214
2026-02-05T08:45:00.000Z,-1482.79,-756.661
2026-02-05T09:00:00.000Z,-1561.59,-659.628
2026-02-05T09:15:00.000Z,-1602.99,-730.953
2026-02-05T09:30:00.000Z,-1507.01,-848.39
2026-02-05T09:45:00.000Z,-1459.09,-985.846
2026-02-05T10:00:00.000Z,-1397.59,-1073.87
2026-02-05T10:15:00.000Z,-1603.54,-1078.66
2026-02-05T10:30:00.000Z,-1576.61,-1119.66
2026-02-05T10:45:00.000Z,-1595.2,-1164.03
2026-02-05T11:00:00.000Z,-1415.35,-1188.27
2026-02-05T11:15:00.000Z,-1244.02,-1172
2026-02-05T11:30:00.000Z,-1356.81,-1147.68
2026-02-05T11:45:00.000Z,-1303.56,-1123.95
2026-02-05T12:00:00.000Z,-1134.17,-1078.41
2026-02-05T12:15:00.000Z,-1147.27,-1052.31
2026-02-05T12:30:00.000Z,-1204.58,-1040.23
2026-02-05T12:45:00.000Z,-1301.87,-1036.83
2026-02-05T13:00:00.000Z,-1194.97,-1050.52
2026-02-05T13:15:00.000Z,-1109.13,-1055.34
2026-02-05T13:30:00.000Z,-1068.26,-1037.58
2026-02-05T13:45:00.000Z,-987.04,-1035.46
2026-02-05T14:00:00.000Z,-913.39,-1035.55
2026-02-05T14:15:00.000Z,-963.46,-1035.53
2026-02-05T14:30:00.000Z,-923.69,-1035.63
2026-02-05T14:45:00.000Z,-908.07,-1035.6
2026-02-05T15:00:00.000Z,-965.58,-1035.6
2026-02-05T15:15:00.000Z,-974.31,-1035.61
2026-02-05T15:30:00.000Z,-1026.08,-1032.19
2026-02-05T15:45:00.000Z,-1095.63,-1009.37
2026-02-05T16:00:00.000Z,-1264.38,-976.912
2026-02-05T16:15:00.000Z,-1391.49,-984.489
2026-02-05T16:30:00.000Z,-1327.31,-989.486
2026-02-05T16:45:00.000Z,-1498.51,-895.865
2026-02-05T17:00:00.000Z,-1554.83,-835.316
2026-02-05T17:15:00.000Z,-1468.43,-923.791
2026-02-05T17:30:00.000Z,-1399.47,-998.365
2026-02-05T17:45:00.000Z,-1413.19,-971.973
2026-02-05T18:00:00.000Z,-1539.01,-901.896
2026-02-05T18:15:00.000Z,-1725.44,-930.023
2026-02-05T18:30:00.000Z,-1639.56,-995.355
2026-02-05T18:45:00.000Z,-1598.15,-1025.95
2026-02-05T19:00:00.000Z,-1777.75,-1072.24
2026-02-05T19:15:00.000Z,-1712.91,-1055.23
2026-02-05T19:30:00.000Z,-1726.5,-1041.5
2026-02-05T19:45:00.000Z,-1663.18,-1107.99
2026-02-05T20:00:00.000Z,-1686.68,-1183.58
2026-02-05T20:15:00.000Z,-1795.88,-1192.66
2026-02-05T20:30:00.000Z,-1765.33,-1192.46
2026-02-05T20:45:00.000Z,-1872.7,-1191.58
2026-02-05T21:00:00.000Z,-1673.39,-1191.72
2026-02-05T21:15:00.000Z,-1640.11,-1192.04
2026-02-05T21:30:00.000Z,-1695.5,-1181.57
2026-02-05T21:45:00.000Z,-1811.97,-1164.45
2026-02-05T22:00:00.000Z,-1847.26,-1161.91
2026-02-05T22:15:00.000Z,-1794.27,-1176.94
2026-02-05T22:30:00.000Z,-1740.39,-1191.68
2026-02-05T22:45:00.000Z,-1726.99,-1193
2026-02-05T23:00:00.000Z,-1527.51,-1191.43
2026-02-05T23:15:00.000Z,-1646.8,-1168.18
2026-02-05T23:30:00.000Z,-1775.4,-1129.34
2026-02-05T23:45:00.000Z,-1914.29,-1104.25
2026-02-06T00:00:00.000Z,-1876.18,-1095.46
2026-02-06T00:15:00.000Z,-1778.97,-1128.81
2026-02-06T00:30:00.000Z,-1783.07,-1165.44
2026-02-06T00:45:00.000Z,-1722.14,-1176.45
2026-02-06T01:00:00.000Z,-1709.55,-1165.37
2026-02-06T01:15:00.000Z,-1644.57,-1133.9
2026-02-06T01:30:00.000Z,-1583.89,-1119.49
2026-02-06T01:45:00.000Z,-1727.54,-1080.82
2026-02-06T02:00:00.000Z,-1589.62,-1040.58
2026-02-06T02:15:00.000Z,-1546.7,-1037.97
2026-02-06T02:30:00.000Z,-1639.71,-1045.22
2026-02-06T02:45:00.000Z,-1523.81,-1072.89
2026-02-06T03:00:00.000Z,-1460.51,-1083.41
2026-02-06T03:15:00.000Z,-1533.91,-1056.94
2026-02-06T03:30:00.000Z,-1523.82,-1048.49
2026-02-06T03:45:00.000Z,-1560.21,-1042.39
2026-02-06T04:00:00.000Z,-1632.44,-1045.06
2026-02-06T04:15:00.000Z,-1511.08,-1067.12
2026-02-06T04:30:00.000Z,-1591.77,-1066.97
2026-02-06T04:45:00.000Z,-1766.82,-1043.66
2026-02-06T05:00:00.000Z,-1828.2,-1059.54
2026-02-06T05:15:00.000Z,-1807.68,-1087.19
2026-02-06T05:30:00.000Z,-1925.25,-1092.79
2026-02-06T05:45:00.000Z,-1678.92,-1105.81
2026-02-06T06:00:00.000Z,-1588.07,-1114.15
2026-02-06T06:15:00.000Z,-1519.14,-1083.48
2026-02-06T06:30:00.000Z,-1570.05,-1065.39
2026-02-06T06:45:00.000Z,-1684.86,-1046.48
2026-02-06T07:00:00.000Z,-1793.39,-1042.45
2026-02-06T07:15:00.000Z,-1852.13,-1067.79
2026-02-06T07:30:00.000Z,-1742.86,-1086.24
2026-02-06T07:45:00.000Z,-1685.83,-1062.23
2026-02-06T08:00:00.000Z,-1669.53,-1038.97
2026-02-06T08:15:00.000Z,-1668.09,-1035.88
2026-02-06T08:30:00.000Z,-1559.66,-1035.64
2026-02-06T08:45:00.000Z,-1546.26,-1035.6
2026-02-06T09:00:00.000Z,-1517.68,-1035.47
2026-02-06T09:15:00.000Z,-1538.14,-1035.32
2026-02-06T09:30:00.000Z,-1690.39,-1035.38
2026-02-06T09:45:00.000Z,-1600.91,-1035.45
2026-02-06T10:00:00.000Z,-1669.54,-1035.4
2026-02-06T10:15:00.000Z,-1635.99,-1035.47
2026-02-06T10:30:00.000Z,-1596.92,-1035.61
2026-02-06T10:45:00.000Z,-1606,-1035.69
2026-02-06T11:00:00.000Z,-1684.51,-1035.7
2026-02-06T11:15:00.000Z,-1762.9,-1035.56
2026-02-06T11:30:00.000Z,-1791.15,-1035.95
2026-02-06T11:45:00.000Z,-1703.83,-1044.61
2026-02-06T12:00:00.000Z,-1694.78,-1059.34
2026-02-06T12:15:00.000Z,-1765.87,-1081.21
2026-02-06T12:30:00.000Z,-1737,-1097.73
2026-02-06T12:45:00.000Z,-1697.7,-1101.64
2026-02-06T13:00:00.000Z,-1615.35,-1107.76
2026-02-06T13:15:00.000Z,-1642.72,-1080.58
2026-02-06T13:30:00.000Z,-1634.03,-1051.17
2026-02-06T13:45:00.000Z,-1648.02,-1041.15
2026-02-06T14:00:00.000Z,-1577.35,-1042.92
2026-02-06T14:15:00.000Z,-1549.69,-1037.7
2026-02-06T14:30:00.000Z,-1633.73,-1035.62
2026-02-06T14:45:00.000Z,-1613.76,-1035.59
2026-02-06T15:00:00.000Z,-1803.57,-1035.58
2026-02-06T15:15:00.000Z,-1774.05,-1035.75
2026-02-06T15:30:00.000Z,-1713.49,-1038.51
2026-02-06T15:45:00.000Z,-1513.74,-1038.68
2026-02-06T16:00:00.000Z,-1446.23,-1034.8
2026-02-06T16:15:00.000Z,-1487.74,-1035.5
2026-02-06T16:30:00.000Z,-1555.96,-1032.65
2026-02-06T16:45:00.000Z,-1722.24,-1017.77
2026-02-06T17:00:00.000Z,-1916.03,-1047.33
2026-02-06T17:15:00.000Z,-1825.16,-1124.76
2026-02-06T17:30:00.000Z,-1754.82,-1151.93
2026-02-06T17:45:00.000Z,-1751.53,-1146.34
2026-02-06T18:00:00.000Z,-1806.2,-1128.08
2026-02-06T18:15:00.000Z,-1829.75,-1125.25
2026-02-06T18:30:00.000Z,-1885.5,-1134.35
2026-02-06T18:45:00.000Z,-1836.83,-1145.23
2026-02-06T19:00:00.000Z,-1793.83,-1130.39
2026-02-06T19:15:00.000Z,-1775.07,-1122.69
2026-02-06T19:30:00.000Z,-1726.43,-1121.81
2026-02-06T19:45:00.000Z,-1745.01,-1112.75
2026-02-06T20:00:00.000Z,-1628.17,-1142.99
2026-02-06T20:15:00.000Z,-1762.42,-1140.93
2026-02-06T20:30:00.000Z,-1699.32,-1153.11
2026-02-06T20:45:00.000Z,-1697.3,-1188.46
2026-02-06T21:00:00.000Z,-1595.66,-1193.27
2026-02-06T21:15:00.000Z,-1661.32,-1192.58
2026-02-06T21:30:00.000Z,-1792.2,-1188.44
2026-02-06T21:45:00.000Z,-1842.52,-1164.83
2026-02-06T22:00:00.000Z,-1784.46,-1146.55
2026-02-06T22:15:00.000Z,-1849.01,-1156.57
2026-02-06T22:30:00.000Z,-1759.24,-1163.41
2026-02-06T22:45:00.000Z,-1688.64,-1174.96
2026-02-06T23:00:00.000Z,-1929.32,-1183.64
2026-02-06T23:15:00.000Z,-2006.29,-1192.73
2026-02-06T23:30:00.000Z,-1926.1,-1193.47
2026-02-06T23:45:00.000Z,-1874.65,-1193.54
2026-02-07T00:00:00.000Z,-1796.3,-1193.57
2026-02-07T00:15:00.000Z,-1755.6,-1193.58
2026-02-07T00:30:00.000Z,-1866.56,-1193.8
2026-02-07T00:45:00.000Z,-1943.67,-1193.92
2026-02-07T01:00:00.000Z,-1959.82,-1193.86
2026-02-07T01:15:00.000Z,-2031.42,-1193.81
2026-02-07T01:30:00.000Z,-1977.99,-1193.61
2026-02-07T01:45:00.000Z,-1868.89,-1193.6
2026-02-07T02:00:00.000Z,-1699.43,-1193.69
2026-02-07T02:15:00.000Z,-1763.37,-1193.73
2026-02-07T02:30:00.000Z,-1841.93,-1193.6
2026-02-07T02:45:00.000Z,-1816.33,-1193.64
2026-02-07T03:00:00.000Z,-1826.54,-1193.71
2026-02-07T03:15:00.000Z,-1798.17,-1193.7
2026-02-07T03:30:00.000Z,-1975.75,-1193.79
2026-02-07T03:45:00.000Z,-1981.53,-1193.85
2026-02-07T04:00:00.000Z,-1996.05,-1193.79
2026-02-07T04:15:00.000Z,-1885.13,-1193.77
2026-02-07T04:30:00.000Z,-1974.58,-1193.72
2026-02-07T04:45:00.000Z,-2042.34,-1193.49
2026-02-07T05:00:00.000Z,-1844.53,-1193.55
2026-02-07T05:15:00.000Z,-1868.85,-1193.64
2026-02-07T05:30:00.000Z,-1923.78,-1193.55
2026-02-07T05:45:00.000Z,-1876.66,-1193.34
2026-02-07T06:00:00.000Z,-1931.18,-1193.37
2026-02-07T06:15:00.000Z,-1799.55,-1193.42
2026-02-07T06:30:00.000Z,-1822.82,-1193.31
2026-02-07T06:45:00.000Z,-1939.08,-1193.33
2026-02-07T07:00:00.000Z,-1882.55,-1193.35
2026-02-07T07:15:00.000Z,-1959.05,-1193.34
2026-02-07T07:30:00.000Z,-1845.32,-1193.3
2026-02-07T07:45:00.000Z,-1884.71,-1193.05
2026-02-07T08:00:00.000Z,-1787.13,-1193.01
2026-02-07T08:15:00.000Z,-1792.74,-1193.08
2026-02-07T08:30:00.000Z,-1861.83,-1191.93
2026-02-07T08:45:00.000Z,-1735.06,-1180.93
2026-02-07T09:00:00.000Z,-1798.41,-1176.97
2026-02-07T09:15:00.000Z,-1900.44,-1190.9
2026-02-07T09:30:00.000Z,-1974,-1193.24
2026-02-07T09:45:00.000Z,-1985.42,-1193.37
2026-02-07T10:00:00.000Z,-2057.83,-1193.35
2026-02-07T10:15:00.000Z,-2068.11,-1193.33
2026-02-07T10:30:00.000Z,-1900.79,-1193.35
2026-02-07T10:45:00.000Z,-1860.13,-1193.26
2026-02-07T11:00:00.000Z,-1876.23,-1193.08
2026-02-07T11:15:00.000Z,-1877.63,-1192.98
2026-02-07T11:30:00.000Z,-1856.86,-1192.48
2026-02-07T11:45:00.000Z,-1915.7,-1192.58
2026-02-07T12:00:00.000Z,-1928.52,-1193.36
2026-02-07T12:15:00.000Z,-1808.56,-1193.5
2026-02-07T12:30:00.000Z,-2000.27,-1193.51
2026-02-07T12:45:00.000Z,-2024.59,-1193.34
2026-02-07T13:00:00.000Z,-1893.13,-1193.37
2026-02-07T13:15:00.000Z,-1820.4,-1193.5
2026-02-07T13:30:00.000Z,-1729.23,-1193.44
2026-02-07T13:45:00.000Z,-1743.67,-1192.47
2026-02-07T14:00:00.000Z,-1858.58,-1183.17
2026-02-07T14:15:00.000Z,-1844.85,-1171.99
2026-02-07T14:30:00.000Z,-1842.68,-1157.57
2026-02-07T14:45:00.000Z,-1775.58,-1157.87
2026-02-07T15:00:00.000Z,-1695.43,-1185.44
2026-02-07T15:15:00.000Z,-1899.96,-1189.06
2026-02-07T15:30:00.000Z,-1802.67,-1192.63
2026-02-07T15:45:00.000Z,-1622.57,-1190.8
2026-02-07T16:00:00.000Z,-1580.94,-1190.49
2026-02-07T16:15:00.000Z,-1579.98,-1189.69
2026-02-07T16:30:00.000Z,-1572.38,-1179.41
2026-02-07T16:45:00.000Z,-1627.57,-1150.7
2026-02-07T17:00:00.000Z,-1721.93,-1150.05
2026-02-07T17:15:00.000Z,-1679.4,-1187.88
2026-02-07T17:30:00.000Z,-1640.27,-1193.14
2026-02-07T17:45:00.000Z,-1618.96,-1193.21
2026-02-07T18:00:00.000Z,-1676.98,-1193.05
2026-02-07T18:15:00.000Z,-1694.07,-1192.98
2026-02-07T18:30:00.000Z,-1764.08,-1193.2
2026-02-07T18:45:00.000Z,-1827.04,-1192.79
2026-02-07T19:00:00.000Z,-1885.54,-1185.16
2026-02-07T19:15:00.000Z,-1840.16,-1181.82
2026-02-07T19:30:00.000Z,-1893.22,-1191.39
2026-02-07T19:45:00.000Z,-1745.96,-1193.51
2026-02-07T20:00:00.000Z,-1536.38,-1193.5
2026-02-07T20:15:00.000Z,-1626.91,-1193.48
2026-02-07T20:30:00.000Z,-1752.02,-1192.45
2026-02-07T20:45:00.000Z,-1721.86,-1178.42
2026-02-07T21:00:00.000Z,-1739.34,-1158.41
2026-02-07T21:15:00.000Z,-1739.84,-1150.45
2026-02-07T21:30:00.000Z,-1713.75,-1137
2026-02-07T21:45:00.000Z,-1714.85,-1123.04
2026-02-07T22:00:00.000Z,-1684.79,-1125.07
2026-02-07T22:15:00.000Z,-1665.91,-1126.48
2026-02-07T22:30:00.000Z,-1555.96,-1097.93
2026-02-07T22:45:00.000Z,-1439.9,-1077.78
2026-02-07T23:00:00.000Z,-1561.43,-1086.72
2026-02-07T23:15:00.000Z,-1715.19,-1069.2
2026-02-07T23:30:00.000Z,-1606.17,-1039.39
2026-02-07T23:45:00.000Z,-1637.98,-1037.26
2026-02-08T00:00:00.000Z,-1754.88,-1053.46
2026-02-08T00:15:00.000Z,-1676.51,-1085.54
2026-02-08T00:30:00.000Z,-1544.85,-1096.6
2026-02-08T00:45:00.000Z,-1670.76,-1070.7
2026-02-08T01:00:00.000Z,-1624.36,-1062.31
2026-02-08T01:15:00.000Z,-1941.79,-1075.92
2026-02-08T01:30:00.000Z,-2036.91,-1074.06
2026-02-08T01:45:00.000Z,-1948.7,-1100.05
2026-02-08T02:00:00.000Z,-1704.34,-1113.2
2026-02-08T02:15:00.000Z,-1700.12,-1087.45
2026-02-08T02:30:00.000Z,-1697.95,-1059.7
2026-02-08T02:45:00.000Z,-1637.7,-1054.19
2026-02-08T03:00:00.000Z,-1662.09,-1040.07
2026-02-08T03:15:00.000Z,-1764.28,-1058.57
2026-02-08T03:30:00.000Z,-1848.63,-1099.36
2026-02-08T03:45:00.000Z,-1778.28,-1140.28
2026-02-08T04:00:00.000Z,-1739.84,-1161.25
2026-02-08T04:15:00.000Z,-1691.43,-1152.63
2026-02-08T04:30:00.000Z,-1814.57,-1134.59
2026-02-08T04:45:00.000Z,-1912.48,-1112.51
2026-02-08T05:00:00.000Z,-1813.29,-1119.48
2026-02-08T05:15:00.000Z,-1862.19,-1120.39
2026-02-08T05:30:00.000Z,-1923.71,-1126.96
2026-02-08T05:45:00.000Z,-1968.93,-1137.7
2026-02-08T06:00:00.000Z,-1845.8,-1137.95
2026-02-08T06:15:00.000Z,-1853.85,-1131.11
2026-02-08T06:30:00.000Z,-1785.27,-1116.14
2026-02-08T06:45:00.000Z,-1817.02,-1077.46
2026-02-08T07:00:00.000Z,-1888.11,-1056.12
2026-02-08T07:15:00.000Z,-1855.9,-1068.57
2026-02-08T07:30:00.000Z,-1751.9,-1061.02
2026-02-08T07:45:00.000Z,-1819.07,-1062.11
2026-02-08T08:00:00.000Z,-1893.03,-1059.91
2026-02-08T08:15:00.000Z,-1868.24,-1093.57
2026-02-08T08:30:00.000Z,-1853.28,-1104.04
2026-02-08T08:45:00.000Z,-1828.68,-1094.57
2026-02-08T09:00:00.000Z,-1955.09,-1091.3
2026-02-08T09:15:00.000Z,-2007.8,-1129.32
2026-02-08T09:30:00.000Z,-1957.59,-1187.39
2026-02-08T09:45:00.000Z,-1882.25,-1193.82
2026-02-08T10:00:00.000Z,-1800.41,-1192.82
2026-02-08T10:15:00.000Z,-1695.06,-1187.05
2026-02-08T10:30:00.000Z,-1777.07,-1165.41
2026-02-08T10:45:00.000Z,-1757.68,-1143.96
2026-02-08T11:00:00.000Z,-1730.49,-1144.25
2026-02-08T11:15:00.000Z,-1673.44,-1142.3
2026-02-08T11:30:00.000Z,-1789.83,-1131.78
2026-02-08T11:45:00.000Z,-1832.74,-1127.39
2026-02-08T12:00:00.000Z,-1936.28,-1134.41
2026-02-08T12:15:00.000Z,-1836.91,-1156.03
2026-02-08T12:30:00.000Z,-1827.13,-1188.73
2026-02-08T12:45:00.000Z,-1927.8,-1192.24
2026-02-08T13:00:00.000Z,-1822.85,-1176.67
2026-02-08T13:15:00.000Z,-1968,-1152.93
2026-02-08T13:30:00.000Z,-1916.88,-1164.53
2026-02-08T13:45:00.000Z,-1825.74,-1190.69
2026-02-08T14:00:00.000Z,-1792.75,-1191.94
2026-02-08T14:15:00.000Z,-1758.04,-1173.71
2026-02-08T14:30:00.000Z,-1575.7,-1147.83
2026-02-08T14:45:00.000Z,-1612.87,-1121.98
2026-02-08T15:00:00.000Z,-1586.44,-1100.49
2026-02-08T15:15:00.000Z,-1541.41,-1102.08
2026-02-08T15:30:00.000Z,-1496.19,-1079.94
2026-02-08T15:45:00.000Z,-1497.35,-977.31
2026-02-08T16:00:00.000Z,-1769.02,-829.396
2026-02-08T16:15:00.000Z,-1920.28,-731.732
2026-02-08T16:30:00.000Z,-1912.56,-531.899
2026-02-08T16:45:00.000Z,-1908.4,-300.053
2026-02-08T17:00:00.000Z,-1840.69,-187.112
2026-02-08T17:15:00.000Z,-1813.78,-137.366
2026-02-08T17:30:00.000Z,-1886.39,-114.151
2026-02-08T17:45:00.000Z,-1845.23,-156.583
2026-02-08T18:00:00.000Z,-1766.04,-195.542
2026-02-08T18:15:00.000Z,-1807.35,-191.224
2026-02-08T18:30:00.000Z,-1746.01,-289.832
2026-02-08T18:45:00.000Z,-1724.74,-506.403
2026-02-08T19:00:00.000Z,-1575.27,-675.998
2026-02-08T19:15:00.000Z,-1530.42,-714.154
2026-02-08T19:30:00.000Z,-1536.23,-837.221
2026-02-08T19:45:00.000Z,-1468.27,-964.484
2026-02-08T20:00:00.000Z,-1589.28,-999.56
2026-02-08T20:15:00.000Z,-1720.41,-1030.3
2026-02-08T20:30:00.000Z,-1744.52,-1033.6
2026-02-08T20:45:00.000Z,-1678.12,-1031.95
2026-02-08T21:00:00.000Z,-1742.23,-1009.04
2026-02-08T21:15:00.000Z,-1761.97,-982.045
2026-02-08T21:30:00.000Z,-1678.57,-999.971
2026-02-08T21:45:00.000Z,-1839.17,-1025.9
2026-02-08T22:00:00.000Z,-1833.92,-1053.65
2026-02-08T22:15:00.000Z,-1777.77,-1107.57
2026-02-08T22:30:00.000Z,-1740.23,-1131.51
2026-02-08T22:45:00.000Z,-1779.14,-1085.19
2026-02-08T23:00:00.000Z,-1848.5,-1009.94
2026-02-08T23:15:00.000Z,-1810.12,-960.65
2026-02-08T23:30:00.000Z,-1755.6,-952.748
2026-02-08T23:45:00.000Z,-1681.44,-966.781
2026-02-09T00:00:00.000Z,-1670.37,-944.11
2026-02-09T00:15:00.000Z,-1730.13,-895.679
2026-02-09T00:30:00.000Z,-1728.47,-851.8
2026-02-09T00:45:00.000Z,-1688.66,-862.774
2026-02-09T01:00:00.000Z,-1602.56,-893.149
2026-02-09T01:15:00.000Z,-1524.5,-862.686
2026-02-09T01:30:00.000Z,-1476.94,-832.528
2026-02-09T01:45:00.000Z,-1397.73,-799.291
2026-02-09T02:00:00.000Z,-1425.97,-756.7
2026-02-09T02:15:00.000Z,-1453.86,-766.426
2026-02-09T02:30:00.000Z,-1428.09,-793.701
2026-02-09T02:45:00.000Z,-1495.91,-731.99
2026-02-09T03:00:00.000Z,-1508.86,-668.561
2026-02-09T03:15:00.000Z,-1388.29,-745.967
2026-02-09T03:30:00.000Z,-1299.83,-798.594
2026-02-09T03:45:00.000Z,-1212.64,-709.356
2026-02-09T04:00:00.000Z,-1426.88,-664.856
2026-02-09T04:15:00.000Z,-1487.19,-822.575
2026-02-09T04:30:00.000Z,-1614.48,-970.916
2026-02-09T04:45:00.000Z,-1698.1,-1049.56
2026-02-09T05:00:00.000Z,-1570.83,-991.937
2026-02-09T05:15:00.000Z,-1229.64,-926.656
2026-02-09T05:30:00.000Z,-1380.7,-898.702
2026-02-09T05:45:00.000Z,-1535.57,-933.071
2026-02-09T06:00:00.000Z,-1347.78,-906.866
2026-02-09T06:15:00.000Z,-1210.81,-808.255
2026-02-09T06:30:00.000Z,-1189.01,-792.914
2026-02-09T06:45:00.000Z,-1290.13,-733.778
2026-02-09T07:00:00.000Z,-1643.24,-588.185
2026-02-09T07:15:00.000Z,-1801.25,-635.865
2026-02-09T07:30:00.000Z,-1488.94,-849.892
2026-02-09T07:45:00.000Z,-1437.58,-917.862
2026-02-09T08:00:00.000Z,-1311.6,-913.71
2026-02-09T08:15:00.000Z,-1299.81,-901.961
2026-02-09T08:30:00.000Z,-1352.36,-913.451
2026-02-09T08:45:00.000Z,-1359.06,-891.248
2026-02-09T09:00:00.000Z,-1433.22,-873.258
2026-02-09T09:15:00.000Z,-1459.03,-938.714
2026-02-09T09:30:00.000Z,-1354.87,-1009.78
2026-02-09T09:45:00.000Z,-1293.43,-1029.83
2026-02-09T10:00:00.000Z,-1423.93,-1010.22
2026-02-09T10:15:00.000Z,-1486.13,-1004.14
2026-02-09T10:30:00.000Z,-1432.42,-1021.35
2026-02-09T10:45:00.000Z,-1460.97,-1030.21
2026-02-09T11:00:00.000Z,-1493.77,-1037.93
2026-02-09T11:15:00.000Z,-1513.56,-1044.02
2026-02-09T11:30:00.000Z,-1486.87,-1044.64
2026-02-09T11:45:00.000Z,-1392.29,-1049.3
2026-02-09T12:00:00.000Z,-1431.47,-1054.08
2026-02-09T12:15:00.000Z,-1441.66,-1044.11
2026-02-09T12:30:00.000Z,-1447.03,-1033.16
2026-02-09T12:45:00.000Z,-1498.68,-1029.99
2026-02-09T13:00:00.000Z,-1436.76,-1031.26
2026-02-09T13:15:00.000Z,-1506.83,-1029.33
2026-02-09T13:30:00.000Z,-1464.13,-1034.91
2026-02-09T13:45:00.000Z,-1511.46,-1040.43
2026-02-09T14:00:00.000Z,-1405.77,-1049.51
2026-02-09T14:15:00.000Z,-1320.42,-1042.79
2026-02-09T14:30:00.000Z,-1275.62,-1026.85
2026-02-09T14:45:00.000Z,-1372.66,-998.808
2026-02-09T15:00:00.000Z,-1600.17,-982.326
2026-02-09T15:15:00.000Z,-1621.8,-972.958
2026-02-09T15:30:00.000Z,-1488.72,-966.403
2026-02-09T15:45:00.000Z,-1437.75,-938.714
2026-02-09T16:00:00.000Z,-1481.58,-873.529
2026-02-09T16:15:00.000Z,-1508.81,-829.021
2026-02-09T16:30:00.000Z,-1559.77,-796.579
2026-02-09T16:45:00.000Z,-1549.37,-815.643
2026-02-09T17:00:00.000Z,-1566.32,-811.96
2026-02-09T17:15:00.000Z,-1577.27,-795.058
2026-02-09T17:30:00.000Z,-1528.76,-773.891
2026-02-09T17:45:00.000Z,-1524.82,-698.134
2026-02-09T18:00:00.000Z,-1607.36,-637.757
2026-02-09T18:15:00.000Z,-1623,-634.69
2026-02-09T18:30:00.000Z,-1630.62,-634.958
2026-02-09T18:45:00.000Z,-1556.08,-692.489
2026-02-09T19:00:00.000Z,-1530.84,-796.902
2026-02-09T19:15:00.000Z,-1429.98,-866.262
2026-02-09T19:30:00.000Z,-1286.88,-857.969
2026-02-09T19:45:00.000Z,-1310.42,-878.267
2026-02-09T20:00:00.000Z,-1328.41,-910.287
2026-02-09T20:15:00.000Z,-1516.12,-888.834
2026-02-09T20:30:00.000Z,-1450.39,-926.683
2026-02-09T20:45:00.000Z,-1555.31,-960.842
2026-02-09T21:00:00.000Z,-1564.92,-970.574
2026-02-09T21:15:00.000Z,-1537.41,-956.984
2026-02-09T21:30:00.000Z,-1523.86,-952.673
2026-02-09T21:45:00.000Z,-1591.65,-973.004
2026-02-09T22:00:00.000Z,-1548.32,-934.729
2026-02-09T22:15:00.000Z,-1457.38,-957.49
2026-02-09T22:30:00.000Z,-1549.45,-1006.25
2026-02-09T22:45:00.000Z,-1531.47,-1020.54
2026-02-09T23:00:00.000Z,-1584.07,-983.135
2026-02-09T23:15:00.000Z,-1584.62,-962.577
2026-02-09T23:30:00.000Z,-1607.27,-975.349
2026-02-09T23:45:00.000Z,-1595.16,-981.748
2026-02-10T00:00:00.000Z,-1425.39,-1004.32
2026-02-10T00:15:00.000Z,-1296.99,-1008.18
2026-02-10T00:30:00.000Z,-1345.89,-1015.28
2026-02-10T00:45:00.000Z,-1470.24,-1019.17
2026-02-10T01:00:00.000Z,-1519.53,-1030.55
2026-02-10T01:15:00.000Z,-1487.42,-1015.58
2026-02-10T01:30:00.000Z,-1445.94,-1004.21
2026-02-10T01:45:00.000Z,-1461.57,-1001.31
2026-02-10T02:00:00.000Z,-1398.07,-992.64
2026-02-10T02:15:00.000Z,-1327.97,-1004.71
2026-02-10T02:30:00.000Z,-1368.06,-1013.26
2026-02-10T02:45:00.000Z,-1483.85,-1009.74
2026-02-10T03:00:00.000Z,-1477.78,-1002.35
2026-02-10T03:15:00.000Z,-1476.4,-995.251
2026-02-10T03:30:00.000Z,-1492.51,-1018.57
2026-02-10T03:45:00.000Z,-1548.01,-1090.05
2026-02-10T04:00:00.000Z,-1542.14,-1131.95
2026-02-10T04:15:00.000Z,-1693.71,-1125.76
2026-02-10T04:30:00.000Z,-1791.57,-1126.24
2026-02-10T04:45:00.000Z,-1760.85,-1145.75
2026-02-10T05:00:00.000Z,-1780.76,-1156.28
2026-02-10T05:15:00.000Z,-1684.75,-1150.31
2026-02-10T05:30:00.000Z,-1628.84,-1109.34
2026-02-10T05:45:00.000Z,-1582.81,-1022.47
2026-02-10T06:00:00.000Z,-1682.55,-990.022
2026-02-10T06:15:00.000Z,-1614.44,-1006.21
2026-02-10T06:30:00.000Z,-1775.51,-932.493
2026-02-10T06:45:00.000Z,-2013.93,-828.225
2026-02-10T07:00:00.000Z,-1890.62,-815.06
2026-02-10T07:15:00.000Z,-1869.71,-834.089
2026-02-10T07:30:00.000Z,-1850.91,-854.778
2026-02-10T07:45:00.000Z,-1820.09,-911.809
2026-02-10T08:00:00.000Z,-1776.82,-914.05
2026-02-10T08:15:00.000Z,-1811.86,-872.491
2026-02-10T08:30:00.000Z,-1930.12,-926.199
2026-02-10T08:45:00.000Z,-1780.18,-1027.04
2026-02-10T09:00:00.000Z,-1702.89,-1053.27
2026-02-10T09:15:00.000Z,-1789.1,-1012.87
2026-02-10T09:30:00.000Z,-1779.53,-979.348
2026-02-10T09:45:00.000Z,-1842.71,-991.845
2026-02-10T10:00:00.000Z,-1822.86,-1017.07
2026-02-10T10:15:00.000Z,-1747.14,-1035.74
2026-02-10T10:30:00.000Z,-1797.95,-1027.31
2026-02-10T10:45:00.000Z,-1902.27,-957.329
2026-02-10T11:00:00.000Z,-1843.62,-909.789
2026-02-10T11:15:00.000Z,-1901.31,-891.295
2026-02-10T11:30:00.000Z,-1871.02,-874.219
2026-02-10T11:45:00.000Z,-1802.16,-907.301
2026-02-10T12:00:00.000Z,-1764.38,-962.006
2026-02-10T12:15:00.000Z,-1882.18,-973.951
2026-02-10T12:30:00.000Z,-1871.95,-975.069
2026-02-10T12:45:00.000Z,-1860.02,-1003.58
2026-02-10T13:00:00.000Z,-1726.37,-1040.69
2026-02-10T13:15:00.000Z,-1667.94,-1012.25
2026-02-10T13:30:00.000Z,-1748.18,-965.718
2026-02-10T13:45:00.000Z,-1682.49,-929.164
2026-02-10T14:00:00.000Z,-1757.28,-888.549
2026-02-10T14:15:00.000Z,-1784.33,-873.441
2026-02-10T14:30:00.000Z,-1836.24,-873.011
2026-02-10T14:45:00.000Z,-1827.1,-881.183
2026-02-10T15:00:00.000Z,-1843.89,-874.626
2026-02-10T15:15:00.000Z,-1836.56,-836.938
2026-02-10T15:30:00.000Z,-1881.06,-826.987
2026-02-10T15:45:00.000Z,-1811.95,-853.667
2026-02-10T16:00:00.000Z,-1819,-871.592
2026-02-10T16:15:00.000Z,-1776,-864.602
2026-02-10T16:30:00.000Z,-1686.69,-874.053
2026-02-10T16:45:00.000Z,-1763.34,-871.781
2026-02-10T17:00:00.000Z,-1780.95,-866.923
2026-02-10T17:15:00.000Z,-1842.94,-908.205
2026-02-10T17:30:00.000Z,-1819.73,-968.543
2026-02-10T17:45:00.000Z,-1727.1,-1030.44
2026-02-10T18:00:00.000Z,-1752.77,-1070.97
2026-02-10T18:15:00.000Z,-1785.89,-1064.29
2026-02-10T18:30:00.000Z,-1783.61,-1035.35
2026-02-10T18:45:00.000Z,-1844.61,-1005
2026-02-10T19:00:00.000Z,-1806.61,-1005.62
2026-02-10T19:15:00.000Z,-1741.24,-1007.08
2026-02-10T19:30:00.000Z,-1648.58,-902.838
2026-02-10T19:45:00.000Z,-1728.33,-896.243
2026-02-10T20:00:00.000Z,-1792.35,-1021.3
2026-02-10T20:15:00.000Z,-1941.9,-1095.33
2026-02-10T20:30:00.000Z,-1773.39,-1186.89
2026-02-10T20:45:00.000Z,-1674.2,-1189.33
2026-02-10T21:00:00.000Z,-1775.31,-1184.66
2026-02-10T21:15:00.000Z,-1828.4,-1080.51
2026-02-10T21:30:00.000Z,-1833.42,-1050.45
2026-02-10T21:45:00.000Z,-1714.65,-1057.5
2026-02-10T22:00:00.000Z,-1707.86,-1080.89
2026-02-10T22:15:00.000Z,-1846.43,-1028.72
2026-02-10T22:30:00.000Z,-1891.68,-1005.67
2026-02-10T22:45:00.000Z,-1928.69,-973.915
2026-02-10T23:00:00.000Z,-1713.46,-993.169
2026-02-10T23:15:00.000Z,-1656.85,-1036.94
2026-02-10T23:30:00.000Z,-1667.42,-1051.24
2026-02-10T23:45:00.000Z,-1759.45,-1071.62
2026-02-11T00:00:00.000Z,-1617.21,-1059.31
2026-02-11T00:15:00.000Z,-1586.31,-1028.09
2026-02-11T00:30:00.000Z,-1581.22,-1002.48
2026-02-11T00:45:00.000Z,-1617.26,-1005.77
2026-02-11T01:00:00.000Z,-1599.46,-1025.17
2026-02-11T01:15:00.000Z,-1568.37,-1021.53
2026-02-11T01:30:00.000Z,-1617.35,-988.993
2026-02-11T01:45:00.000Z,-1592.31,-969.025
2026-02-11T02:00:00.000Z,-1580.76,-941.08
2026-02-11T02:15:00.000Z,-1537.76,-901.982
2026-02-11T02:30:00.000Z,-1631.43,-872.181
2026-02-11T02:45:00.000Z,-1553.73,-922.254
2026-02-11T03:00:00.000Z,-1429.78,-971.656
2026-02-11T03:15:00.000Z,-1522.36,-949.908
2026-02-11T03:30:00.000Z,-1484.45,-936.448
2026-02-11T03:45:00.000Z,-1415.88,-895.91
2026-02-11T04:00:00.000Z,-1721.97,-870.997
2026-02-11T04:15:00.000Z,-1752.68,-927.964
2026-02-11T04:30:00.000Z,-1857.63,-974.964
2026-02-11T04:45:00.000Z,-1937.38,-1072.57
2026-02-11T05:00:00.000Z,-1598.22,-1176.91
2026-02-11T05:15:00.000Z,-1660.16,-1138.66
2026-02-11T05:30:00.000Z,-1749.04,-1061.93
2026-02-11T05:45:00.000Z,-1761.76,-1018.78
2026-02-11T06:00:00.000Z,-1719.44,-1034.4
2026-02-11T06:15:00.000Z,-1562.18,-1078.28
2026-02-11T06:30:00.000Z,-1601.6,-1038.32
2026-02-11T06:45:00.000Z,-1703.18,-1013.35
2026-02-11T07:00:00.000Z,-1813.38,-1051.67
2026-02-11T07:15:00.000Z,-1785.18,-1097.9
2026-02-11T07:30:00.000Z,-1816.02,-1081.63
2026-02-11T07:45:00.000Z,-1793.97,-1118
2026-02-11T08:00:00.000Z,-1651.12,-1138.63
2026-02-11T08:15:00.000Z,-1589.14,-1118.93
2026-02-11T08:30:00.000Z,-1736.41,-1094.01
2026-02-11T08:45:00.000Z,-1784.33,-1103.09
2026-02-11T09:00:00.000Z,-1770.51,-1117.72
2026-02-11T09:15:00.000Z,-1823.49,-1123.15
2026-02-11T09:30:00.000Z,-1917.87,-1130.08
2026-02-11T09:45:00.000Z,-1959.72,-1115.2
2026-02-11T10:00:00.000Z,-1945.69,-1112.7
2026-02-11T10:15:00.000Z,-1931.78,-1151.21
2026-02-11T10:30:00.000Z,-1851.04,-1173.84
2026-02-11T10:45:00.000Z,-1948.41,-1164.25
2026-02-11T11:00:00.000Z,-2005.18,-1172.04
2026-02-11T11:15:00.000Z,-2036.54,-1182.01
2026-02-11T11:30:00.000Z,-1849.93,-1192.06
2026-02-11T11:45:00.000Z,-1779.03,-1193.46
2026-02-11T12:00:00.000Z,-1842.35,-1193.41
2026-02-11T12:15:00.000Z,-1780.62,-1193.26
2026-02-11T12:30:00.000Z,-1859.06,-1193.17
2026-02-11T12:45:00.000Z,-1828.19,-1193.27
2026-02-11T13:00:00.000Z,-1651.99,-1191.28
2026-02-11T13:15:00.000Z,-1709,-1162.53
2026-02-11T13:30:00.000Z,-1822.29,-1133.5
2026-02-11T13:45:00.000Z,-1917.74,-1140.64
2026-02-11T14:00:00.000Z,-1854.44,-1145.7
2026-02-11T14:15:00.000Z,-1920.49,-1144.67
2026-02-11T14:30:00.000Z,-1971.58,-1152.16
2026-02-11T14:45:00.000Z,-1920.67,-1185.28
2026-02-11T15:00:00.000Z,-2001.89,-1191.79
2026-02-11T15:15:00.000Z,-1985.7,-1191.53
2026-02-11T15:30:00.000Z,-1935.68,-1183.75
2026-02-11T15:45:00.000Z,-1790.02,-1152.11
2026-02-11T16:00:00.000Z,-1759.41,-1101.49
2026-02-11T16:15:00.000Z,-1776.05,-1071.99
2026-02-11T16:30:00.000Z,-1698.33,-1077.86
2026-02-11T16:45:00.000Z,-1710.57,-1025.46
2026-02-11T17:00:00.000Z,-1809.47,-960.95
2026-02-11T17:15:00.000Z,-1747.85,-1008.75
2026-02-11T17:30:00.000Z,-1715.61,-1050.36
2026-02-11T17:45:00.000Z,-1718.77,-1032.83
2026-02-11T18:00:00.000Z,-1711.37,-1012.13
2026-02-11T18:15:00.000Z,-1720.92,-1018.61
2026-02-11T18:30:00.000Z,-1602.03,-996.351
2026-02-11T18:45:00.000Z,-1759.58,-951.42
2026-02-11T19:00:00.000Z,-1762.17,-985.314
2026-02-11T19:15:00.000Z,-1684.55,-1074.21
2026-02-11T19:30:00.000Z,-1637.45,-1080.06
2026-02-11T19:45:00.000Z,-1495.43,-1112.99
2026-02-11T20:00:00.000Z,-1679.15,-1175.14
2026-02-11T20:15:00.000Z,-1823.3,-1163.73
2026-02-11T20:30:00.000Z,-1800.56,-1142.71
2026-02-11T20:45:00.000Z,-1810.34,-1154.99
2026-02-11T21:00:00.000Z,-1891.21,-1175.44
2026-02-11T21:15:00.000Z,-1847.51,-1183.73
2026-02-11T21:30:00.000Z,-1867.86,-1184.58
2026-02-11T21:45:00.000Z,-1850.87,-1189.62
2026-02-11T22:00:00.000Z,-1851.13,-1169.92
2026-02-11T22:15:00.000Z,-1755.02,-1161.3
2026-02-11T22:30:00.000Z,-1857.35,-1186.4
2026-02-11T22:45:00.000Z,-1849.27,-1181.77
2026-02-11T23:00:00.000Z,-1677.88,-1178.31
2026-02-11T23:15:00.000Z,-1545.79,-1177
2026-02-11T23:30:00.000Z,-1515.59,-1157.08
2026-02-11T23:45:00.000Z,-1556.57,-1124.59
2026-02-12T00:00:00.000Z,-1399.14,-1103.92
2026-02-12T00:15:00.000Z,-1406.06,-1104.6
2026-02-12T00:30:00.000Z,-1613.23,-1099.79
2026-02-12T00:45:00.000Z,-1613.28,-1078.84
2026-02-12T01:00:00.000Z,-1705.33,-1050.15
2026-02-12T01:15:00.000Z,-1619.86,-1057.31
2026-02-12T01:30:00.000Z,-1609.99,-1080.15
2026-02-12T01:45:00.000Z,-1469.9,-1088.64
2026-02-12T02:00:00.000Z,-1467.75,-1132.19
2026-02-12T02:15:00.000Z,-1647.08,-1152.82
2026-02-12T02:30:00.000Z,-1635.47,-1144.97
2026-02-12T02:45:00.000Z,-1596.48,-1132.78
2026-02-12T03:00:00.000Z,-1588.88,-1134.19
2026-02-12T03:15:00.000Z,-1580.85,-1151.94
2026-02-12T03:30:00.000Z,-1691.03,-1144.04
2026-02-12T03:45:00.000Z,-1812.06,-1152.68
2026-02-12T04:00:00.000Z,-1725.3,-1179.46
2026-02-12T04:15:00.000Z,-1669.88,-1147.31
2026-02-12T04:30:00.000Z,-1698.61,-1114.81
2026-02-12T04:45:00.000Z,-1630.74,-1134.46
2026-02-12T05:00:00.000Z,-1527.14,-1132.89
2026-02-12T05:15:00.000Z,-1627.15,-1093.26
2026-02-12T05:30:00.000Z,-1702.98,-1091.47
2026-02-12T05:45:00.000Z,-1563.87,-1136.84
2026-02-12T06:00:00.000Z,-1512.99,-1149.3
2026-02-12T06:15:00.000Z,-1406.88,-1106.81
2026-02-12T06:30:00.000Z,-1576.39,-995.964
2026-02-12T06:45:00.000Z,-1768.79,-1000.84
2026-02-12T07:00:00.000Z,-1774.52,-1058.12
2026-02-12T07:15:00.000Z,-1691.31,-1082.75
2026-02-12T07:30:00.000Z,-1603.97,-1098.16
2026-02-12T07:45:00.000Z,-1611.45,-1091.37
2026-02-12T08:00:00.000Z,-1704.7,-1063.1
2026-02-12T08:15:00.000Z,-1736.19,-1063.04
2026-02-12T08:30:00.000Z,-1725.24,-1086.2
2026-02-12T08:45:00.000Z,-1718.51,-1119.13
2026-02-12T09:00:00.000Z,-1775.55,-1151.04
2026-02-12T09:15:00.000Z,-1825.45,-1143.95
2026-02-12T09:30:00.000Z,-1846,-1113.82
2026-02-12T09:45:00.000Z,-1820.85,-1117.93
2026-02-12T10:00:00.000Z,-1848.72,-1120.9
2026-02-12T10:15:00.000Z,-1822.77,-1142.48
2026-02-12T10:30:00.000Z,-1794.39,-1175.37
2026-02-12T10:45:00.000Z,-1693.92,-1163.17
2026-02-12T11:00:00.000Z,-1743.78,-1147.95
2026-02-12T11:15:00.000Z,-1748.05,-1153.74
2026-02-12T11:30:00.000Z,-1800.11,-1176.36
2026-02-12T11:45:00.000Z,-1811.35,-1183.34
2026-02-12T12:00:00.000Z,-1759,-1186.54
2026-02-12T12:15:00.000Z,-1886.52,-1183.65
2026-02-12T12:30:00.000Z,-1865.38,-1189.85
2026-02-12T12:45:00.000Z,-1856.27,-1193.29
2026-02-12T13:00:00.000Z,-1944.96,-1193.24
2026-02-12T13:15:00.000Z,-1858.37,-1193.17
2026-02-12T13:30:00.000Z,-1930.87,-1193.16
2026-02-12T13:45:00.000Z,-1919.87,-1193.06
2026-02-12T14:00:00.000Z,-1929.61,-1193.06
2026-02-12T14:15:00.000Z,-1765.02,-1193.06
2026-02-12T14:30:00.000Z,-1790.76,-1193.13
2026-02-12T14:45:00.000Z,-1940.75,-1193.28
2026-02-12T15:00:00.000Z,-1834.61,-1193.13
2026-02-12T15:15:00.000Z,-1860.94,-1193.03
2026-02-12T15:30:00.000Z,-1979.1,-1193.07
2026-02-12T15:45:00.000Z,-1779.4,-1193.17
2026-02-12T16:00:00.000Z,-1644.26,-1193.09
2026-02-12T16:15:00.000Z,-1717.23,-1193.32
2026-02-12T16:30:00.000Z,-1751.82,-1193.41
2026-02-12T16:45:00.000Z,-1811.51,-1193.25
2026-02-12T17:00:00.000Z,-1951.74,-1193.27
2026-02-12T17:15:00.000Z,-1961.8,-1193.08
2026-02-12T17:30:00.000Z,-1801.48,-1193.09
2026-02-12T17:45:00.000Z,-1768.16,-1193.33
2026-02-12T18:00:00.000Z,-1946.55,-1193.17
2026-02-12T18:15:00.000Z,-1908.19,-1193.41
2026-02-12T18:30:00.000Z,-1925.53,-1193.24
2026-02-12T18:45:00.000Z,-1901.24,-1193.05
2026-02-12T19:00:00.000Z,-1910.39,-1193.29
2026-02-12T19:15:00.000Z,-1877.99,-1193.38
2026-02-12T19:30:00.000Z,-1746.45,-1193.24
2026-02-12T19:45:00.000Z,-1636.71,-1193.54
2026-02-12T20:00:00.000Z,-1761,-1193.41
2026-02-12T20:15:00.000Z,-1796.19,-1193.37
2026-02-12T20:30:00.000Z,-1790.41,-1193.45
2026-02-12T20:45:00.000Z,-1798.02,-1193.61
2026-02-12T21:00:00.000Z,-1819.57,-1193.64
2026-02-12T21:15:00.000Z,-1910.73,-1193.5
2026-02-12T21:30:00.000Z,-1809.14,-1193.45
2026-02-12T21:45:00.000Z,-1788.83,-1193.51
2026-02-12T22:00:00.000Z,-1871.71,-1193.71
2026-02-12T22:15:00.000Z,-1771.57,-1193.74
2026-02-12T22:30:00.000Z,-1744.3,-1193.63
2026-02-12T22:45:00.000Z,-1690.1,-1193.85
2026-02-12T23:00:00.000Z,-1706.72,-1193.9
2026-02-12T23:15:00.000Z,-1755.85,-1193.57
2026-02-12T23:30:00.000Z,-1876.05,-1191.68
2026-02-12T23:45:00.000Z,-1833.72,-1172.3
2026-02-13T00:00:00.000Z,-1864.14,-1191.33
2026-02-13T00:15:00.000Z,-1883.14,-1184.04
2026-02-13T00:30:00.000Z,-1903.89,-1190.78
2026-02-13T00:45:00.000Z,-1937.21,-1193.5
2026-02-13T01:00:00.000Z,-1962.48,-1193.87
2026-02-13T01:15:00.000Z,-1979.29,-1193.67
2026-02-13T01:30:00.000Z,-1947.11,-1193.77
2026-02-13T01:45:00.000Z,-1973.02,-1193.8
2026-02-13T02:00:00.000Z,-1932.88,-1193.89
2026-02-13T02:15:00.000Z,-1875.36,-1193.89
2026-02-13T02:30:00.000Z,-1847.27,-1193.79
2026-02-13T02:45:00.000Z,-1839.94,-1193.68
2026-02-13T03:00:00.000Z,-1784.85,-1193.89
2026-02-13T03:15:00.000Z,-1836.18,-1193.99
2026-02-13T03:30:00.000Z,-1896.23,-1193.76
2026-02-13T03:45:00.000Z,-1930.49,-1193.79
2026-02-13T04:00:00.000Z,-1802.01,-1194.1
2026-02-13T04:15:00.000Z,-1840.47,-1193.83
2026-02-13T04:30:00.000Z,-1889.7,-1193.65
2026-02-13T04:45:00.000Z,-1833.7,-1193.51
2026-02-13T05:00:00.000Z,-1631.27,-1193.7
2026-02-13T05:15:00.000Z,-1685.31,-1193.46
2026-02-13T05:30:00.000Z,-1854.89,-1193.81
2026-02-13T05:45:00.000Z,-1789.5,-1193.7
2026-02-13T06:00:00.000Z,-1717.32,-1193.41
2026-02-13T06:15:00.000Z,-1657.79,-1193.68
2026-02-13T06:30:00.000Z,-1841.92,-1193.32
2026-02-13T06:45:00.000Z,-1976.46,-1193.24
2026-02-13T07:00:00.000Z,-1911.04,-1193.45
2026-02-13T07:15:00.000Z,-1909.99,-1193.33
2026-02-13T07:30:00.000Z,-1916.56,-1193.32
2026-02-13T07:45:00.000Z,-1902.6,-1193.44
2026-02-13T08:00:00.000Z,-1901.91,-1193.37
2026-02-13T08:15:00.000Z,-1763.1,-1193.21
2026-02-13T08:30:00.000Z,-1819.14,-1193.33
2026-02-13T08:45:00.000Z,-1862.94,-1191.2
2026-02-13T09:00:00.000Z,-1786.39,-1163.28
2026-02-13T09:15:00.000Z,-1798.52,-1107.1
2026-02-13T09:30:00.000Z,-1777.8,-1098.99
2026-02-13T09:45:00.000Z,-1778.88,-1050.79
2026-02-13T10:00:00.000Z,-1719.21,-943.22
2026-02-13T10:15:00.000Z,-1739.05,-967.45
2026-02-13T10:30:00.000Z,-1839.5,-930.12
2026-02-13T10:45:00.000Z,-1832.79,-929.16
2026-02-13T11:00:00.000Z,-1894.59,-850.5
2026-02-13T11:15:00.000Z,-1809.32,-855.71
2026-02-13T11:30:00.000Z,-1865.76,-936.43
2026-02-13T11:45:00.000Z,-1912.8,-929.11
2026-02-13T12:00:00.000Z,-1854,-888.04
2026-02-13T12:15:00.000Z,-1776.15,-923.65
2026-02-13T12:30:00.000Z,-1750.44,-911.47
2026-02-13T12:45:00.000Z,-1762.98,-957.19
2026-02-13T13:00:00.000Z,-1867.55,-1071.12
2026-02-13T13:15:00.000Z,-1824.5,-1067.5
2026-02-13T13:30:00.000Z,-1784.25,-1060.94
2026-02-13T13:45:00.000Z,-1761.89,-1055.68
2026-02-13T14:00:00.000Z,-1704.92,-1020.98
2026-02-13T14:15:00.000Z,-1706.82,-1007.67
2026-02-13T14:30:00.000Z,-1792.31,-950.21
2026-02-13T14:45:00.000Z,-1765.53,-994.91
2026-02-13T15:00:00.000Z,-1799.67,-977.76
2026-02-13T15:15:00.000Z,-1841.57,-993.66
2026-02-13T15:30:00.000Z,-1934.14,-1040.24
2026-02-13T15:45:00.000Z,-2042,-1048.75
2026-02-13T16:00:00.000Z,-1830.96,-1166.59
2026-02-13T16:15:00.000Z,-1678.74,-1182.59
2026-02-13T16:30:00.000Z,-1758.21,-1130.17
2026-02-13T16:45:00.000Z,-1749.07,-1177.28
2026-02-13T17:00:00.000Z,-1854.47,-1078.85
2026-02-13T17:15:00.000Z,-1868.75,-1065.51
2026-02-13T17:30:00.000Z,-1791.04,-1054.21
2026-02-13T17:45:00.000Z,-1739.15,-1015.07
2026-02-13T18:00:00.000Z,-1712.32,-986.18
2026-02-13T18:15:00.000Z,-1810.52,-868.74
2026-02-13T18:30:00.000Z,-1734.38,-868.73
2026-02-13T18:45:00.000Z,-1769.95,-905.78
2026-02-13T19:00:00.000Z,-1992.85,-832.39
2026-02-13T19:15:00.000Z,-1855.52,-834.63
2026-02-13T19:30:00.000Z,-1716.77,-876.21
2026-02-13T19:45:00.000Z,-1699.45,-783.82
2026-02-13T20:00:00.000Z,-1634.99,-686.07
2026-02-13T20:15:00.000Z,-1673.78,-618.91
2026-02-13T20:30:00.000Z,-1610.42,-670.79
2026-02-13T20:45:00.000Z,-1565.88,-703.48
2026-02-13T21:00:00.000Z,-1737.01,-761.06
2026-02-13T21:15:00.000Z,-1685.09,-648.03
2026-02-13T21:30:00.000Z,-1561.55,-621.95
2026-02-13T21:45:00.000Z,-1484.57,-634.82
2026-02-13T22:00:00.000Z,-1402.73,-804.75
2026-02-13T22:15:00.000Z,-1438.34,-802.63
2026-02-13T22:30:00.000Z,-1501.92,-823.11
2026-02-13T22:45:00.000Z,-1358.55,-930.16
2026-02-13T23:00:00.000Z,-1400.84,-868.55
2026-02-13T23:15:00.000Z,-1537.57,-734.33
2026-02-13T23:30:00.000Z,-1608.48,-612.7
2026-02-13T23:45:00.000Z,-1572.18,-513.16
2026-02-14T00:00:00.000Z,-1597.34,-445.09
2026-02-14T00:15:00.000Z,-1578.59,-438.37
2026-02-14T00:30:00.000Z,-1593.86,-439.7
2026-02-14T00:45:00.000Z,-1574.91,-459.2
2026-02-14T01:00:00.000Z,-1499.45,-439.78
2026-02-14T01:15:00.000Z,-1413.37,-438.29
2026-02-14T01:30:00.000Z,-1371.26,-438.37
2026-02-14T01:45:00.000Z,-1388.79,-438.4
2026-02-14T02:00:00.000Z,-1475.22,-438.39
2026-02-14T02:15:00.000Z,-1430.07,-438.16
2026-02-14T02:30:00.000Z,-1425.67,-438.54
2026-02-14T02:45:00.000Z,-1415.92,-438.3
2026-02-14T03:00:00.000Z,-1564.14,-438.2
2026-02-14T03:15:00.000Z,-1555.46,-438.25
2026-02-14T03:30:00.000Z,-1504.98,-438.3
2026-02-14T03:45:00.000Z,-1463.37,-438.29
2026-02-14T04:00:00.000Z,-1443.32,-438.19
2026-02-14T04:15:00.000Z,-1509.18,-438.2
2026-02-14T04:30:00.000Z,-1524.56,-438.26
2026-02-14T04:45:00.000Z,-1626.68,-438.3
2026-02-14T05:00:00.000Z,-1606.69,-438.3
2026-02-14T05:15:00.000Z,-1675.28,-438.3
2026-02-14T05:30:00.000Z,-1802.34,-438.12
2026-02-14T05:45:00.000Z,-1738.26,-439.66
2026-02-14T06:00:00.000Z,-1651.14,-464.59
2026-02-14T06:15:00.000Z,-1744.58,-442.88
2026-02-14T06:30:00.000Z,-1692.58,-438.04
2026-02-14T06:45:00.000Z,-1650.98,-442.45
2026-02-14T07:00:00.000Z,-1650.93,-496.34
2026-02-14T07:15:00.000Z,-1557.14,-491.37
2026-02-14T07:30:00.000Z,-1590.7,-485.23
2026-02-14T07:45:00.000Z,-1607.21,-566.75
2026-02-14T08:00:00.000Z,-1491.13,-485.51
2026-02-14T08:15:00.000Z,-1570.93,-477.65
2026-02-14T08:30:00.000Z,-1793.29,-441.57
2026-02-14T08:45:00.000Z,-1882.04,-404.99
2026-02-14T09:00:00.000Z,-1895.82,-288.64
2026-02-14T09:15:00.000Z,-1965.57,-296.16
2026-02-14T09:30:00.000Z,-1941.82,-291.13
2026-02-14T09:45:00.000Z,-1801.81,-307.24
2026-02-14T10:00:00.000Z,-1808.94,-366.01
2026-02-14T10:15:00.000Z,-1896.63,-233.85
2026-02-14T10:30:00.000Z,-1957.76,-209.25
2026-02-14T10:45:00.000Z,-2008.8,-291.85
2026-02-14T11:00:00.000Z,-2060.44,-388.56
2026-02-14T11:15:00.000Z,-1830.75,-586.12
2026-02-14T11:30:00.000Z,-1828.68,-609.55
2026-02-14T11:45:00.000Z,-1848.59,-658.57
2026-02-14T12:00:00.000Z,-1557.84,-1121.36
2026-02-14T12:15:00.000Z,-1572.51,-1136.48
2026-02-14T12:30:00.000Z,-1629.12,-1040.59
2026-02-14T12:45:00.000Z,-1742.63,-1006.06
2026-02-14T13:00:00.000Z,-1886.22,-908.07
2026-02-14T13:15:00.000Z,-1825.15,-885.07
2026-02-14T13:30:00.000Z,-1963.17,-743.88
2026-02-14T13:45:00.000Z,-1957.2,-731.59
2026-02-14T14:00:00.000Z,-1795.1,-677.19
2026-02-14T14:15:00.000Z,-1738.71,-670.5
2026-02-14T14:30:00.000Z,-1539.33,-802.49
2026-02-14T14:45:00.000Z,-1266.82,-930.54
2026-02-14T15:00:00.000Z,-1436.94,-736.86
2026-02-14T15:15:00.000Z,-1665.77,-755.73
2026-02-14T15:30:00.000Z,-1673.29,-730.46
2026-02-14T15:45:00.000Z,-1814.25,-659.36
2026-02-14T16:00:00.000Z,-1715.43,-535.23
2026-02-14T16:15:00.000Z,-1741.61,-472.65
2026-02-14T16:30:00.000Z,-1744.1,-294.78
2026-02-14T16:45:00.000Z,-1697.64,-227.38
2026-02-14T17:00:00.000Z,-1740.98,-230.37
2026-02-14T17:15:00.000Z,-1975.44,-50.47
2026-02-14T17:30:00.000Z,-1771.99,-24.82
2026-02-14T17:45:00.000Z,-1685.98,-94.07
2026-02-14T18:00:00.000Z,-1724.52,-58.96
2026-02-14T18:15:00.000Z,-1664.41,-69.21
2026-02-14T18:30:00.000Z,-1702.98,-117.84
2026-02-14T18:45:00.000Z,-1917.46,-120.08
2026-02-14T19:00:00.000Z,-1682.97,-315
2026-02-14T19:15:00.000Z,-1694.18,-370.45
2026-02-14T19:30:00.000Z,-1934.08,-348.69
2026-02-14T19:45:00.000Z,-1882.5,-354.77
2026-02-14T20:00:00.000Z,-2081.13,-409.28
2026-02-14T20:15:00.000Z,-1944.98,-397.79
2026-02-14T20:30:00.000Z,-1808.08,-437.43
2026-02-14T20:45:00.000Z,-1740.14,-665.74
2026-02-14T21:00:00.000Z,-1714.95,-627.25
2026-02-14T21:15:00.000Z,-1828.34,-624.2
2026-02-14T21:30:00.000Z,-1879.23,-560.62
2026-02-14T21:45:00.000Z,-1818.72,-681.11
2026-02-14T22:00:00.000Z,-1872.54,-614.67
2026-02-14T22:15:00.000Z,-1760.02,-680.98
2026-02-14T22:30:00.000Z,-1787.68,-742.45
2026-02-14T22:45:00.000Z,-1718.46,-761.18
2026-02-14T23:00:00.000Z,-1874.76,-859.82
2026-02-14T23:15:00.000Z,-1824.73,-925.67
2026-02-14T23:30:00.000Z,-1799.07,-975.63
2026-02-14T23:45:00.000Z,-1868.81,-969.27
2026-02-15T00:00:00.000Z,-1818.94,-1041.23
2026-02-15T00:15:00.000Z,-1815.62,-1058.71
2026-02-15T00:30:00.000Z,-1838.71,-1022.65
2026-02-15T00:45:00.000Z,-1902.45,-1021.08
2026-02-15T01:00:00.000Z,-1891.34,-1022.99
2026-02-15T01:15:00.000Z,-1836.92,-1046.47
2026-02-15T01:30:00.000Z,-1834.44,-1051.78
2026-02-15T01:45:00.000Z,-1784.41,-1087.43
2026-02-15T02:00:00.000Z,-1759.73,-1106.5
2026-02-15T02:15:00.000Z,-1873.15,-1099.79
2026-02-15T02:30:00.000Z,-1841.23,-1105.17
2026-02-15T02:45:00.000Z,-1986.09,-1164.83
2026-02-15T03:00:00.000Z,-1900.29,-1183.51
2026-02-15T03:15:00.000Z,-1895.85,-1189.46
2026-02-15T03:30:00.000Z,-1967.34,-1143.46
2026-02-15T03:45:00.000Z,-1893.98,-1176.95
2026-02-15T04:00:00.000Z,-1873.8,-1074.14
2026-02-15T04:15:00.000Z,-1845.63,-1072.56
2026-02-15T04:30:00.000Z,-1939.37,-1101.72
2026-02-15T04:45:00.000Z,-1939.35,-1090.02
2026-02-15T05:00:00.000Z,-1769.5,-1111.85
2026-02-15T05:15:00.000Z,-1828.57,-1115.62
2026-02-15T05:30:00.000Z,-1851.75,-1076.04
2026-02-15T05:45:00.000Z,-1867.46,-1089.49
2026-02-15T06:00:00.000Z,-1818.25,-1024.59
2026-02-15T06:15:00.000Z,-1776.12,-1033.19
2026-02-15T06:30:00.000Z,-1883.33,-976.6
2026-02-15T06:45:00.000Z,-1832.94,-1009.08
2026-02-15T07:00:00.000Z,-1823.84,-931.17
2026-02-15T07:15:00.000Z,-1931.18,-1044.6
2026-02-15T07:30:00.000Z,-1822.77,-1141.09
2026-02-15T07:45:00.000Z,-1806.18,-1149.69
2026-02-15T08:00:00.000Z,-1982.07,-1053.12
2026-02-15T08:15:00.000Z,-2044.6,-1046.65
2026-02-15T08:30:00.000Z,-1961.23,-1176.85
2026-02-15T08:45:00.000Z,-1843.09,-1193.27
2026-02-15T09:00:00.000Z,-1817.09,-1192.98
2026-02-15T09:15:00.000Z,-1845.12,-1193.08
2026-02-15T09:30:00.000Z,-1899.04,-1193.12
2026-02-15T09:45:00.000Z,-1734.97,-1192.17
2026-02-15T10:00:00.000Z,-1681.01,-1190.52
2026-02-15T10:15:00.000Z,-1904.73,-1190.99
2026-02-15T10:30:00.000Z,-2078,-1160.48
2026-02-15T10:45:00.000Z,-2097.78,-1188.8
2026-02-15T11:00:00.000Z,-1852.47,-1193.45
2026-02-15T11:15:00.000Z,-1854.69,-1193.48
2026-02-15T11:30:00.000Z,-1829.39,-1193.45
2026-02-15T11:45:00.000Z,-1688.89,-1193.7
2026-02-15T12:00:00.000Z,-1768.11,-1193.71
2026-02-15T12:15:00.000Z,-1833.08,-1193.53
2026-02-15T12:30:00.000Z,-1723.36,-1193.36
2026-02-15T12:45:00.000Z,-1708.29,-1189.97
2026-02-15T13:00:00.000Z,-1659.82,-1161.01
2026-02-15T13:15:00.000Z,-1864.36,-1156.99
2026-02-15T13:30:00.000Z,-1952.49,-1160.88
2026-02-15T13:45:00.000Z,-1945.15,-1190.22
2026-02-15T14:00:00.000Z,-1850.18,-1193.04
2026-02-15T14:15:00.000Z,-1726.14,-1190.72
2026-02-15T14:30:00.000Z,-1663.91,-1160.72
2026-02-15T14:45:00.000Z,-1639.87,-1157.46
2026-02-15T15:00:00.000Z,-1595.99,-1149.63
2026-02-15T15:15:00.000Z,-1548.43,-1163.2
2026-02-15T15:30:00.000Z,-1506.82,-1137.25
2026-02-15T15:45:00.000Z,-1389.83,-1090.28
2026-02-15T16:00:00.000Z,-1445.39,-1079.37
2026-02-15T16:15:00.000Z,-1517.76,-1064.99
2026-02-15T16:30:00.000Z,-1495.64,-1018.21
2026-02-15T16:45:00.000Z,-1444.35,-1022.27
2026-02-15T17:00:00.000Z,-1367.99,-1018.51
2026-02-15T17:15:00.000Z,-1466.63,-1003.95
2026-02-15T17:30:00.000Z,-1387.9,-986.25
2026-02-15T17:45:00.000Z,-1372.01,-989.06
2026-02-15T18:00:00.000Z,-1455.17,-1095.48
2026-02-15T18:15:00.000Z,-1354.1,-1134.21
2026-02-15T18:30:00.000Z,-1388.03,-1143.8
2026-02-15T18:45:00.000Z,-1346.13,-1141.97
2026-02-15T19:00:00.000Z,-1169.11,-1127.47
2026-02-15T19:15:00.000Z,-1235.84,-1126.14
2026-02-15T19:30:00.000Z,-1261.63,-1127.16
2026-02-15T19:45:00.000Z,-1191.19,-1141.42
2026-02-15T20:00:00.000Z,-1310.01,-1133.13
2026-02-15T20:15:00.000Z,-1465.26,-1127.7
2026-02-15T20:30:00.000Z,-1580.31,-1127.38
2026-02-15T20:45:00.000Z,-1533.95,-1143.88
2026-02-15T21:00:00.000Z,-1646.63,-1129.01
2026-02-15T21:15:00.000Z,-1598.87,-1125.22
2026-02-15T21:30:00.000Z,-1563.12,-1125.34
2026-02-15T21:45:00.000Z,-1506.85,-1125.65
2026-02-15T22:00:00.000Z,-1424.47,-1126.1
2026-02-15T22:15:00.000Z,-1379.54,-1127.69
2026-02-15T22:30:00.000Z,-1282.98,-1144.8
2026-02-15T22:45:00.000Z,-1338.01,-1141.9
2026-02-15T23:00:00.000Z,-1378.65,-1071.07
2026-02-15T23:15:00.000Z,-1351.64,-1086.85
2026-02-15T23:30:00.000Z,-1347.52,-1121.41
2026-02-15T23:45:00.000Z,-1364.4,-1125.49
2026-02-16T00:00:00.000Z,-1405.06,-1125.45
2026-02-16T00:15:00.000Z,-1450.63,-1125.3
2026-02-16T00:30:00.000Z,-1592.37,-1125.33
2026-02-16T00:45:00.000Z,-1592.01,-1124.93
2026-02-16T01:00:00.000Z,-1655.67,-1125.28
2026-02-16T01:15:00.000Z,-1666.39,-1125.4
2026-02-16T01:30:00.000Z,-1844.07,-1125.4
2026-02-16T01:45:00.000Z,-1923.26,-1125.42
2026-02-16T02:00:00.000Z,-1923.66,-1126.67
2026-02-16T02:15:00.000Z,-1941.2,-1143.12
2026-02-16T02:30:00.000Z,-1918.84,-1171.02
2026-02-16T02:45:00.000Z,-1773.11,-1190.91
2026-02-16T03:00:00.000Z,-1668.3,-1193.27
2026-02-16T03:15:00.000Z,-1725.64,-1192.99
2026-02-16T03:30:00.000Z,-1745.94,-1193.12
2026-02-16T03:45:00.000Z,-1851.42,-1193.12
2026-02-16T04:00:00.000Z,-1884.91,-1193.17
2026-02-16T04:15:00.000Z,-1862.44,-1193.2
2026-02-16T04:30:00.000Z,-1933.67,-1193.29
2026-02-16T04:45:00.000Z,-1885.42,-1193.2
2026-02-16T05:00:00.000Z,-1509.43,-1193.2
2026-02-16T05:15:00.000Z,-1416.74,-1193.38
2026-02-16T05:30:00.000Z,-1702.29,-1193.27
2026-02-16T05:45:00.000Z,-1921.65,-1192.13
2026-02-16T06:00:00.000Z,-1901.17,-1187.74
2026-02-16T06:15:00.000Z,-1903.42,-1193.12
2026-02-16T06:30:00.000Z,-1921.16,-1193.2
2026-02-16T06:45:00.000Z,-1861.26,-1193.45
2026-02-16T07:00:00.000Z,-1787.57,-1193.12
2026-02-16T07:15:00.000Z,-1794.88,-1192.88
2026-02-16T07:30:00.000Z,-1842.65,-1193.13
2026-02-16T07:45:00.000Z,-1816,-1189.34
2026-02-16T08:00:00.000Z,-1752.67,-1143.07
2026-02-16T08:15:00.000Z,-1788.03,-1184.11
2026-02-16T08:30:00.000Z,-1743.5,-1193.05
2026-02-16T08:45:00.000Z,-1641.33,-1190.51
2026-02-16T09:00:00.000Z,-1802.53,-1157.66
2026-02-16T09:15:00.000Z,-1975.9,-1128.48
2026-02-16T09:30:00.000Z,-1796.8,-1141.21
2026-02-16T09:45:00.000Z,-1806.18,-1184.86
2026-02-16T10:00:00.000Z,-1885.73,-1193.01
2026-02-16T10:15:00.000Z,-1865.44,-1193.13
2026-02-16T10:30:00.000Z,-1899.42,-1193.1
2026-02-16T10:45:00.000Z,-1909.2,-1193.2
2026-02-16T11:00:00.000Z,-1805.35,-1193.27
2026-02-16T11:15:00.000Z,-1806.81,-1191.67
2026-02-16T11:30:00.000Z,-1936.23,-1185.79
2026-02-16T11:45:00.000Z,-2035.4,-1183.32
2026-02-16T12:00:00.000Z,-1926.66,-1191.89
2026-02-16T12:15:00.000Z,-1958.92,-1193.51
2026-02-16T12:30:00.000Z,-1985.88,-1193.59
2026-02-16T12:45:00.000Z,-1875.6,-1193.37
2026-02-16T13:00:00.000Z,-1782.72,-1193.58
2026-02-16T13:15:00.000Z,-1756.31,-1193.67
2026-02-16T13:30:00.000Z,-1693.64,-1193.48
2026-02-16T13:45:00.000Z,-1804.31,-1193.63
2026-02-16T14:00:00.000Z,-1791.77,-1193.54
2026-02-16T14:15:00.000Z,-1748.07,-1193.58
2026-02-16T14:30:00.000Z,-1896.15,-1193.65
2026-02-16T14:45:00.000Z,-1756.83,-1193.55
2026-02-16T15:00:00.000Z,-1625.62,-1193.36
2026-02-16T15:15:00.000Z,-1789.69,-1190.72
2026-02-16T15:30:00.000Z,-1961.83,-1150.37
2026-02-16T15:45:00.000Z,-2007.44,-1058.26
2026-02-16T16:00:00.000Z,-1718.03,-1168.17
2026-02-16T16:15:00.000Z,-1731.65,-1067.74
2026-02-16T16:30:00.000Z,-1769.24,-863.02
2026-02-16T16:45:00.000Z,-1796.12,-633.06
2026-02-16T17:00:00.000Z,-1893.9,-693.75
2026-02-16T17:15:00.000Z,-2103.93,-677.99
2026-02-16T17:30:00.000Z,-1906.64,-877.09
2026-02-16T17:45:00.000Z,-1755.39,-860.54
2026-02-16T18:00:00.000Z,-1710.79,-785.51
2026-02-16T18:15:00.000Z,-1778.32,-798.29
2026-02-16T18:30:00.000Z,-1944.96,-802.83
2026-02-16T18:45:00.000Z,-1917.53,-811.55
2026-02-16T19:00:00.000Z,-1990.31,-802.29
2026-02-16T19:15:00.000Z,-2145.25,-777.55
2026-02-16T19:30:00.000Z,-1881.2,-720.58
2026-02-16T19:45:00.000Z,-1739.87,-716.81
2026-02-16T20:00:00.000Z,-1802.52,-819.22
2026-02-16T20:15:00.000Z,-1905.17,-865.7
2026-02-16T20:30:00.000Z,-1816.97,-884.94
2026-02-16T20:45:00.000Z,-2106.78,-892.43
2026-02-16T21:00:00.000Z,-2201.05,-962.66
2026-02-16T21:15:00.000Z,-2156.56,-875.26
2026-02-16T21:30:00.000Z,-1978.07,-773.79
2026-02-16T21:45:00.000Z,-1758.59,-676.97
2026-02-16T22:00:00.000Z,-1925.86,-425.94
2026-02-16T22:15:00.000Z,-2099.04,-365.66
2026-02-16T22:30:00.000Z,-2081.51,-377.56
2026-02-16T22:45:00.000Z,-1775.31,-341.73
2026-02-16T23:00:00.000Z,-1740.62,-357.46
2026-02-16T23:15:00.000Z,-1754.48,-356.05
2026-02-16T23:30:00.000Z,-1779.36,-355.45
2026-02-16T23:45:00.000Z,-1705.53,-368.11
2026-02-17T00:00:00.000Z,-1651.33,-521.85
2026-02-17T00:15:00.000Z,-1811.22,-522.49
2026-02-17T00:30:00.000Z,-1830.33,-407.43
2026-02-17T00:45:00.000Z,-1799.41,-363.62
2026-02-17T01:00:00.000Z,-1866.93,-187.18
2026-02-17T01:15:00.000Z,-1837.3,-180.19
2026-02-17T01:30:00.000Z,-1972.23,-157.63
2026-02-17T01:45:00.000Z,-2010.99,-205.16
2026-02-17T02:00:00.000Z,-1898.14,-192.69
2026-02-17T02:15:00.000Z,-1863.37,-225.79
2026-02-17T02:30:00.000Z,-1874.74,-234.61
2026-02-17T02:45:00.000Z,-1795.05,-253.53
2026-02-17T03:00:00.000Z,-1604.13,-372.44
2026-02-17T03:15:00.000Z,-1731.3,-384.45
2026-02-17T03:30:00.000Z,-1808.26,-422.51
2026-02-17T03:45:00.000Z,-1807.48,-424.67
2026-02-17T04:00:00.000Z,-1868,-263.2
2026-02-17T04:15:00.000Z,-1874.55,-274.98
2026-02-17T04:30:00.000Z,-2026.5,-334.63
2026-02-17T04:45:00.000Z,-1772.99,-178.66
2026-02-17T05:00:00.000Z,-1661.81,-194.1
2026-02-17T05:15:00.000Z,-1684.96,-113.1
2026-02-17T05:30:00.000Z,-1735.63,-26.33
2026-02-17T05:45:00.000Z,-1704.89,63.59
2026-02-17T06:00:00.000Z,-1640.85,135.27
2026-02-17T06:15:00.000Z,-1642.12,159.84
2026-02-17T06:30:00.000Z,-1652.13,186.23
2026-02-17T06:45:00.000Z,-1823.14,192.61
2026-02-17T07:00:00.000Z,-1783.64,172.79
2026-02-17T07:15:00.000Z,-1876.76,182.82
2026-02-17T07:30:00.000Z,-1827.5,177.98
2026-02-17T07:45:00.000Z,-1781.7,166.75
2026-02-17T08:00:00.000Z,-1918.14,122.71
2026-02-17T08:15:00.000Z,-1961.59,119.07
2026-02-17T08:30:00.000Z,-1837.06,77.92
2026-02-17T08:45:00.000Z,-1654.08,51.54
2026-02-17T09:00:00.000Z,-1551.66,-32.76
2026-02-17T09:15:00.000Z,-1860.76,-69.81
2026-02-17T09:30:00.000Z,-1795.65,-87.97
2026-02-17T09:45:00.000Z,-1843.01,-158.55
2026-02-17T10:00:00.000Z,-1778.52,-251.64
2026-02-17T10:15:00.000Z,-1740.45,-312.56
2026-02-17T10:30:00.000Z,-1681.69,-376.01
2026-02-17T10:45:00.000Z,-1748.16,-386.94
2026-02-17T11:00:00.000Z,-1902.88,-350.36
2026-02-17T11:15:00.000Z,-1785.98,-378.48
2026-02-17T11:30:00.000Z,-1864.11,-352.37
2026-02-17T11:45:00.000Z,-1691.43,-327.27
2026-02-17T12:00:00.000Z,-1798.26,-209.68
2026-02-17T12:15:00.000Z,-1881.08,-173.99
2026-02-17T12:30:00.000Z,-1916.55,-128.29
2026-02-17T12:45:00.000Z,-1832.58,-100.9
2026-02-17T13:00:00.000Z,-1890.5,-159.19
2026-02-17T13:15:00.000Z,-1796.64,-122.08
2026-02-17T13:30:00.000Z,-1873.61,-103.26
2026-02-17T13:45:00.000Z,-1955.18,7.34
2026-02-17T14:00:00.000Z,-1854.21,-54.35
2026-02-17T14:15:00.000Z,-1842.14,-46.38
2026-02-17T14:30:00.000Z,-1794.19,-23.11
2026-02-17T14:45:00.000Z,-1714.65,11.33
2026-02-17T15:00:00.000Z,-1884.37,96.87
2026-02-17T15:15:00.000Z,-1856.15,139.52
2026-02-17T15:30:00.000Z,-1715.44,175.62
2026-02-17T15:45:00.000Z,-1813.71,208.27
2026-02-17T16:00:00.000Z,-1926.18,323.23
2026-02-17T16:15:00.000Z,-1793.08,359.34
2026-02-17T16:30:00.000Z,-1601.75,371.25
2026-02-17T16:45:00.000Z,-1569.16,379.36
2026-02-17T17:00:00.000Z,-1763.15,363.88
2026-02-17T17:15:00.000Z,-1950.61,346.49
2026-02-17T17:30:00.000Z,-2053.77,332.06
2026-02-17T17:45:00.000Z,-1884.07,312.72
2026-02-17T18:00:00.000Z,-1772.9,306.29
2026-02-17T18:15:00.000Z,-1815.15,293.73
2026-02-17T18:30:00.000Z,-1931.83,292.37
2026-02-17T18:45:00.000Z,-2016.63,270.61
2026-02-17T19:00:00.000Z,-1974.04,247.61
2026-02-17T19:15:00.000Z,-1900.49,252.98
2026-02-17T19:30:00.000Z,-1730.91,227.05
2026-02-17T19:45:00.000Z,-1701.05,175.34
2026-02-17T20:00:00.000Z,-1649.1,143.11
2026-02-17T20:15:00.000Z,-1576.95,70.71
2026-02-17T20:30:00.000Z,-1620.09,61.24
2026-02-17T20:45:00.000Z,-1668.01,158.31
2026-02-17T21:00:00.000Z,-1545.12,64.02
2026-02-17T21:15:00.000Z,-1747.33,237.76
2026-02-17T21:30:00.000Z,-1825.92,304.36
2026-02-17T21:45:00.000Z,-1633.18,357.18
2026-02-17T22:00:00.000Z,-1519.92,390.72
2026-02-17T22:15:00.000Z,-1558.91,435.85
2026-02-17T22:30:00.000Z,-1575.07,483.01
2026-02-17T22:45:00.000Z,-1591.53,530.86
2026-02-17T23:00:00.000Z,-1471.19,370.38
2026-02-17T23:15:00.000Z,-1441.97,465.79
2026-02-17T23:30:00.000Z,-1339.8,499.43
2026-02-17T23:45:00.000Z,-1236.37,544.76
2026-02-18T00:00:00.000Z,-1369.34,655.85
2026-02-18T00:15:00.000Z,-1311.89,689.76
2026-02-18T00:30:00.000Z,-1366.31,701.36
2026-02-18T00:45:00.000Z,-1313.2,719.93
2026-02-18T01:00:00.000Z,-1235.64,702.23
2026-02-18T01:15:00.000Z,-1198.83,739.24
2026-02-18T01:30:00.000Z,-1265.39,762.53
2026-02-18T01:45:00.000Z,-1220.57,819.15
2026-02-18T02:00:00.000Z,-1248.25,874.59
2026-02-18T02:15:00.000Z,-1347.68,921.52
2026-02-18T02:30:00.000Z,-1368.42,936.05
2026-02-18T02:45:00.000Z,-1393.45,905.89
2026-02-18T03:00:00.000Z,-1334.02,846.61
2026-02-18T03:15:00.000Z,-1200.82,795.25
2026-02-18T03:30:00.000Z,-1130.25,755.06
2026-02-18T03:45:00.000Z,-1008.47,721.78
2026-02-18T04:00:00.000Z,-1105.63,802.68
2026-02-18T04:15:00.000Z,-1083.38,726.84
2026-02-18T04:30:00.000Z,-1188.06,657.02
2026-02-18T04:45:00.000Z,-1109.19,587.97
2026-02-18T05:00:00.000Z,-1089.15,714.57
2026-02-18T05:15:00.000Z,-1065.34,729.64
2026-02-18T05:30:00.000Z,-951.19,707.51
2026-02-18T05:45:00.000Z,-1229.86,816.91
2026-02-18T06:00:00.000Z,-1382.83,1087.28
2026-02-18T06:15:00.000Z,-1218.32,1195.64
2026-02-18T06:30:00.000Z,-1183.42,1196.9
2026-02-18T06:45:00.000Z,-1070.62,1196.57
2026-02-18T07:00:00.000Z,-943.29,1189.63
2026-02-18T07:15:00.000Z,-1169.04,1144.66
2026-02-18T07:30:00.000Z,-1284.81,953.7
2026-02-18T07:45:00.000Z,-1319.93,841.51
2026-02-18T08:00:00.000Z,-1188.64,637
2026-02-18T08:15:00.000Z,-1360.46,533.24
2026-02-18T08:30:00.000Z,-1478.48,533.38
2026-02-18T08:45:00.000Z,-1548.16,583.43
2026-02-18T09:00:00.000Z,-1736.72,808.23
2026-02-18T09:15:00.000Z,-1861.31,798.56
2026-02-18T09:30:00.000Z,-1895.46,782.95
2026-02-18T09:45:00.000Z,-1817.37,572.46
2026-02-18T10:00:00.000Z,-1683.56,324.72
2026-02-18T10:15:00.000Z,-1756.4,335.51
2026-02-18T10:30:00.000Z,-1764.59,354.81
2026-02-18T10:45:00.000Z,-1747.73,353.46
2026-02-18T11:00:00.000Z,-1813.76,469.32
2026-02-18T11:15:00.000Z,-1889.2,452.67
2026-02-18T11:30:00.000Z,-1842.88,484.09
2026-02-18T11:45:00.000Z,-1656.22,419.2
2026-02-18T12:00:00.000Z,-1628.69,313.92
2026-02-18T12:15:00.000Z,-1802.64,345.65
2026-02-18T12:30:00.000Z,-1761.92,354.66
2026-02-18T12:45:00.000Z,-1773.68,328.99
2026-02-18T13:00:00.000Z,-1920.48,479.72
2026-02-18T13:15:00.000Z,-1888.63,502.77
2026-02-18T13:30:00.000Z,-1905.57,550.11
2026-02-18T13:45:00.000Z,-1947.82,610.73
2026-02-18T14:00:00.000Z,-1552.72,312.57
2026-02-18T14:15:00.000Z,-1633.18,380.54
2026-02-18T14:30:00.000Z,-1590.81,419.77
2026-02-18T14:45:00.000Z,-1434.16,374.18
2026-02-18T15:00:00.000Z,-1194.86,93.34
2026-02-18T15:15:00.000Z,-1202.13,124.61
2026-02-18T15:30:00.000Z,-1230.75,259.92
2026-02-18T15:45:00.000Z,-1238.01,374.81
2026-02-18T16:00:00.000Z,-1119.18,517.76
2026-02-18T16:15:00.000Z,-1148.14,584.15
2026-02-18T16:30:00.000Z,-1066.17,626.08
2026-02-18T16:45:00.000Z,-930.8,650.69
2026-02-18T17:00:00.000Z,-740.66,620.1
2026-02-18T17:15:00.000Z,-803.95,582.65
2026-02-18T17:30:00.000Z,-811.12,551.46
2026-02-18T17:45:00.000Z,-612.67,503.21
2026-02-18T18:00:00.000Z,-638.63,426.67
2026-02-18T18:15:00.000Z,-692.92,439.78
2026-02-18T18:30:00.000Z,-721.34,382.01
2026-02-18T18:45:00.000Z,-668.67,391.23
2026-02-18T19:00:00.000Z,-402.23,493.09
2026-02-18T19:15:00.000Z,-362.78,696.89
2026-02-18T19:30:00.000Z,-314.26,790.49
2026-02-18T19:45:00.000Z,-532.5,797.71
2026-02-18T20:00:00.000Z,-749.62,793.45
2026-02-18T20:15:00.000Z,-920.27,773.34
2026-02-18T20:30:00.000Z,-997.25,717.69
2026-02-18T20:45:00.000Z,-979.27,534.74
2026-02-18T21:00:00.000Z,-1298.26,672.31
2026-02-18T21:15:00.000Z,-1220.17,530.18
2026-02-18T21:30:00.000Z,-1340.13,650.16
2026-02-18T21:45:00.000Z,-1277.09,650.82
2026-02-18T22:00:00.000Z,-1369.95,464.93
2026-02-18T22:15:00.000Z,-1470.69,472.47
2026-02-18T22:30:00.000Z,-1449.93,480.84
2026-02-18T22:45:00.000Z,-1257.81,331
2026-02-18T23:00:00.000Z,-1027.13,-44.76
2026-02-18T23:15:00.000Z,-1196.96,-118.48
2026-02-18T23:30:00.000Z,-1234.08,-126.33
2026-02-18T23:45:00.000Z,-1252.18,-143.99
2026-02-19T00:00:00.000Z,-1160.51,-284.54
2026-02-19T00:15:00.000Z,-1228.12,-303.73
2026-02-19T00:30:00.000Z,-1255.25,-329.95
2026-02-19T00:45:00.000Z,-1280.61,-398.77
2026-02-19T01:00:00.000Z,-1244.46,-437.86
2026-02-19T01:15:00.000Z,-1273.65,-438.12
2026-02-19T01:30:00.000Z,-1358.93,-438.06
2026-02-19T01:45:00.000Z,-1446.29,-439.6
2026-02-19T02:00:00.000Z,-1519.92,-464.7
2026-02-19T02:15:00.000Z,-1636.2,-483.11
2026-02-19T02:30:00.000Z,-1627.31,-573.89
2026-02-19T02:45:00.000Z,-1656.27,-659.31
2026-02-19T03:00:00.000Z,-1761.47,-701.28
2026-02-19T03:15:00.000Z,-1719,-859.22
2026-02-19T03:30:00.000Z,-1761.41,-965.61
2026-02-19T03:45:00.000Z,-1718.86,-1010.08
2026-02-19T04:00:00.000Z,-1705.68,-1014.6
2026-02-19T04:15:00.000Z,-1719.38,-1131.36
2026-02-19T04:30:00.000Z,-1706.49,-1117.07
2026-02-19T04:45:00.000Z,-1838.06,-1125.83
2026-02-19T05:00:00.000Z,-1849.1,-1059.32
2026-02-19T05:15:00.000Z,-1634,-1020.95
2026-02-19T05:30:00.000Z,-1780.23,-912.66
2026-02-19T05:45:00.000Z,-1840.84,-597
2026-02-19T06:00:00.000Z,-1661.73,-456.11
2026-02-19T06:15:00.000Z,-1639.99,-493.85
2026-02-19T06:30:00.000Z,-1741.93,-449.72
2026-02-19T06:45:00.000Z,-1810.15,-515.77
2026-02-19T07:00:00.000Z,-1867.09,-638.5
2026-02-19T07:15:00.000Z,-1888.17,-621.75
2026-02-19T07:30:00.000Z,-1677.54,-736.76
2026-02-19T07:45:00.000Z,-1563.59,-912.6
2026-02-19T08:00:00.000Z,-1508.57,-1037.87
2026-02-19T08:15:00.000Z,-1660.04,-1059.13
2026-02-19T08:30:00.000Z,-1678.54,-1102.82
2026-02-19T08:45:00.000Z,-1721.19,-1122.31
2026-02-19T09:00:00.000Z,-1681.7,-1182.46
2026-02-19T09:15:00.000Z,-1693.97,-1193.32
2026-02-19T09:30:00.000Z,-1751.97,-1193.34
2026-02-19T09:45:00.000Z,-1804.18,-1193.29
2026-02-19T10:00:00.000Z,-1681.88,-1191.67
2026-02-19T10:15:00.000Z,-1766.07,-1162.45
2026-02-19T10:30:00.000Z,-1809.98,-1116.98
2026-02-19T10:45:00.000Z,-1777.7,-1125.72
2026-02-19T11:00:00.000Z,-1636.5,-1100.69
2026-02-19T11:15:00.000Z,-1751.37,-1067.05
2026-02-19T11:30:00.000Z,-1766.89,-1094.49
2026-02-19T11:45:00.000Z,-1670,-1172.78
2026-02-19T12:00:00.000Z,-1730.24,-1127.86
2026-02-19T12:15:00.000Z,-1756.09,-1139.37
2026-02-19T12:30:00.000Z,-1854.61,-1151.94
2026-02-19T12:45:00.000Z,-1898.51,-1159.57
2026-02-19T13:00:00.000Z,-1891.05,-1190.26
2026-02-19T13:15:00.000Z,-1859.52,-1194.01
2026-02-19T13:30:00.000Z,-1757.47,-1193.97
2026-02-19T13:45:00.000Z,-1864.5,-1192.82
2026-02-19T14:00:00.000Z,-1767.08,-1190.56
2026-02-19T14:15:00.000Z,-1642.08,-1190.28
2026-02-19T14:30:00.000Z,-1652.1,-1139.9
2026-02-19T14:45:00.000Z,-1587.96,-1136.22
2026-02-19T15:00:00.000Z,-1486.78,-1184.22
2026-02-19T15:15:00.000Z,-1477.82,-1163.59
2026-02-19T15:30:00.000Z,-1596.34,-1099.99
2026-02-19T15:45:00.000Z,-1583.85,-963.83
2026-02-19T16:00:00.000Z,-1537.63,-941.73
2026-02-19T16:15:00.000Z,-1492.78,-929.09
2026-02-19T16:30:00.000Z,-1394.53,-822.77
2026-02-19T16:45:00.000Z,-1518.83,-559.88
2026-02-19T17:00:00.000Z,-1587.65,-855.23
2026-02-19T17:15:00.000Z,-1579.19,-967.8
2026-02-19T17:30:00.000Z,-1451.2,-951.08
2026-02-19T17:45:00.000Z,-1567.35,-967.89
2026-02-19T18:00:00.000Z,-1790.42,-1043.86
2026-02-19T18:15:00.000Z,-1780.47,-1115.08
2026-02-19T18:30:00.000Z,-1737.6,-1145.07
2026-02-19T18:45:00.000Z,-1671.65,-1095.94
2026-02-19T19:00:00.000Z,-1684.27,-994.06
2026-02-19T19:15:00.000Z,-1749.83,-1031.04
2026-02-19T19:30:00.000Z,-1737.4,-1093.08
2026-02-19T19:45:00.000Z,-1764.64,-1138.18
2026-02-19T20:00:00.000Z,-1859.56,-1114.54
2026-02-19T20:15:00.000Z,-1923.61,-1135.95
2026-02-19T20:30:00.000Z,-1802.84,-1186.72
2026-02-19T20:45:00.000Z,-1702.41,-1192.91
2026-02-19T21:00:00.000Z,-1701.59,-1193.1
2026-02-19T21:15:00.000Z,-1784.45,-1193.07
2026-02-19T21:30:00.000Z,-1792.9,-1189.96
2026-02-19T21:45:00.000Z,-1874.59,-1154.95
2026-02-19T22:00:00.000Z,-1875.35,-1189.24
2026-02-19T22:15:00.000Z,-1812.5,-1193.18
2026-02-19T22:30:00.000Z,-1810.75,-1191.46
2026-02-19T22:45:00.000Z,-1952.18,-1170.68
2026-02-19T23:00:00.000Z,-1890.77,-1191.48
2026-02-19T23:15:00.000Z,-1798.37,-1193.77
2026-02-19T23:30:00.000Z,-1978.83,-1193.51
2026-02-19T23:45:00.000Z,-1967.59,-1193.44
2026-02-20T00:00:00.000Z,-1947.1,-1193.57
2026-02-20T00:15:00.000Z,-1955.03,-1193.46
2026-02-20T00:30:00.000Z,-1794.06,-1193.66
2026-02-20T00:45:00.000Z,-1710.79,-1193.49
2026-02-20T01:00:00.000Z,-1919.93,-1193.5
2026-02-20T01:15:00.000Z,-1976.44,-1193.5
2026-02-20T01:30:00.000Z,-1782.53,-1193.5
2026-02-20T01:45:00.000Z,-1793.08,-1193.56
2026-02-20T02:00:00.000Z,-1810.12,-1193.41
2026-02-20T02:15:00.000Z,-1847.06,-1193.5
2026-02-20T02:30:00.000Z,-1863.02,-1193.45
2026-02-20T02:45:00.000Z,-1915.12,-1193.52
2026-02-20T03:00:00.000Z,-1898.45,-1193.4
2026-02-20T03:15:00.000Z,-1968.32,-1193.4
2026-02-20T03:30:00.000Z,-1919.06,-1193.4
2026-02-20T03:45:00.000Z,-1939.4,-1193.8
2026-02-20T04:00:00.000Z,-1847.47,-1193.32
2026-02-20T04:15:00.000Z,-1871.73,-1193.19
2026-02-20T04:30:00.000Z,-1894.47,-1193.44
2026-02-20T04:45:00.000Z,-1840.31,-1193.52
2026-02-20T05:00:00.000Z,-1710.18,-1193.54
2026-02-20T05:15:00.000Z,-1692.24,-1193.47
2026-02-20T05:30:00.000Z,-1815.68,-1193.36
2026-02-20T05:45:00.000Z,-1782.4,-1193.51
2026-02-20T06:00:00.000Z,-1883.26,-1191.28
2026-02-20T06:15:00.000Z,-2017.32,-1163.68
2026-02-20T06:30:00.000Z,-2013.25,-1190.48
2026-02-20T06:45:00.000Z,-2059.57,-1193.31
2026-02-20T07:00:00.000Z,-2071.41,-1193.28
2026-02-20T07:15:00.000Z,-1941.52,-1193.28
2026-02-20T07:30:00.000Z,-1831.77,-1193.46
2026-02-20T07:45:00.000Z,-1779.76,-1193.29
2026-02-20T08:00:00.000Z,-1788.01,-1193.3
2026-02-20T08:15:00.000Z,-1649.54,-1193.35
2026-02-20T08:30:00.000Z,-1668,-1193.2
2026-02-20T08:45:00.000Z,-1528.37,-1190.08
2026-02-20T09:00:00.000Z,-1421.18,-1153.45
2026-02-20T09:15:00.000Z,-1462.05,-1149.21
2026-02-20T09:30:00.000Z,-1697.26,-1149.61
2026-02-20T09:45:00.000Z,-1925.16,-1150.06
2026-02-20T10:00:00.000Z,-1815.65,-1149.12
2026-02-20T10:15:00.000Z,-1881.87,-1152.09
2026-02-20T10:30:00.000Z,-1868.19,-1189.45
2026-02-20T10:45:00.000Z,-1781.73,-1192.94
2026-02-20T11:00:00.000Z,-1614.31,-1193.05
2026-02-20T11:15:00.000Z,-1659.75,-1193.1
2026-02-20T11:30:00.000Z,-1748.74,-1192.99
2026-02-20T11:45:00.000Z,-1795.09,-1192.64
2026-02-20T12:00:00.000Z,-1946.21,-1192.88
2026-02-20T12:15:00.000Z,-1946.14,-1192.94
2026-02-20T12:30:00.000Z,-1842.2,-1193.22
2026-02-20T12:45:00.000Z,-1702.79,-1193.21
2026-02-20T13:00:00.000Z,-1853.41,-1193.28
2026-02-20T13:15:00.000Z,-1752.62,-1193.26
2026-02-20T13:30:00.000Z,-1803.16,-1193.05
2026-02-20T13:45:00.000Z,-1742.5,-1192.88
2026-02-20T14:00:00.000Z,-1791.26,-1192.52
2026-02-20T14:15:00.000Z,-1686.01,-1183.75
2026-02-20T14:30:00.000Z,-1616.52,-1188.8
2026-02-20T14:45:00.000Z,-1734,-1165.96
2026-02-20T15:00:00.000Z,-1829.58,-1151.42
2026-02-20T15:15:00.000Z,-1802.06,-1121.51
2026-02-20T15:30:00.000Z,-1574.18,-1139.33
2026-02-20T15:45:00.000Z,-1606.45,-1080.8
2026-02-20T16:00:00.000Z,-1781.31,-1064.56
2026-02-20T16:15:00.000Z,-1861.05,-1062.43
2026-02-20T16:30:00.000Z,-1832.56,-1061.22
2026-02-20T16:45:00.000Z,-1744,-1039.3
2026-02-20T17:00:00.000Z,-1681.92,-960.15
2026-02-20T17:15:00.000Z,-1820.8,-916.57
2026-02-20T17:30:00.000Z,-1868.06,-793.27
2026-02-20T17:45:00.000Z,-1904.58,-713.36
2026-02-20T18:00:00.000Z,-1904.41,-530.26
2026-02-20T18:15:00.000Z,-1935.75,-477.13
2026-02-20T18:30:00.000Z,-2001.71,-410.99
2026-02-20T18:45:00.000Z,-1939.06,-244.77
2026-02-20T19:00:00.000Z,-2075.48,-181.97
2026-02-20T19:15:00.000Z,-2088.64,-188.58
2026-02-20T19:30:00.000Z,-1945.17,-86.52
2026-02-20T19:45:00.000Z,-1955.87,47.09
2026-02-20T20:00:00.000Z,-1795.24,-117.7
2026-02-20T20:15:00.000Z,-1908.46,-162.04
2026-02-20T20:30:00.000Z,-1952.25,-86.28
2026-02-20T20:45:00.000Z,-2003.55,27.16
2026-02-20T21:00:00.000Z,-2038.48,222.9
2026-02-20T21:15:00.000Z,-1959.27,295.57
2026-02-20T21:30:00.000Z,-1910.17,425.32
2026-02-20T21:45:00.000Z,-1890.73,463.18
2026-02-20T22:00:00.000Z,-1985.79,751.17
2026-02-20T22:15:00.000Z,-1987.58,884.94
2026-02-20T22:30:00.000Z,-1820.44,949.93
2026-02-20T22:45:00.000Z,-1566.63,952.79
2026-02-20T23:00:00.000Z,-484.56,512.01
2026-02-20T23:15:00.000Z,-573.48,386.38
2026-02-20T23:30:00.000Z,-424.39,454.66
2026-02-20T23:45:00.000Z,-411.66,704.4
2026-02-21T00:00:00.000Z,-896.2,1157.19
2026-02-21T00:15:00.000Z,-874.87,1197.75
2026-02-21T00:30:00.000Z,-717.45,1197.49
2026-02-21T00:45:00.000Z,-694.37,1197.53
2026-02-21T01:00:00.000Z,-575.18,1197.8
2026-02-21T01:15:00.000Z,-381.13,1197.74
2026-02-21T01:30:00.000Z,-255.31,1197.75
2026-02-21T01:45:00.000Z,-290.35,1197.8
2026-02-21T02:00:00.000Z,-380.5,1197.59
2026-02-21T02:15:00.000Z,-356.4,1197.84
2026-02-21T02:30:00.000Z,-369.55,1197.32
2026-02-21T02:45:00.000Z,-308.36,1197.3
2026-02-21T03:00:00.000Z,-414.12,1197.3
2026-02-21T03:15:00.000Z,-449.5,1197.3
2026-02-21T03:30:00.000Z,-356.78,1197.3
2026-02-21T03:45:00.000Z,-329.89,1197.3
2026-02-21T04:00:00.000Z,-701.91,1197.3
2026-02-21T04:15:00.000Z,-780.33,1197.3
2026-02-21T04:30:00.000Z,-806.25,1197.3
2026-02-21T04:45:00.000Z,-906.18,1182.79
2026-02-21T05:00:00.000Z,-764.19,1064.75
2026-02-21T05:15:00.000Z,-1186.14,1182.57
2026-02-21T05:30:00.000Z,-1148.82,1197.48
2026-02-21T05:45:00.000Z,-1216.4,1191.01
2026-02-21T06:00:00.000Z,-1376.3,1107.38
2026-02-21T06:15:00.000Z,-1504.64,1090.15
2026-02-21T06:30:00.000Z,-1697.58,1071.12
2026-02-21T06:45:00.000Z,-1794.37,1058.73
2026-02-21T07:00:00.000Z,-1803.08,1045.64
2026-02-21T07:15:00.000Z,-1767.87,997.51
2026-02-21T07:30:00.000Z,-1804.78,963.1
2026-02-21T07:45:00.000Z,-1732.07,1090.43
2026-02-21T08:00:00.000Z,-1666.46,1180.69
2026-02-21T08:15:00.000Z,-1589.19,1096.35
2026-02-21T08:30:00.000Z,-1638.49,1021.7
2026-02-21T08:45:00.000Z,-1516.18,1080.83
2026-02-21T09:00:00.000Z,-1578.29,1032.35
2026-02-21T09:15:00.000Z,-1504.72,764.67
2026-02-21T09:30:00.000Z,-1607.94,720.51
2026-02-21T09:45:00.000Z,-1649.34,781.66
2026-02-21T10:00:00.000Z,-1721.74,536.78
2026-02-21T10:15:00.000Z,-1606.5,330.1
2026-02-21T10:30:00.000Z,-1631.83,580.22
2026-02-21T10:45:00.000Z,-1549.29,571.02
2026-02-21T11:00:00.000Z,-1766.41,903.77
2026-02-21T11:15:00.000Z,-1750.3,1099.72
2026-02-21T11:30:00.000Z,-1760.43,1161.76
2026-02-21T11:45:00.000Z,-1653.56,1063.75
2026-02-21T12:00:00.000Z,-1873.01,1158.29
2026-02-21T12:15:00.000Z,-1665.07,898.28
2026-02-21T12:30:00.000Z,-1728.73,953.65
2026-02-21T12:45:00.000Z,-1532.91,741.28
2026-02-21T13:00:00.000Z,-1459.12,548.25
2026-02-21T13:15:00.000Z,-1782.68,598.77
2026-02-21T13:30:00.000Z,-2062.12,521.21
2026-02-21T13:45:00.000Z,-2034.48,329.9
2026-02-21T14:00:00.000Z,-1911.38,2.5
2026-02-21T14:15:00.000Z,-1847.33,-121.6
2026-02-21T14:30:00.000Z,-1846.73,-243.45
2026-02-21T14:45:00.000Z,-1686.67,-397.45
2026-02-21T15:00:00.000Z,-1384.7,-896.04
2026-02-21T15:15:00.000Z,-1710.66,-927.99
2026-02-21T15:30:00.000Z,-1867.2,-815.53
2026-02-21T15:45:00.000Z,-1760.65,-838.33
2026-02-21T16:00:00.000Z,-1790.56,-1006
2026-02-21T16:15:00.000Z,-1790.15,-983.23
2026-02-21T16:30:00.000Z,-1721.73,-1048.41
2026-02-21T16:45:00.000Z,-1760.06,-1032.54
2026-02-21T17:00:00.000Z,-1796.24,-1095.7
2026-02-21T17:15:00.000Z,-1788.32,-1097.8
2026-02-21T17:30:00.000Z,-1839.4,-1120.03
2026-02-21T17:45:00.000Z,-1811.62,-1142.23
2026-02-21T18:00:00.000Z,-1720.16,-1187.12
2026-02-21T18:15:00.000Z,-1702.98,-1191.87
2026-02-21T18:30:00.000Z,-1784.85,-1178
2026-02-21T18:45:00.000Z,-1848.39,-1191.21
2026-02-21T19:00:00.000Z,-1829.17,-1193.13
2026-02-21T19:15:00.000Z,-1743.51,-1192.9
2026-02-21T19:30:00.000Z,-1676.22,-1193.27
2026-02-21T19:45:00.000Z,-1808.03,-1193.4
2026-02-21T20:00:00.000Z,-2024.15,-1192.92
2026-02-21T20:15:00.000Z,-2091.92,-1192.69
2026-02-21T20:30:00.000Z,-1961.39,-1193.42
2026-02-21T20:45:00.000Z,-1920.15,-1193.23
2026-02-21T21:00:00.000Z,-2001.67,-1193.42
2026-02-21T21:15:00.000Z,-1951,-1193.47
2026-02-21T21:30:00.000Z,-1823.32,-1193.42
2026-02-21T21:45:00.000Z,-1743.74,-1193.51
2026-02-21T22:00:00.000Z,-1756.98,-1193.5
2026-02-21T22:15:00.000Z,-1894.92,-1193.37
2026-02-21T22:30:00.000Z,-1765.91,-1193.26
2026-02-21T22:45:00.000Z,-1881.07,-1192.98
2026-02-21T23:00:00.000Z,-1904.13,-1191.33
2026-02-21T23:15:00.000Z,-1855.82,-1193.39
2026-02-21T23:30:00.000Z,-1918.48,-1193.37
2026-02-21T23:45:00.000Z,-1701.96,-1192.07
2026-02-22T00:00:00.000Z,-1798.98,-1160.14
2026-02-22T00:15:00.000Z,-1961.56,-988.04
2026-02-22T00:30:00.000Z,-1867,-976.36
2026-02-22T00:45:00.000Z,-1675.99,-990.21
2026-02-22T01:00:00.000Z,-1712.77,-936.68
2026-02-22T01:15:00.000Z,-1778.55,-755.26
2026-02-22T01:30:00.000Z,-1811.72,-790.78
2026-02-22T01:45:00.000Z,-1867.7,-768.39
2026-02-22T02:00:00.000Z,-1950.14,-634.22
2026-02-22T02:15:00.000Z,-2098.32,-397.18
2026-02-22T02:30:00.000Z,-1993.87,-274.22
2026-02-22T02:45:00.000Z,-2013.18,-255.61
2026-02-22T03:00:00.000Z,-2035.71,-179.09
2026-02-22T03:15:00.000Z,-1932.11,-111.3
2026-02-22T03:30:00.000Z,-1991.32,0.6
2026-02-22T03:45:00.000Z,-1971.62,-38.24
2026-02-22T04:00:00.000Z,-1636.6,-207.8
2026-02-22T04:15:00.000Z,-1639.16,-229.83
2026-02-22T04:30:00.000Z,-1675.67,-294.96
2026-02-22T04:45:00.000Z,-1681.52,-301.47
2026-02-22T05:00:00.000Z,-1636.61,-329.76
2026-02-22T05:15:00.000Z,-1740.22,-282.15
2026-02-22T05:30:00.000Z,-1755.71,-225.55
2026-02-22T05:45:00.000Z,-1836.9,-251.61
2026-02-22T06:00:00.000Z,-1883.94,-296.34
2026-02-22T06:15:00.000Z,-1950.13,-250.38
2026-02-22T06:30:00.000Z,-2036.66,-293.22
2026-02-22T06:45:00.000Z,-1926.55,-235.79
2026-02-22T07:00:00.000Z,-1939.06,-143.82
2026-02-22T07:15:00.000Z,-1887.72,-132.3
2026-02-22T07:30:00.000Z,-1746.28,-139.17
2026-02-22T07:45:00.000Z,-1750.23,-168.85
2026-02-22T08:00:00.000Z,-1914.47,-308.28
2026-02-22T08:15:00.000Z,-2085.52,-411.21
2026-02-22T08:30:00.000Z,-2032.37,-449.73
2026-02-22T08:45:00.000Z,-1788.09,-622.65
2026-02-22T09:00:00.000Z,-1713.51,-652.93
2026-02-22T09:15:00.000Z,-1862.91,-736.13
2026-02-22T09:30:00.000Z,-1734.69,-792.36
2026-02-22T09:45:00.000Z,-1571.98,-1011.91
2026-02-22T10:00:00.000Z,-1777.9,-1072.56
2026-02-22T10:15:00.000Z,-1914.64,-1097.63
2026-02-22T10:30:00.000Z,-1921.56,-1086.69
2026-02-22T10:45:00.000Z,-1790.48,-1071.42
2026-02-22T11:00:00.000Z,-1964.94,-910.32
2026-02-22T11:15:00.000Z,-1950.23,-866.18
2026-02-22T11:30:00.000Z,-1682.06,-726.12
2026-02-22T11:45:00.000Z,-1176.25,-958.86
2026-02-22T12:00:00.000Z,-1594.04,-632.6
2026-02-22T12:15:00.000Z,-1653.64,-631.32
2026-02-22T12:30:00.000Z,-1517.09,-885.07
2026-02-22T12:45:00.000Z,-1422.32,-1048.71
2026-02-22T13:00:00.000Z,-1624.5,-898.32
2026-02-22T13:15:00.000Z,-1583.33,-821.2
2026-02-22T13:30:00.000Z,-1539.23,-772.01
2026-02-22T13:45:00.000Z,-1585.84,-734.18
2026-02-22T14:00:00.000Z,-1395.28,-853.11
2026-02-22T14:15:00.000Z,-1296.99,-837.06
2026-02-22T14:30:00.000Z,-1348.07,-671.67
2026-02-22T14:45:00.000Z,-1461.76,-438.73
2026-02-22T15:00:00.000Z,-1480.66,-327.07
2026-02-22T15:15:00.000Z,-1368.22,-366.02
2026-02-22T15:30:00.000Z,-1365.72,-397.7
2026-02-22T15:45:00.000Z,-1374.92,-385.06
2026-02-22T16:00:00.000Z,-1380.16,-332.3
2026-02-22T16:15:00.000Z,-1242.14,-278.99
2026-02-22T16:30:00.000Z,-1301.12,-266.12
2026-02-22T16:45:00.000Z,-1377.44,-139.84
2026-02-22T17:00:00.000Z,-1657.14,386.6
2026-02-22T17:15:00.000Z,-1565.47,412.93
2026-02-22T17:30:00.000Z,-1583.54,426.43
2026-02-22T17:45:00.000Z,-1650.08,493.31
2026-02-22T18:00:00.000Z,-1604.79,438.37
2026-02-22T18:15:00.000Z,-1647.52,393.6
2026-02-22T18:30:00.000Z,-1617.07,417.6
2026-02-22T18:45:00.000Z,-1482.36,352.56
2026-02-22T19:00:00.000Z,-1397.61,42.59
2026-02-22T19:15:00.000Z,-1511.45,2.94
2026-02-22T19:30:00.000Z,-1537.59,-50.55
2026-02-22T19:45:00.000Z,-1573.21,-40.74
2026-02-22T20:00:00.000Z,-1771.61,-355.77
2026-02-22T20:15:00.000Z,-1999.93,-443.28
2026-02-22T20:30:00.000Z,-1857.72,-552.24
2026-02-22T20:45:00.000Z,-1883.16,-755.66
2026-02-22T21:00:00.000Z,-1886.06,-908.08
2026-02-22T21:15:00.000Z,-1763.36,-976.13
2026-02-22T21:30:00.000Z,-1780.7,-1068.9
2026-02-22T21:45:00.000Z,-1866.42,-1114.37
2026-02-22T22:00:00.000Z,-1869.44,-1184.03
2026-02-22T22:15:00.000Z,-1835.91,-1193.2
2026-02-22T22:30:00.000Z,-1753.24,-1191.25
2026-02-22T22:45:00.000Z,-1756.54,-1165.53
2026-02-22T23:00:00.000Z,-1614.67,-1156.69
2026-02-22T23:15:00.000Z,-1572.43,-1143.06
2026-02-22T23:30:00.000Z,-1650.92,-1063.53
2026-02-22T23:45:00.000Z,-1683.16,-1057.14
2026-02-23T00:00:00.000Z,-1698.93,-1057
2026-02-23T00:15:00.000Z,-1680.18,-1048.96
2026-02-23T00:30:00.000Z,-1676.95,-1031.13
2026-02-23T00:45:00.000Z,-1734.26,-1030.4
2026-02-23T01:00:00.000Z,-1743.09,-1040.57
2026-02-23T01:15:00.000Z,-1760.22,-994.67
2026-02-23T01:30:00.000Z,-1737.06,-1043.95
2026-02-23T01:45:00.000Z,-1701.37,-1088.34
2026-02-23T02:00:00.000Z,-1795.23,-1042.28
2026-02-23T02:15:00.000Z,-1777.44,-1085.69
2026-02-23T02:30:00.000Z,-1791.85,-1084.56
2026-02-23T02:45:00.000Z,-1727.15,-1107.03
2026-02-23T03:00:00.000Z,-1822.93,-1081.77
2026-02-23T03:15:00.000Z,-1801.35,-1116.88
2026-02-23T03:30:00.000Z,-1804.67,-1088.5
2026-02-23T03:45:00.000Z,-1885.03,-1092.23
2026-02-23T04:00:00.000Z,-1888.74,-1177.25
2026-02-23T04:15:00.000Z,-1965.76,-1192.98
2026-02-23T04:30:00.000Z,-1976.59,-1193.21
2026-02-23T04:45:00.000Z,-1936.62,-1192.99
2026-02-23T05:00:00.000Z,-1812.16,-1193.1
2026-02-23T05:15:00.000Z,-1766.66,-1193.1
2026-02-23T05:30:00.000Z,-1805.01,-1191.16
2026-02-23T05:45:00.000Z,-1797.92,-1188.56
2026-02-23T06:00:00.000Z,-1799.67,-1190.1
2026-02-23T06:15:00.000Z,-1765.8,-1153.29
2026-02-23T06:30:00.000Z,-1768.6,-1178.61
2026-02-23T06:45:00.000Z,-1863.76,-1185.79
2026-02-23T07:00:00.000Z,-1872.73,-1161.4
2026-02-23T07:15:00.000Z,-1844.41,-1182.58
2026-02-23T07:30:00.000Z,-1856.86,-1179.53
2026-02-23T07:45:00.000Z,-1747.31,-1175.85
2026-02-23T08:00:00.000Z,-1760.68,-1169.89
2026-02-23T08:15:00.000Z,-1698.96,-1087.07
2026-02-23T08:30:00.000Z,-1799.13,-1002.7
2026-02-23T08:45:00.000Z,-1804.59,-1011.25
2026-02-23T09:00:00.000Z,-1729.13,-1072.83
2026-02-23T09:15:00.000Z,-1782.02,-1026.61
2026-02-23T09:30:00.000Z,-1770.58,-1044.31
2026-02-23T09:45:00.000Z,-1733.87,-1035.24
2026-02-23T10:00:00.000Z,-1759.81,-1032.67
2026-02-23T10:15:00.000Z,-1813.62,-996.32
2026-02-23T10:30:00.000Z,-1827.6,-971.39
2026-02-23T10:45:00.000Z,-1831.21,-973
2026-02-23T11:00:00.000Z,-1762.31,-937.4
2026-02-23T11:15:00.000Z,-1661.23,-952.1
2026-02-23T11:30:00.000Z,-1772.1,-909.65
2026-02-23T11:45:00.000Z,-1820.51,-876.17
2026-02-23T12:00:00.000Z,-2002.75,-869.78
2026-02-23T12:15:00.000Z,-1974.39,-916.91
2026-02-23T12:30:00.000Z,-1951.76,-963.71
2026-02-23T12:45:00.000Z,-1873.55,-970.22
2026-02-23T13:00:00.000Z,-1790.02,-1094.07
2026-02-23T13:15:00.000Z,-1749.95,-1022.99
2026-02-23T13:30:00.000Z,-1654.41,-978.46
2026-02-23T13:45:00.000Z,-1667.68,-911.26
2026-02-23T14:00:00.000Z,-1760.07,-787.87
2026-02-23T14:15:00.000Z,-1740.54,-805.35
2026-02-23T14:30:00.000Z,-1723.73,-773.23
2026-02-23T14:45:00.000Z,-1622.65,-799.3
2026-02-23T15:00:00.000Z,-1922.43,-619.43
2026-02-23T15:15:00.000Z,-1821.13,-651.17
2026-02-23T15:30:00.000Z,-1831.36,-730.44
2026-02-23T15:45:00.000Z,-1677.58,-582.04
2026-02-23T16:00:00.000Z,-1773.27,-688.87
2026-02-23T16:15:00.000Z,-1660.77,-660.95
2026-02-23T16:30:00.000Z,-1680.07,-625.09
2026-02-23T16:45:00.000Z,-1802.17,-537.22
2026-02-23T17:00:00.000Z,-1657.62,-661.71
2026-02-23T17:15:00.000Z,-1733.49,-690.49
2026-02-23T17:30:00.000Z,-1871.98,-704.52
2026-02-23T17:45:00.000Z,-1776.79,-792.26
2026-02-23T18:00:00.000Z,-1817.43,-732.21
2026-02-23T18:15:00.000Z,-1877.06,-848.91
2026-02-23T18:30:00.000Z,-1819.39,-894.4
2026-02-23T18:45:00.000Z,-1900,-762.48
2026-02-23T19:00:00.000Z,-1923.31,-780.91
2026-02-23T19:15:00.000Z,-1829.12,-784.31
2026-02-23T19:30:00.000Z,-1831.88,-785.11
2026-02-23T19:45:00.000Z,-1807.1,-761.06
2026-02-23T20:00:00.000Z,-1794.65,-879.52
2026-02-23T20:15:00.000Z,-1858.78,-858.07
2026-02-23T20:30:00.000Z,-1880.9,-867.75
2026-02-23T20:45:00.000Z,-1831.07,-901.47
2026-02-23T21:00:00.000Z,-1659.43,-1079.59
2026-02-23T21:15:00.000Z,-1680.64,-1078.41
2026-02-23T21:30:00.000Z,-1776.47,-994.52
2026-02-23T21:45:00.000Z,-1687.8,-1063.1
2026-02-23T22:00:00.000Z,-1740.97,-1044.13
2026-02-23T22:15:00.000Z,-1759.03,-1015.86
2026-02-23T22:30:00.000Z,-1726.21,-1025.19
2026-02-23T22:45:00.000Z,-1812.05,-1029.08
2026-02-23T23:00:00.000Z,-1733.76,-1081.35
2026-02-23T23:15:00.000Z,-1766.05,-1106.8
2026-02-23T23:30:00.000Z,-1749.47,-1158.25
2026-02-23T23:45:00.000Z,-1855.91,-1148.02
2026-02-24T00:00:00.000Z,-1828.56,-1132.18
2026-02-24T00:15:00.000Z,-1903.76,-1135.29
2026-02-24T00:30:00.000Z,-1770.24,-1185.5
2026-02-24T00:45:00.000Z,-1811.33,-1192.88
2026-02-24T01:00:00.000Z,-1785.74,-1191.9
2026-02-24T01:15:00.000Z,-1830.63,-1187.61
2026-02-24T01:30:00.000Z,-1906.12,-1182.06
2026-02-24T01:45:00.000Z,-1878.4,-1170.07
2026-02-24T02:00:00.000Z,-1838.06,-1189.61
2026-02-24T02:15:00.000Z,-1905.16,-1189.13
2026-02-24T02:30:00.000Z,-1980.49,-1192.86
2026-02-24T02:45:00.000Z,-1919.07,-1192.97
2026-02-24T03:00:00.000Z,-1837.37,-1192.82
2026-02-24T03:15:00.000Z,-1762.65,-1192.88
2026-02-24T03:30:00.000Z,-1829,-1192.92
2026-02-24T03:45:00.000Z,-1832.14,-1192.73
2026-02-24T04:00:00.000Z,-1678.24,-1193.06
2026-02-24T04:15:00.000Z,-1651.5,-1192.77
2026-02-24T04:30:00.000Z,-1777.59,-1192.64
2026-02-24T04:45:00.000Z,-1653.65,-1192.75
2026-02-24T05:00:00.000Z,-1755.13,-1189.51
2026-02-24T05:15:00.000Z,-1651.01,-1155.52
2026-02-24T05:30:00.000Z,-1494.64,-1188.75
2026-02-24T05:45:00.000Z,-1552.42,-1172.04
2026-02-24T06:00:00.000Z,-1923.73,-901.33
2026-02-24T06:15:00.000Z,-2044.52,-772.5
2026-02-24T06:30:00.000Z,-1841.02,-784.89
2026-02-24T06:45:00.000Z,-1857.87,-868.95
2026-02-24T07:00:00.000Z,-1844.39,-769.06
2026-02-24T07:15:00.000Z,-1945.01,-670.65
2026-02-24T07:30:00.000Z,-2003.49,-686.19
2026-02-24T07:45:00.000Z,-1936.12,-709.34
2026-02-24T08:00:00.000Z,-1961.66,-651.56
2026-02-24T08:15:00.000Z,-1980.09,-631.05
2026-02-24T08:30:00.000Z,-1932.56,-779.06
2026-02-24T08:45:00.000Z,-1921.76,-756.6
2026-02-24T09:00:00.000Z,-1899.68,-936.55
2026-02-24T09:15:00.000Z,-1851.13,-1029.6
2026-02-24T09:30:00.000Z,-1835.29,-1023.52
2026-02-24T09:45:00.000Z,-1789.05,-1021.79
2026-02-24T10:00:00.000Z,-1969.49,-1027.27
2026-02-24T10:15:00.000Z,-1957.1,-1012.12
2026-02-24T10:30:00.000Z,-1911.73,-1109.72
2026-02-24T10:45:00.000Z,-1806.82,-1117.33
2026-02-24T11:00:00.000Z,-1774.64,-1148.55
2026-02-24T11:15:00.000Z,-1778.44,-1127.69
2026-02-24T11:30:00.000Z,-1784.75,-1062.77
2026-02-24T11:45:00.000Z,-1630.94,-1101.02
2026-02-24T12:00:00.000Z,-1519.17,-1104.68
2026-02-24T12:15:00.000Z,-1549.73,-1072.44
2026-02-24T12:30:00.000Z,-1639.42,-1047.3
2026-02-24T12:45:00.000Z,-1683.86,-961.05
2026-02-24T13:00:00.000Z,-1662.62,-915.37
2026-02-24T13:15:00.000Z,-1579.91,-921.03
2026-02-24T13:30:00.000Z,-1612.55,-927.81
2026-02-24T13:45:00.000Z,-1697.79,-909.88
2026-02-24T14:00:00.000Z,-1618.21,-1057.11
2026-02-24T14:15:00.000Z,-1608.94,-1020.29
2026-02-24T14:30:00.000Z,-1556.15,-1092.92
2026-02-24T14:45:00.000Z,-1475.44,-1183.6
2026-02-24T15:00:00.000Z,-1478.56,-1193.12
2026-02-24T15:15:00.000Z,-1396.56,-1186.86
2026-02-24T15:30:00.000Z,-1388.77,-1095.89
2026-02-24T15:45:00.000Z,-1373.52,-913.12
2026-02-24T16:00:00.000Z,-1506.81,-453.33
2026-02-24T16:15:00.000Z,-1596.14,-291.62
2026-02-24T16:30:00.000Z,-1635.87,-250.81
2026-02-24T16:45:00.000Z,-1676.25,-167.11
2026-02-24T17:00:00.000Z,-1762.97,-202.93
2026-02-24T17:15:00.000Z,-1755.12,-205.17
2026-02-24T17:30:00.000Z,-1719.76,-230.88
2026-02-24T17:45:00.000Z,-1701.95,-315.04
2026-02-24T18:00:00.000Z,-1605.74,-511.5
2026-02-24T18:15:00.000Z,-1541.93,-597.93
2026-02-24T18:30:00.000Z,-1570.71,-597.26
2026-02-24T18:45:00.000Z,-1441.89,-675.38
2026-02-24T19:00:00.000Z,-1389.79,-939.05
2026-02-24T19:15:00.000Z,-1355.95,-952.14
2026-02-24T19:30:00.000Z,-1330.17,-961.72
2026-02-24T19:45:00.000Z,-1287.91,-955.98
2026-02-24T20:00:00.000Z,-1302.36,-1167.14
2026-02-24T20:15:00.000Z,-1412.69,-1192.78
2026-02-24T20:30:00.000Z,-1424.16,-1178.32
2026-02-24T20:45:00.000Z,-1538.3,-1003.68
2026-02-24T21:00:00.000Z,-1346.13,-1168.58
2026-02-24T21:15:00.000Z,-1297.05,-1185.95
2026-02-24T21:30:00.000Z,-1429.46,-1093.92
2026-02-24T21:45:00.000Z,-1510.59,-1062.43
2026-02-24T22:00:00.000Z,-1370.5,-1069.25
2026-02-24T22:15:00.000Z,-1310.37,-1077.93
2026-02-24T22:30:00.000Z,-1421.12,-1045.05
2026-02-24T22:45:00.000Z,-1494.2,-1043.35
2026-02-24T23:00:00.000Z,-1357.7,-1080.59
2026-02-24T23:15:00.000Z,-1427.71,-1075.71
2026-02-24T23:30:00.000Z,-1663.23,-998.49
2026-02-24T23:45:00.000Z,-1666.1,-1074.53
2026-02-25T00:00:00.000Z,-1654.01,-1151.21
2026-02-25T00:15:00.000Z,-1677.42,-1153.38
2026-02-25T00:30:00.000Z,-1611.28,-1189.13
2026-02-25T00:45:00.000Z,-1557.27,-1193.16
2026-02-25T01:00:00.000Z,-1587.05,-1193.54
2026-02-25T01:15:00.000Z,-1548.54,-1193.42
2026-02-25T01:30:00.000Z,-1594.96,-1193.41
2026-02-25T01:45:00.000Z,-1538.49,-1193.22
2026-02-25T02:00:00.000Z,-1621.33,-1193.37
2026-02-25T02:15:00.000Z,-1750.26,-1193.14
2026-02-25T02:30:00.000Z,-1688.36,-1193.31
2026-02-25T02:45:00.000Z,-1660.67,-1193.28
2026-02-25T03:00:00.000Z,-1594.78,-1193.6
2026-02-25T03:15:00.000Z,-1581.23,-1193.12
2026-02-25T03:30:00.000Z,-1672.77,-1193.03
2026-02-25T03:45:00.000Z,-1665.79,-1193.39
2026-02-25T04:00:00.000Z,-1624.12,-1193.3
2026-02-25T04:15:00.000Z,-1651.18,-1194.07
2026-02-25T04:30:00.000Z,-1720.13,-1193.97
2026-02-25T04:45:00.000Z,-1804.53,-1191.07
2026-02-25T05:00:00.000Z,-1661.37,-1164.1
2026-02-25T05:15:00.000Z,-1617.4,-1188.15
2026-02-25T05:30:00.000Z,-1710.38,-1164.71
2026-02-25T05:45:00.000Z,-1784.05,-1187
2026-02-25T06:00:00.000Z,-1942.68,-1146.04
2026-02-25T06:15:00.000Z,-1979.02,-1173.4
2026-02-25T06:30:00.000Z,-1908.56,-1164.63
2026-02-25T06:45:00.000Z,-1874.33,-1134.36
2026-02-25T07:00:00.000Z,-1958.15,-972.76
2026-02-25T07:15:00.000Z,-1904.29,-1010.51
2026-02-25T07:30:00.000Z,-1915.55,-1008.04
2026-02-25T07:45:00.000Z,-1846.22,-1062.13
2026-02-25T08:00:00.000Z,-1797.7,-1078.75
2026-02-25T08:15:00.000Z,-1851.5,-1016.46
2026-02-25T08:30:00.000Z,-1729.02,-1065.4
2026-02-25T08:45:00.000Z,-1697.64,-958.02
2026-02-25T09:00:00.000Z,-1694.7,-947.29
2026-02-25T09:15:00.000Z,-1731.99,-913.69
2026-02-25T09:30:00.000Z,-1809.48,-900.01
2026-02-25T09:45:00.000Z,-1862.63,-842.49
2026-02-25T10:00:00.000Z,-1932.98,-851.04
2026-02-25T10:15:00.000Z,-1877.93,-891.24
2026-02-25T10:30:00.000Z,-1836.85,-1146.74
2026-02-25T10:45:00.000Z,-2040.7,-1143.93
2026-02-25T11:00:00.000Z,-1995.21,-1158.08
2026-02-25T11:15:00.000Z,-1952.35,-1190.28
2026-02-25T11:30:00.000Z,-1807.97,-1191.76
2026-02-25T11:45:00.000Z,-1738.12,-1170.32
2026-02-25T12:00:00.000Z,-1630.78,-1191.16
2026-02-25T12:15:00.000Z,-1673.6,-1191.95
2026-02-25T12:30:00.000Z,-1754.48,-1185.88
2026-02-25T12:45:00.000Z,-1785.72,-1193.34
2026-02-25T13:00:00.000Z,-1662.92,-1193.26
2026-02-25T13:15:00.000Z,-1525.64,-1193.13
2026-02-25T13:30:00.000Z,-1512.03,-1183.09
2026-02-25T13:45:00.000Z,-1626.84,-1059.59
2026-02-25T14:00:00.000Z,-1503.74,-1115.4
2026-02-25T14:15:00.000Z,-1397.09,-1101.86
2026-02-25T14:30:00.000Z,-1231.71,-1101.29
2026-02-25T14:45:00.000Z,-1037.97,-1104.33
2026-02-25T15:00:00.000Z,-989.97,-1135.23
2026-02-25T15:15:00.000Z,-1308.06,-1179.11
2026-02-25T15:30:00.000Z,-1475.71,-1165.01
2026-02-25T15:45:00.000Z,-1516.25,-1141.05
2026-02-25T16:00:00.000Z,-1567.03,-1005.24
2026-02-25T16:15:00.000Z,-1418.57,-972.37
2026-02-25T16:30:00.000Z,-1208.43,-978.62
2026-02-25T16:45:00.000Z,-1200.87,-982.56
2026-02-25T17:00:00.000Z,-1115.28,-1014.84
2026-02-25T17:15:00.000Z,-1036.55,-1040.74
2026-02-25T17:30:00.000Z,-953.87,-1063.42
2026-02-25T17:45:00.000Z,-830.24,-1099.1
2026-02-25T18:00:00.000Z,-521.77,-1132.87
2026-02-25T18:15:00.000Z,-502.21,-1186.46
2026-02-25T18:30:00.000Z,-230.5,-1192.66
2026-02-25T18:45:00.000Z,-194.97,-1181.83
2026-02-25T19:00:00.000Z,-470.37,-986.76
2026-02-25T19:15:00.000Z,-605.09,-388.82
2026-02-25T19:30:00.000Z,-1008.95,196.85
2026-02-25T19:45:00.000Z,-1194.49,718.95
2026-02-25T20:00:00.000Z,-909.64,565.14
2026-02-25T20:15:00.000Z,-1106.13,538.71
2026-02-25T20:30:00.000Z,-1023.31,575.47
2026-02-25T20:45:00.000Z,-1008.08,610.25
2026-02-25T21:00:00.000Z,-586.95,364.72
2026-02-25T21:15:00.000Z,-1091.96,835.76
2026-02-25T21:30:00.000Z,-1119.66,999.15
2026-02-25T21:45:00.000Z,-975.65,1054.45
2026-02-25T22:00:00.000Z,-762.42,913.63
2026-02-25T22:15:00.000Z,-655.48,865.28
2026-02-25T22:30:00.000Z,-611.89,869.03
2026-02-25T22:45:00.000Z,-627.99,879.63
2026-02-25T23:00:00.000Z,-549.76,759.42
2026-02-25T23:15:00.000Z,-450.66,748.51
2026-02-25T23:30:00.000Z,-367.78,751.39
2026-02-25T23:45:00.000Z,-247.7,767.82
2026-02-26T00:00:00.000Z,-387.59,950.43
2026-02-26T00:15:00.000Z,-389.09,1011.62
2026-02-26T00:30:00.000Z,-502.08,1071.45
2026-02-26T00:45:00.000Z,-563.81,1184.21
2026-02-26T01:00:00.000Z,-545.54,1197.44
2026-02-26T01:15:00.000Z,-627.05,1197.43
2026-02-26T01:30:00.000Z,-700.77,1197.17
2026-02-26T01:45:00.000Z,-800.27,1197.34
2026-02-26T02:00:00.000Z,-738.21,1197.16
2026-02-26T02:15:00.000Z,-846.65,1197.34
2026-02-26T02:30:00.000Z,-915.27,1197.59
2026-02-26T02:45:00.000Z,-1035.19,1197.42
2026-02-26T03:00:00.000Z,-1251.39,1197.11
2026-02-26T03:15:00.000Z,-1340.64,1197.02
2026-02-26T03:30:00.000Z,-1501.45,1196.98
2026-02-26T03:45:00.000Z,-1610.56,1197.02
2026-02-26T04:00:00.000Z,-1765.44,1176.57
2026-02-26T04:15:00.000Z,-1809.5,964.23
2026-02-26T04:30:00.000Z,-2015.95,964.28
2026-02-26T04:45:00.000Z,-1978.18,820.47
2026-02-26T05:00:00.000Z,-1438.95,530.31
2026-02-26T05:15:00.000Z,-1488.96,527.7
2026-02-26T05:30:00.000Z,-1668.58,604.84
2026-02-26T05:45:00.000Z,-1666.43,669.81
2026-02-26T06:00:00.000Z,-1404.15,555.93
2026-02-26T06:15:00.000Z,-1528.11,626.33
2026-02-26T06:30:00.000Z,-1325.75,237.58
2026-02-26T06:45:00.000Z,-810.96,-297.12
2026-02-26T07:00:00.000Z,-328.28,-834.78
2026-02-26T07:15:00.000Z,-837.09,-368.55
2026-02-26T07:30:00.000Z,-1517.87,203.04
2026-02-26T07:45:00.000Z,-1557.25,331.51
2026-02-26T08:00:00.000Z,-1583.17,362.06
2026-02-26T08:15:00.000Z,-1541.62,318.88
2026-02-26T08:30:00.000Z,-1599.29,309.29
2026-02-26T08:45:00.000Z,-1669.1,234.78
2026-02-26T09:00:00.000Z,-1747.38,168.77
2026-02-26T09:15:00.000Z,-1727,28
2026-02-26T09:30:00.000Z,-1704.23,-208.4
2026-02-26T09:45:00.000Z,-1833.56,-344.99
2026-02-26T10:00:00.000Z,-1765.18,-563.62
2026-02-26T10:15:00.000Z,-1591.16,-820.63
2026-02-26T10:30:00.000Z,-1659.23,-797.55
2026-02-26T10:45:00.000Z,-1784.47,-679.19
2026-02-26T11:00:00.000Z,-1924.14,-704.35
2026-02-26T11:15:00.000Z,-1990.61,-792.32
2026-02-26T11:30:00.000Z,-1780.89,-849.59
2026-02-26T11:45:00.000Z,-1793.17,-904.81
2026-02-26T12:00:00.000Z,-1887.19,-802.78
2026-02-26T12:15:00.000Z,-1762.2,-1006.21
2026-02-26T12:30:00.000Z,-1828.49,-984.72
2026-02-26T12:45:00.000Z,-1907.56,-949.88
2026-02-26T13:00:00.000Z,-1744.07,-832.24
2026-02-26T13:15:00.000Z,-1625.62,-698.35
2026-02-26T13:30:00.000Z,-1504.24,-787.95
2026-02-26T13:45:00.000Z,-1494.78,-695.73
2026-02-26T14:00:00.000Z,-1730.25,-461.5
2026-02-26T14:15:00.000Z,-1841.79,-363.27
2026-02-26T14:30:00.000Z,-1729.37,-249.24
2026-02-26T14:45:00.000Z,-1417.12,-462.58
2026-02-26T15:00:00.000Z,-1494.31,-290.02
2026-02-26T15:15:00.000Z,-1372.41,-477.69
2026-02-26T15:30:00.000Z,-693.41,-1093.6
2026-02-26T15:45:00.000Z,-697.52,-1141.11
2026-02-26T16:00:00.000Z,-1187.36,-727.37
2026-02-26T16:15:00.000Z,-1137.06,-803.79
2026-02-26T16:30:00.000Z,-802.3,-1182.43
2026-02-26T16:45:00.000Z,-858.1,-1152.33
2026-02-26T17:00:00.000Z,-1181.38,-800.09
2026-02-26T17:15:00.000Z,-1148.24,-755.33
2026-02-26T17:30:00.000Z,-1225.31,-648.01
2026-02-26T17:45:00.000Z,-1535.05,-402.25
2026-02-26T18:00:00.000Z,-1682.25,-166.22
2026-02-26T18:15:00.000Z,-1846.28,87.85
2026-02-26T18:30:00.000Z,-1922.24,151.51
2026-02-26T18:45:00.000Z,-1816.78,137.72
2026-02-26T19:00:00.000Z,-1718.34,197.37
2026-02-26T19:15:00.000Z,-1621.9,210.03
2026-02-26T19:30:00.000Z,-1537.77,137.44
2026-02-26T19:45:00.000Z,-1690.36,215.74
2026-02-26T20:00:00.000Z,-1893.32,203.9
2026-02-26T20:15:00.000Z,-1942.39,91.64
2026-02-26T20:30:00.000Z,-1699.59,-93.49
2026-02-26T20:45:00.000Z,-1705.5,-207.54
2026-02-26T21:00:00.000Z,-1768.88,-132.71
2026-02-26T21:15:00.000Z,-1845.51,-106.43
2026-02-26T21:30:00.000Z,-1797.06,-46.58
2026-02-26T21:45:00.000Z,-1698.13,-16.87
2026-02-26T22:00:00.000Z,-1794.23,-18.75
2026-02-26T22:15:00.000Z,-1777.48,-74.28
2026-02-26T22:30:00.000Z,-1865.39,92.55
2026-02-26T22:45:00.000Z,-1910.71,92.77
2026-02-26T23:00:00.000Z,-1820.71,3.53
2026-02-26T23:15:00.000Z,-1884.97,-42.5
2026-02-26T23:30:00.000Z,-1699.56,-46.75
2026-02-26T23:45:00.000Z,-1581.36,-73.04
2026-02-27T00:00:00.000Z,-1587.44,-60.91
2026-02-27T00:15:00.000Z,-1521.45,-92.04
2026-02-27T00:30:00.000Z,-1567.99,-134.7
2026-02-27T00:45:00.000Z,-1696.13,-172.29
2026-02-27T01:00:00.000Z,-1778.43,-223.56
2026-02-27T01:15:00.000Z,-1671.73,-294.85
2026-02-27T01:30:00.000Z,-1747.97,-379.04
2026-02-27T01:45:00.000Z,-1857.96,-437.06
2026-02-27T02:00:00.000Z,-1872.8,-599.21
2026-02-27T02:15:00.000Z,-1901.57,-699.55
2026-02-27T02:30:00.000Z,-1835.42,-861.22
2026-02-27T02:45:00.000Z,-1782.64,-1012.77
2026-02-27T03:00:00.000Z,-1768.61,-1079.19
2026-02-27T03:15:00.000Z,-1676.33,-1099.4
2026-02-27T03:30:00.000Z,-1782.03,-1086.71
2026-02-27T03:45:00.000Z,-1801.46,-1143.76
2026-02-27T04:00:00.000Z,-1796.08,-1186.3
2026-02-27T04:15:00.000Z,-1903.05,-1178.19
2026-02-27T04:30:00.000Z,-1758.15,-1190.38
2026-02-27T04:45:00.000Z,-1719.83,-1187.37
2026-02-27T05:00:00.000Z,-1791.8,-1191.59
2026-02-27T05:15:00.000Z,-1848.22,-1175.82
2026-02-27T05:30:00.000Z,-1708.12,-1189.88
2026-02-27T05:45:00.000Z,-1673.37,-1192.41
2026-02-27T06:00:00.000Z,-1750.9,-1192.68
2026-02-27T06:15:00.000Z,-1849.47,-1192.94
2026-02-27T06:30:00.000Z,-1908.84,-1188.79
2026-02-27T06:45:00.000Z,-1917.38,-1147.21
2026-02-27T07:00:00.000Z,-1674.3,-1187.56
2026-02-27T07:15:00.000Z,-1707.41,-1192.6
2026-02-27T07:30:00.000Z,-1801.35,-1192.9
2026-02-27T07:45:00.000Z,-1805.43,-1189.05
2026-02-27T08:00:00.000Z,-1738.45,-1145.81
2026-02-27T08:15:00.000Z,-1547.57,-1187.12
2026-02-27T08:30:00.000Z,-1763.53,-1193.04
2026-02-27T08:45:00.000Z,-1885.53,-1192.8
2026-02-27T09:00:00.000Z,-1789.25,-1192.9
2026-02-27T09:15:00.000Z,-1792.96,-1192.9
2026-02-27T09:30:00.000Z,-1757.1,-1192.88
2026-02-27T09:45:00.000Z,-1797.91,-1192.93
2026-02-27T10:00:00.000Z,-1704.53,-1192.35
2026-02-27T10:15:00.000Z,-1640.24,-1192
2026-02-27T10:30:00.000Z,-1693.98,-1190.86
2026-02-27T10:45:00.000Z,-1844.48,-1162.14
2026-02-27T11:00:00.000Z,-1803.41,-1052.47
2026-02-27T11:15:00.000Z,-1767.54,-1044.81
2026-02-27T11:30:00.000Z,-1794.64,-1031.02
2026-02-27T11:45:00.000Z,-1898.57,-1061.46
2026-02-27T12:00:00.000Z,-1792.02,-1091.99
2026-02-27T12:15:00.000Z,-1745.27,-1124.29
2026-02-27T12:30:00.000Z,-1842.35,-893.43
2026-02-27T12:45:00.000Z,-1714.9,-989.23
2026-02-27T13:00:00.000Z,-1623.18,-1160.25
2026-02-27T13:15:00.000Z,-1785.48,-1038.33
2026-02-27T13:30:00.000Z,-1815.89,-1000.41
2026-02-27T13:45:00.000Z,-1653.18,-1084.03
2026-02-27T14:00:00.000Z,-1665.97,-1175.41
2026-02-27T14:15:00.000Z,-1672.83,-1157.34
2026-02-27T14:30:00.000Z,-1575.23,-1185.63
2026-02-27T14:45:00.000Z,-1563.74,-1143.07
2026-02-27T15:00:00.000Z,-1551.12,-1113.16
2026-02-27T15:15:00.000Z,-1542.68,-1036.18
2026-02-27T15:30:00.000Z,-1460.33,-1152.88
2026-02-27T15:45:00.000Z,-1565.37,-1187.63
2026-02-27T16:00:00.000Z,-1742.31,-1139.92
2026-02-27T16:15:00.000Z,-1767.41,-1150.02
2026-02-27T16:30:00.000Z,-1678.5,-1148.01
2026-02-27T16:45:00.000Z,-1621.57,-1187.06
2026-02-27T17:00:00.000Z,-1653.04,-1193.2
2026-02-27T17:15:00.000Z,-1676.01,-1192.78
2026-02-27T17:30:00.000Z,-1693.8,-1193.22
2026-02-27T17:45:00.000Z,-1713.53,-1193.1
2026-02-27T18:00:00.000Z,-1845.82,-1193.13
2026-02-27T18:15:00.000Z,-1845.63,-1193.16
2026-02-27T18:30:00.000Z,-1864.79,-1191.53
2026-02-27T18:45:00.000Z,-1901.17,-1166.41
2026-02-27T19:00:00.000Z,-1873.69,-1129
2026-02-27T19:15:00.000Z,-1867.45,-1109.07
2026-02-27T19:30:00.000Z,-1834.84,-1091.5
2026-02-27T19:45:00.000Z,-1844.84,-1093.07
2026-02-27T20:00:00.000Z,-1745.47,-1181.73
2026-02-27T20:15:00.000Z,-1769.06,-1193.07
2026-02-27T20:30:00.000Z,-1764.47,-1193.22
2026-02-27T20:45:00.000Z,-1764.33,-1193.29
2026-02-27T21:00:00.000Z,-1948.76,-1192.9
2026-02-27T21:15:00.000Z,-1940.27,-1193.12
2026-02-27T21:30:00.000Z,-1695.35,-1193.23
2026-02-27T21:45:00.000Z,-1644.55,-1193.24
2026-02-27T22:00:00.000Z,-1799.83,-1190.22
2026-02-27T22:15:00.000Z,-1845.09,-1154.2
2026-02-27T22:30:00.000Z,-1798.89,-1188.69
2026-02-27T22:45:00.000Z,-1808.81,-1193.34
2026-02-27T23:00:00.000Z,-1633.07,-1193.7
2026-02-27T23:15:00.000Z,-1688.69,-1193.3
2026-02-27T23:30:00.000Z,-1809.97,-1193.41
2026-02-27T23:45:00.000Z,-1804.06,-1193.54
2026-02-28T00:00:00.000Z,-1773.72,-1193.44
2026-02-28T00:15:00.000Z,-1850.34,-1193.59
2026-02-28T00:30:00.000Z,-1833.46,-1193.68
2026-02-28T00:45:00.000Z,-1748.52,-1193.54
2026-02-28T01:00:00.000Z,-1844.39,-1193.59
2026-02-28T01:15:00.000Z,-1795.34,-1193.41
2026-02-28T01:30:00.000Z,-1770.23,-1193.46
2026-02-28T01:45:00.000Z,-1887.66,-1193.36
2026-02-28T02:00:00.000Z,-1923.24,-1193.25
2026-02-28T02:15:00.000Z,-1919.13,-1193.2
2026-02-28T02:30:00.000Z,-1971.36,-1193.4
2026-02-28T02:45:00.000Z,-1887,-1193.57
2026-02-28T03:00:00.000Z,-1866.55,-1193.73
2026-02-28T03:15:00.000Z,-1870.67,-1193.45
2026-02-28T03:30:00.000Z,-1857.15,-1193.42
2026-02-28T03:45:00.000Z,-1774.59,-1193.48
2026-02-28T04:00:00.000Z,-1692.92,-1193.61
2026-02-28T04:15:00.000Z,-1673.64,-1193.43
2026-02-28T04:30:00.000Z,-1757.26,-1193.71
2026-02-28T04:45:00.000Z,-1858.83,-1193.61
2026-02-28T05:00:00.000Z,-1846.41,-1192.71
2026-02-28T05:15:00.000Z,-1669.98,-1176.92
2026-02-28T05:30:00.000Z,-1811.96,-1040
2026-02-28T05:45:00.000Z,-1986.89,-574.32
2026-02-28T06:00:00.000Z,-1996.45,-69.96
2026-02-28T06:15:00.000Z,-1758.4,0.6
2026-02-28T06:30:00.000Z,-1677.29,0.6
2026-02-28T06:45:00.000Z,-1715.34,0.6
2026-02-28T07:00:00.000Z,-1659.28,0.6
2026-02-28T07:15:00.000Z,-1836.8,0.6
2026-02-28T07:30:00.000Z,-1777.59,0.6
2026-02-28T07:45:00.000Z,-1763.74,0.6
2026-02-28T08:00:00.000Z,-1780.17,0.6
2026-02-28T08:15:00.000Z,-1952.59,0.6
2026-02-28T08:30:00.000Z,-1937.03,0.6
2026-02-28T08:45:00.000Z,-1890.41,0.6
2026-02-28T09:00:00.000Z,-1851.38,0.6
2026-02-28T09:15:00.000Z,-1911.93,0.6
2026-02-28T09:30:00.000Z,-1880.23,0.6
2026-02-28T09:45:00.000Z,-1844.64,0.6
2026-02-28T10:00:00.000Z,-1921.25,0.6
2026-02-28T10:15:00.000Z,-1962.25,0.6
2026-02-28T10:30:00.000Z,-1939.23,0.6
2026-02-28T10:45:00.000Z,-1854,0.6
2026-02-28T11:00:00.000Z,-1700.91,0.6
2026-02-28T11:15:00.000Z,-1892.26,0.6
2026-02-28T11:30:00.000Z,-1914.8,0.6
2026-02-28T11:45:00.000Z,-1966.89,0.6
2026-02-28T12:00:00.000Z,-2020.86,0.6
2026-02-28T12:15:00.000Z,-1950.48,0.6
2026-02-28T12:30:00.000Z,-2006.54,0.6
2026-02-28T12:45:00.000Z,-1881.91,0.6
2026-02-28T13:00:00.000Z,-1865.64,0.6
2026-02-28T13:15:00.000Z,-1901.54,0.6
2026-02-28T13:30:00.000Z,-1966.65,0.6
2026-02-28T13:45:00.000Z,-1939.82,0.6
2026-02-28T14:00:00.000Z,-1970.95,0.6
2026-02-28T14:15:00.000Z,-1964.97,0.6
2026-02-28T14:30:00.000Z,-2020.98,0.6
2026-02-28T14:45:00.000Z,-1885.24,0.6
2026-02-28T15:00:00.000Z,-1939.52,0.6
2026-02-28T15:15:00.000Z,-2036.95,0.6
2026-02-28T15:30:00.000Z,-1932.98,0.6
2026-02-28T15:45:00.000Z,-1883.39,0.6
2026-02-28T16:00:00.000Z,-1973.54,0.6
2026-02-28T16:15:00.000Z,-1983.71,0.6
2026-02-28T16:30:00.000Z,-1899.58,0.6
2026-02-28T16:45:00.000Z,-1950.72,0.6
2026-02-28T17:00:00.000Z,-1866.88,0.6
2026-02-28T17:15:00.000Z,-1740.89,0.6
2026-02-28T17:30:00.000Z,-1807.03,0.6
2026-02-28T17:45:00.000Z,-1846.06,0.6
2026-02-28T18:00:00.000Z,-1893.85,0.6
2026-02-28T18:15:00.000Z,-1976.67,0.6
2026-02-28T18:30:00.000Z,-1980.11,0.6
2026-02-28T18:45:00.000Z,-1829.39,0.6
2026-02-28T19:00:00.000Z,-1815.84,0.6
2026-02-28T19:15:00.000Z,-1842,0.6
2026-02-28T19:30:00.000Z,-1926.02,0.6
2026-02-28T19:45:00.000Z,-1949.95,0.6
2026-02-28T20:00:00.000Z,-1895.86,0.6
2026-02-28T20:15:00.000Z,-2074.72,0.6
2026-02-28T20:30:00.000Z,-1898.5,0.6
2026-02-28T20:45:00.000Z,-1864.95,0.6
2026-02-28T21:00:00.000Z,-1888.52,0.6
2026-02-28T21:15:00.000Z,-1742.15,0.6
2026-02-28T21:30:00.000Z,-1567.24,0.6
2026-02-28T21:45:00.000Z,-1773.9,0.6
2026-02-28T22:00:00.000Z,-1821.47,0.6
2026-02-28T22:15:00.000Z,-1817.99,0.6
2026-02-28T22:30:00.000Z,-1885.74,0.6
2026-02-28T22:45:00.000Z,-1896.65,0.6
2026-02-28T23:00:00.000Z,-1649.03,0.6
2026-02-28T23:15:00.000Z,-1607.61,0.6
2026-02-28T23:30:00.000Z,-1702.94,0.6
2026-02-28T23:45:00.000Z,-1818.97,0.6
2026-03-01T00:00:00.000Z,-1918.76,0.6
2026-03-01T00:15:00.000Z,-1965.4,0.6
2026-03-01T00:30:00.000Z,-1952.26,0.6
2026-03-01T00:45:00.000Z,-1926.32,0.6
2026-03-01T01:00:00.000Z,-1975.51,0.6
2026-03-01T01:15:00.000Z,-1776.38,0.6
2026-03-01T01:30:00.000Z,-1750.77,0.6
2026-03-01T01:45:00.000Z,-1839,0.6
2026-03-01T02:00:00.000Z,-1840.02,0.6
2026-03-01T02:15:00.000Z,-1756.55,0.6
2026-03-01T02:30:00.000Z,-1757,0.52
2026-03-01T02:45:00.000Z,-1845.53,0.5
2026-03-01T03:00:00.000Z,-1741.57,0.5
2026-03-01T03:15:00.000Z,-1722.67,0.5
2026-03-01T03:30:00.000Z,-1862.29,0.5
2026-03-01T03:45:00.000Z,-1864.29,0.5
2026-03-01T04:00:00.000Z,-1636.64,0.5
2026-03-01T04:15:00.000Z,-1715.15,0.5
2026-03-01T04:30:00.000Z,-1686.5,0.5
2026-03-01T04:45:00.000Z,-1667.87,0.5
2026-03-01T05:00:00.000Z,-1668.35,0.5
2026-03-01T05:15:00.000Z,-1620.93,0.5
2026-03-01T05:30:00.000Z,-1591.5,0.5
2026-03-01T05:45:00.000Z,-1746.59,0.5
2026-03-01T06:00:00.000Z,-1751.62,0.5
2026-03-01T06:15:00.000Z,-1529.78,-184.46
2026-03-01T06:30:00.000Z,-1535.52,-331.06
2026-03-01T06:45:00.000Z,-1899.2,-15.88
2026-03-01T07:00:00.000Z,-1950.63,0.9
2026-03-01T07:15:00.000Z,-2006.81,0.9
2026-03-01T07:30:00.000Z,-2045.59,0.9
2026-03-01T07:45:00.000Z,-2118.27,0.9
2026-03-01T08:00:00.000Z,-1949.58,0.9
2026-03-01T08:15:00.000Z,-2001.52,0.9
2026-03-01T08:30:00.000Z,-1999.65,0.9
2026-03-01T08:45:00.000Z,-1940.86,0.9
2026-03-01T09:00:00.000Z,-2047.86,0.9
2026-03-01T09:15:00.000Z,-2107.51,0.9
2026-03-01T09:30:00.000Z,-1743.82,-243.28
2026-03-01T09:45:00.000Z,-1673.07,-365.07
2026-03-01T10:00:00.000Z,-1735.75,-397.4
2026-03-01T10:15:00.000Z,-1770.43,-397.4
2026-03-01T10:30:00.000Z,-1650.85,-397.4
2026-03-01T10:45:00.000Z,-1645.66,-397.4
2026-03-01T11:00:00.000Z,-1683.03,-397.4
2026-03-01T11:15:00.000Z,-1724.81,-397.4
2026-03-01T11:30:00.000Z,-1673.44,-397.4
2026-03-01T11:45:00.000Z,-1711.28,-390.43
2026-03-01T12:00:00.000Z,-1844.79,-377.14
2026-03-01T12:15:00.000Z,-1799.38,-389.03
2026-03-01T12:30:00.000Z,-1834.57,-396.01
2026-03-01T12:45:00.000Z,-1903.03,-389.75
2026-03-01T13:00:00.000Z,-1913.31,-387.88
2026-03-01T13:15:00.000Z,-1862.41,-397.4
2026-03-01T13:30:00.000Z,-1828.41,-397.4
2026-03-01T13:45:00.000Z,-1893.7,-397.4
2026-03-01T14:00:00.000Z,-1857.54,-397.4
2026-03-01T14:15:00.000Z,-1930.98,-397.4
2026-03-01T14:30:00.000Z,-1873.92,-443.26
2026-03-01T14:45:00.000Z,-1818.33,-481.78
2026-03-01T15:00:00.000Z,-1846.07,-396.65
2026-03-01T15:15:00.000Z,-1846.34,-396.79
2026-03-01T15:30:00.000Z,-1837.49,-396.17
2026-03-01T15:45:00.000Z,-1823.23,-434.01
2026-03-01T16:00:00.000Z,-1853.52,-747.8
2026-03-01T16:15:00.000Z,-1916.42,-816.82
2026-03-01T16:30:00.000Z,-1804.16,-837
2026-03-01T16:45:00.000Z,-1856.95,-883.56
2026-03-01T17:00:00.000Z,-1833.35,-852.2
2026-03-01T17:15:00.000Z,-1842.44,-882.63
2026-03-01T17:30:00.000Z,-1884.7,-935.25
2026-03-01T17:45:00.000Z,-1969.76,-979.75
2026-03-01T18:00:00.000Z,-1790.55,-1061.27
2026-03-01T18:15:00.000Z,-1682.66,-1171.68
2026-03-01T18:30:00.000Z,-1915.97,-1072.74
2026-03-01T18:45:00.000Z,-1978.97,-890.44
2026-03-01T19:00:00.000Z,-1835.08,-1005.79
2026-03-01T19:15:00.000Z,-1850.98,-1009.64
2026-03-01T19:30:00.000Z,-1844.36,-1110.53
2026-03-01T19:45:00.000Z,-1722.47,-1165.38
2026-03-01T20:00:00.000Z,-1810.45,-1190.92
2026-03-01T20:15:00.000Z,-1801.51,-1183.38
2026-03-01T20:30:00.000Z,-1862.09,-1190.06
2026-03-01T20:45:00.000Z,-1949.47,-1193.07
2026-03-01T21:00:00.000Z,-1885.32,-1193.03
2026-03-01T21:15:00.000Z,-1913.09,-1193.21
2026-03-01T21:30:00.000Z,-1820.19,-1193
2026-03-01T21:45:00.000Z,-1714.16,-1193.09
2026-03-01T22:00:00.000Z,-1842.96,-1193.25
2026-03-01T22:15:00.000Z,-1857.35,-1192.99
2026-03-01T22:30:00.000Z,-1821.79,-1192.83
2026-03-01T22:45:00.000Z,-1853.06,-1192.91
2026-03-01T23:00:00.000Z,-1600.19,-1193.19
2026-03-01T23:15:00.000Z,-1690.04,-1193.01
2026-03-01T23:30:00.000Z,-1770.3,-1184.32
2026-03-01T23:45:00.000Z,-1829.42,-1067.46
2026-03-02T00:00:00.000Z,-1870.13,-1038.57
2026-03-02T00:15:00.000Z,-1915.2,-1055.22
2026-03-02T00:30:00.000Z,-1956.84,-1105.24
2026-03-02T00:45:00.000Z,-1892.6,-1073.72
2026-03-02T01:00:00.000Z,-1805.6,-1179.98
2026-03-02T01:15:00.000Z,-1779.83,-1187.08
2026-03-02T01:30:00.000Z,-1926.65,-1114.06
2026-03-02T01:45:00.000Z,-1923.84,-1068.72
2026-03-02T02:00:00.000Z,-1763.78,-1126.38
2026-03-02T02:15:00.000Z,-1781.36,-1148.95
2026-03-02T02:30:00.000Z,-1764.07,-1153.17
2026-03-02T02:45:00.000Z,-1777.14,-1177.14
2026-03-02T03:00:00.000Z,-1767.04,-1145.03
2026-03-02T03:15:00.000Z,-1836.62,-1109.46
2026-03-02T03:30:00.000Z,-1961.56,-1128.59
2026-03-02T03:45:00.000Z,-1830.31,-1181.54
2026-03-02T04:00:00.000Z,-1829.29,-1193.38
2026-03-02T04:15:00.000Z,-1926.32,-1193.11
2026-03-02T04:30:00.000Z,-1878.97,-1193.15
2026-03-02T04:45:00.000Z,-1786.93,-1193.1
2026-03-02T05:00:00.000Z,-1753.8,-1192.94
2026-03-02T05:15:00.000Z,-1772.86,-1192.92
2026-03-02T05:30:00.000Z,-1787.65,-1192.93
2026-03-02T05:45:00.000Z,-1917.7,-1184.89
2026-03-02T06:00:00.000Z,-2026.08,-1080.9
2026-03-02T06:15:00.000Z,-1868.73,-1104.44
2026-03-02T06:30:00.000Z,-1759.74,-1150.97
2026-03-02T06:45:00.000Z,-1813.9,-1071.88
2026-03-02T07:00:00.000Z,-1841.05,-978.53
2026-03-02T07:15:00.000Z,-1952.71,-1127.33
2026-03-02T07:30:00.000Z,-2065.56,-1187.07
2026-03-02T07:45:00.000Z,-1826.11,-1177.97
2026-03-02T08:00:00.000Z,-1867.63,-1191.35
2026-03-02T08:15:00.000Z,-1861.57,-1192.96
2026-03-02T08:30:00.000Z,-1743.59,-1193.01
2026-03-02T08:45:00.000Z,-1739.15,-1193.2
2026-03-02T09:00:00.000Z,-1698.4,-1193.35
2026-03-02T09:15:00.000Z,-1764.59,-1192.39
2026-03-02T09:30:00.000Z,-1841.73,-1183.72
2026-03-02T09:45:00.000Z,-1872.7,-1165.8
2026-03-02T10:00:00.000Z,-1778,-1164.12
2026-03-02T10:15:00.000Z,-1734.58,-1184.43
2026-03-02T10:30:00.000Z,-1806.31,-1154.29
2026-03-02T10:45:00.000Z,-1846.2,-1116.66
2026-03-02T11:00:00.000Z,-1961.57,-1123.19
2026-03-02T11:15:00.000Z,-1965.16,-1124.02
2026-03-02T11:30:00.000Z,-1899.73,-1140.87
2026-03-02T11:45:00.000Z,-1924.91,-1183.73
2026-03-02T12:00:00.000Z,-2057.9,-1136.51
2026-03-02T12:15:00.000Z,-1927.57,-1185.81
2026-03-02T12:30:00.000Z,-1818.24,-1193.42
2026-03-02T12:45:00.000Z,-1854.7,-1193.47
2026-03-02T13:00:00.000Z,-1605.68,-1193.58
2026-03-02T13:15:00.000Z,-1666.03,-1193.65
2026-03-02T13:30:00.000Z,-1795.63,-1193.78
2026-03-02T13:45:00.000Z,-1903.38,-1193.76
2026-03-02T14:00:00.000Z,-1901.81,-1193.45
2026-03-02T14:15:00.000Z,-1879.27,-1193.52
2026-03-02T14:30:00.000Z,-1844.42,-1193.57
2026-03-02T14:45:00.000Z,-1737.8,-1193.76
2026-03-02T15:00:00.000Z,-1767.6,-1193.52
2026-03-02T15:15:00.000Z,-1792.25,-1191.93
2026-03-02T15:30:00.000Z,-1729.64,-1188.83
2026-03-02T15:45:00.000Z,-1894.11,-1192.94
2026-03-02T16:00:00.000Z,-2033.37,-1185.3
2026-03-02T16:15:00.000Z,-2028.55,-1191.91
2026-03-02T16:30:00.000Z,-1897.03,-1193.68
2026-03-02T16:45:00.000Z,-1744.35,-1193.85
2026-03-02T17:00:00.000Z,-1671.47,-1193.79
2026-03-02T17:15:00.000Z,-1689.56,-1194
2026-03-02T17:30:00.000Z,-1708.38,-1193.9
2026-03-02T17:45:00.000Z,-1797.37,-1193.61
2026-03-02T18:00:00.000Z,-1861.57,-1193.61
2026-03-02T18:15:00.000Z,-1815.17,-1193.47
2026-03-02T18:30:00.000Z,-1886.49,-1193.46
2026-03-02T18:45:00.000Z,-1823.89,-1193.54
2026-03-02T19:00:00.000Z,-1748.77,-1193.56
2026-03-02T19:15:00.000Z,-1750.8,-1193.73
2026-03-02T19:30:00.000Z,-1688.67,-1193.75
2026-03-02T19:45:00.000Z,-1631.1,-1193.6
2026-03-02T20:00:00.000Z,-1519.79,-1193.74
2026-03-02T20:15:00.000Z,-1674.9,-1193.63
2026-03-02T20:30:00.000Z,-1687.69,-1193.41
2026-03-02T20:45:00.000Z,-1739.55,-1193.57
2026-03-02T21:00:00.000Z,-1729.69,-1193.7
2026-03-02T21:15:00.000Z,-1687.47,-1193.73
2026-03-02T21:30:00.000Z,-1707.7,-1193.44
2026-03-02T21:45:00.000Z,-1777.19,-1193.26
2026-03-02T22:00:00.000Z,-1836.03,-1193.6
2026-03-02T22:15:00.000Z,-1921.86,-1193.1
2026-03-02T22:30:00.000Z,-1781.92,-1193.12
2026-03-02T22:45:00.000Z,-1669.2,-1193.28
2026-03-02T23:00:00.000Z,-1624.77,-1193.21
2026-03-02T23:15:00.000Z,-1730.46,-1192.97
2026-03-02T23:30:00.000Z,-1648.47,-1193.07
2026-03-02T23:45:00.000Z,-1704.82,-1192.94
2026-03-03T00:00:00.000Z,-1670.96,-1192.9
2026-03-03T00:15:00.000Z,-1752.72,-1192.9
2026-03-03T00:30:00.000Z,-1685.17,-1192.96
2026-03-03T00:45:00.000Z,-1743.29,-1192.97
2026-03-03T01:00:00.000Z,-1673.69,-1192.8
2026-03-03T01:15:00.000Z,-1537.5,-1192.8
2026-03-03T01:30:00.000Z,-1527.82,-1192.83
2026-03-03T01:45:00.000Z,-1469.72,-1193.05
2026-03-03T02:00:00.000Z,-1451.19,-1193.17
2026-03-03T02:15:00.000Z,-1419.57,-1193.19
2026-03-03T02:30:00.000Z,-1527.67,-1192.94
2026-03-03T02:45:00.000Z,-1462.7,-1193.02
2026-03-03T03:00:00.000Z,-1368.04,-1193.4
2026-03-03T03:15:00.000Z,-1262.98,-1193.61
2026-03-03T03:30:00.000Z,-1464.57,-1193.54
2026-03-03T03:45:00.000Z,-1466.55,-1193.54
2026-03-03T04:00:00.000Z,-1514.03,-1193.83
2026-03-03T04:15:00.000Z,-1522.48,-1193.71
2026-03-03T04:30:00.000Z,-1504.67,-1193.59
2026-03-03T04:45:00.000Z,-1474.18,-1193.9
2026-03-03T05:00:00.000Z,-957.28,-1193.71
2026-03-03T05:15:00.000Z,-911.51,-1193.76
2026-03-03T05:30:00.000Z,-772.78,-1193.6
2026-03-03T05:45:00.000Z,-810.96,-1193.19
2026-03-03T06:00:00.000Z,-716.95,-1193.13
2026-03-03T06:15:00.000Z,-662.35,-1193.13
2026-03-03T06:30:00.000Z,-705.33,-1193.35
2026-03-03T06:45:00.000Z,-615.72,-1193.64
2026-03-03T07:00:00.000Z,-558.38,-1193.45
2026-03-03T07:15:00.000Z,-445.38,-1193.48
2026-03-03T07:30:00.000Z,-564.81,-1183.29
2026-03-03T07:45:00.000Z,-715.66,-1063.95
2026-03-03T08:00:00.000Z,-452.19,-1176.93
2026-03-03T08:15:00.000Z,-428.71,-1147.27
2026-03-03T08:30:00.000Z,-643.83,-825.06
2026-03-03T08:45:00.000Z,-679.57,-681.91
2026-03-03T09:00:00.000Z,-604.37,-756.22
2026-03-03T09:15:00.000Z,-929.53,-253.82
2026-03-03T09:30:00.000Z,-1179.09,-100.96
2026-03-03T09:45:00.000Z,-1233.33,-10.97
2026-03-03T10:00:00.000Z,-1389.88,224.87
2026-03-03T10:15:00.000Z,-1612.56,325.63
2026-03-03T10:30:00.000Z,-1645.48,389.25
2026-03-03T10:45:00.000Z,-1599.97,451.48
2026-03-03T11:00:00.000Z,-1781.45,580.93
2026-03-03T11:15:00.000Z,-1605.42,579.41
2026-03-03T11:30:00.000Z,-1771.51,540.16
2026-03-03T11:45:00.000Z,-1756.87,545.39
2026-03-03T12:00:00.000Z,-1759.94,382.69
2026-03-03T12:15:00.000Z,-1709.65,329.294
2026-03-03T12:30:00.000Z,-1875.78,351.318
2026-03-03T12:45:00.000Z,-1807.74,509.833
2026-03-03T13:00:00.000Z,-1986.13,710.232
2026-03-03T13:15:00.000Z,-1904.57,757.924
2026-03-03T13:30:00.000Z,-1665.57,692.917
2026-03-03T13:45:00.000Z,-1634.03,678.008
2026-03-03T14:00:00.000Z,-1713.6,711.678
2026-03-03T14:15:00.000Z,-1830.61,700.78
2026-03-03T14:30:00.000Z,-1759.44,626.05
2026-03-03T14:45:00.000Z,-1767.05,521.939
2026-03-03T15:00:00.000Z,-1815.28,389.762
2026-03-03T15:15:00.000Z,-1823.73,84.1387
2026-03-03T15:30:00.000Z,-1410.34,-368.409
2026-03-03T15:45:00.000Z,-1372.41,-350.733
2026-03-03T16:00:00.000Z,-1809.74,-306.535
2026-03-03T16:15:00.000Z,-1545.09,-830.346
2026-03-03T16:30:00.000Z,-1023.97,-1158.02
2026-03-03T16:45:00.000Z,-1112.06,-1193.08
2026-03-03T17:00:00.000Z,-1250.83,-1193.08
2026-03-03T17:15:00.000Z,-1331.99,-1193.06
2026-03-03T17:30:00.000Z,-1263.88,-1193.07
2026-03-03T17:45:00.000Z,-1250.66,-1192.92
2026-03-03T18:00:00.000Z,-1298.86,-1192.94
2026-03-03T18:15:00.000Z,-1339.38,-1182.71
2026-03-03T18:30:00.000Z,-1293.8,-1047.21
2026-03-03T18:45:00.000Z,-1573.22,-998.382
2026-03-03T19:00:00.000Z,-1354.62,-1171.66
2026-03-03T19:15:00.000Z,-1323.32,-1193.14
2026-03-03T19:30:00.000Z,-1215.55,-1193.22
2026-03-03T19:45:00.000Z,-1116.5,-1193.32
2026-03-03T20:00:00.000Z,-1245.92,-1177.41
2026-03-03T20:15:00.000Z,-1311.63,-1026.31
2026-03-03T20:30:00.000Z,-1632.13,-840.635
2026-03-03T20:45:00.000Z,-1669.45,-794.044
2026-03-03T21:00:00.000Z,-1648.12,-720.049
2026-03-03T21:15:00.000Z,-1557.36,-645.885
2026-03-03T21:30:00.000Z,-1469.79,-560.268
2026-03-03T21:45:00.000Z,-1437.97,-457.172
2026-03-03T22:00:00.000Z,-1581.97,-342.73
2026-03-03T22:15:00.000Z,-1646.72,-229.1
2026-03-03T22:30:00.000Z,-1647.64,-113.293
2026-03-03T22:45:00.000Z,-1743.58,167.229
2026-03-03T23:00:00.000Z,-1840.84,568.208
2026-03-03T23:15:00.000Z,-1663.33,739.098
2026-03-03T23:30:00.000Z,-1726.51,767.208
2026-03-03T23:45:00.000Z,-1671.28,811.396
2026-03-04T00:00:00.000Z,-1750.89,916.147
2026-03-04T00:15:00.000Z,-1794.46,939.771
2026-03-04T00:30:00.000Z,-2005.08,926.473
2026-03-04T00:45:00.000Z,-1550.72,902.637
2026-03-04T01:00:00.000Z,-1566.62,932.459
2026-03-04T01:15:00.000Z,-1971.82,941.864
2026-03-04T01:30:00.000Z,-1693.14,887.205
2026-03-04T01:45:00.000Z,-1694.2,627.06
2026-03-04T02:00:00.000Z,-1182.9,75.3046
2026-03-04T02:15:00.000Z,-543.2,-421.296
2026-03-04T02:30:00.000Z,-319.39,-706.059
2026-03-04T02:45:00.000Z,-177.52,-943.874
2026-03-04T03:00:00.000Z,41.53,-1169.19
2026-03-04T03:15:00.000Z,162.21,-1193.77
2026-03-04T03:30:00.000Z,29.37,-1193.75
2026-03-04T03:45:00.000Z,-23.67,-1193.65
2026-03-04T04:00:00.000Z,-238.45,-1193.57
2026-03-04T04:15:00.000Z,-399.61,-1193.36
2026-03-04T04:30:00.000Z,-435.33,-1193.2
2026-03-04T04:45:00.000Z,-304.14,-1193.1
2026-03-04T05:00:00.000Z,-480.06,-1193
2026-03-04T05:15:00.000Z,-529.87,-1193.02
2026-03-04T05:30:00.000Z,-684.34,-1193.11
2026-03-04T05:45:00.000Z,-697.22,-1193.15
2026-03-04T06:00:00.000Z,-743.21,-1193.08
2026-03-04T06:15:00.000Z,-775.97,-1193.25
2026-03-04T06:30:00.000Z,-812.62,-1193.27
2026-03-04T06:45:00.000Z,-945.72,-1193.2
2026-03-04T07:00:00.000Z,-986.28,-1193.28
2026-03-04T07:15:00.000Z,-924.3,-1193.33
2026-03-04T07:30:00.000Z,-1010.49,-1193.44
2026-03-04T07:45:00.000Z,-1031.8,-1193.57
2026-03-04T08:00:00.000Z,-1084.15,-1193.51
2026-03-04T08:15:00.000Z,-1066.79,-1193.44
2026-03-04T08:30:00.000Z,-1058.44,-1193.64
2026-03-04T08:45:00.000Z,-1131.94,-1193.48
2026-03-04T09:00:00.000Z,-1142.26,-1190.35
2026-03-04T09:15:00.000Z,-1163.04,-1132.76
2026-03-04T09:30:00.000Z,-1370.29,-872.159
2026-03-04T09:45:00.000Z,-1858.03,-636.383
2026-03-04T10:00:00.000Z,-1988.57,-654.302
2026-03-04T10:15:00.000Z,-2089.26,-651.084
2026-03-04T10:30:00.000Z,-2022.89,-675.162
2026-03-04T10:45:00.000Z,-1742.42,-679.943
2026-03-04T11:00:00.000Z,-1947.34,-676.18
2026-03-04T11:15:00.000Z,-1820.81,-695.217
2026-03-04T11:30:00.000Z,-1676.38,-686.733
2026-03-04T11:45:00.000Z,-1871.6,-661.341
2026-03-04T12:00:00.000Z,-1858.29,-630.264
2026-03-04T12:15:00.000Z,-1915.49,-610.301
2026-03-04T12:30:00.000Z,-2005.37,-595.623
2026-03-04T12:45:00.000Z,-2067.06,-621.613
2026-03-04T13:00:00.000Z,-1862.19,-644.547
2026-03-04T13:15:00.000Z,-1839.3,-581.646
2026-03-04T13:30:00.000Z,-1907.35,-500.851
2026-03-04T13:45:00.000Z,-2019.33,-440.733
2026-03-04T14:00:00.000Z,-1897.08,-522.611
2026-03-04T14:15:00.000Z,-1394.02,-760.54
2026-03-04T14:30:00.000Z,-980.86,-1011.68
2026-03-04T14:45:00.000Z,-929.22,-1146.64
2026-03-04T15:00:00.000Z,-1035.51,-1152.04
2026-03-04T15:15:00.000Z,-1138.62,-1188.48
2026-03-04T15:30:00.000Z,-1249.97,-1193.77
2026-03-04T15:45:00.000Z,-1432.17,-1193.76
2026-03-04T16:00:00.000Z,-1650.37,-1193.67
2026-03-04T16:15:00.000Z,-1802.22,-1193.57
2026-03-04T16:30:00.000Z,-1914.85,-1193.46
2026-03-04T16:45:00.000Z,-1905.19,-1193.52
2026-03-04T17:00:00.000Z,-1519.68,-1193.54
2026-03-04T17:15:00.000Z,-1679.67,-1193.49
2026-03-04T17:30:00.000Z,-1863.7,-1193.63
2026-03-04T17:45:00.000Z,-1848.46,-1193.69
2026-03-04T18:00:00.000Z,-1781.92,-1193.69
2026-03-04T18:15:00.000Z,-1712.09,-1193.55
2026-03-04T18:30:00.000Z,-1641.73,-1193.49
2026-03-04T18:45:00.000Z,-1664.83,-1193.59
2026-03-04T19:00:00.000Z,-1671.82,-1193.83
2026-03-04T19:15:00.000Z,-1768.67,-1193.96
2026-03-04T19:30:00.000Z,-1676.24,-1193.89
2026-03-04T19:45:00.000Z,-1664.11,-1193.73
2026-03-04T20:00:00.000Z,-1673.65,-1193.61
2026-03-04T20:15:00.000Z,-2031.91,-1193.81
2026-03-04T20:30:00.000Z,-1947.49,-1193.9
2026-03-04T20:45:00.000Z,-1786.83,-1193.85
2026-03-04T21:00:00.000Z,-1591.35,-1193.88
2026-03-04T21:15:00.000Z,-1691.85,-1193.93
2026-03-04T21:30:00.000Z,-1720.54,-1194.07
2026-03-04T21:45:00.000Z,-1697.67,-1193.91
2026-03-04T22:00:00.000Z,-1871.5,-1193.73
2026-03-04T22:15:00.000Z,-1875.18,-1193.79
2026-03-04T22:30:00.000Z,-1861.44,-1193.86
2026-03-04T22:45:00.000Z,-1842.38,-1193.92
2026-03-04T23:00:00.000Z,-1743.47,-1193.63
2026-03-04T23:15:00.000Z,-1679.82,-1189.1
2026-03-04T23:30:00.000Z,-1598.95,-1133.76
2026-03-04T23:45:00.000Z,-1578.43,-1113.76
2026-03-05T00:00:00.000Z,-1515.84,-1184.67
2026-03-05T00:15:00.000Z,-1476.32,-1193.59
2026-03-05T00:30:00.000Z,-1423.79,-1193.87
2026-03-05T00:45:00.000Z,-1395.33,-1193.75
2026-03-05T01:00:00.000Z,-1435.98,-1193.53
2026-03-05T01:15:00.000Z,-1405.62,-1193.54
2026-03-05T01:30:00.000Z,-1463.59,-1193.63
2026-03-05T01:45:00.000Z,-1364.81,-1193.65
2026-03-05T02:00:00.000Z,-1574.09,-1193.72
2026-03-05T02:15:00.000Z,-1604.62,-1193.74
2026-03-05T02:30:00.000Z,-1454.16,-1193.61
2026-03-05T02:45:00.000Z,-1508.94,-1193.51
2026-03-05T03:00:00.000Z,-1493.42,-1193.6
2026-03-05T03:15:00.000Z,-1381.77,-1193.59
2026-03-05T03:30:00.000Z,-1315.34,-1193.73
2026-03-05T03:45:00.000Z,-1239.48,-1193.76
2026-03-05T04:00:00.000Z,-1383.14,-1193.68
2026-03-05T04:15:00.000Z,-1177.19,-1193.81
2026-03-05T04:30:00.000Z,-1348.5,-1193.67
2026-03-05T04:45:00.000Z,-1431.6,-1193.71
2026-03-05T05:00:00.000Z,-1299.4,-1193.9
2026-03-05T05:15:00.000Z,-1451.89,-1194.01
2026-03-05T05:30:00.000Z,-1647.17,-1194.1
2026-03-05T05:45:00.000Z,-1572.33,-1194.16
2026-03-05T06:00:00.000Z,-1527.94,-1193.98
2026-03-05T06:15:00.000Z,-1591.78,-1193.81
2026-03-05T06:30:00.000Z,-1798.72,-1194.13
2026-03-05T06:45:00.000Z,-1928.66,-1194.31
2026-03-05T07:00:00.000Z,-1874.42,-1194.04
2026-03-05T07:15:00.000Z,-1832.5,-1193.78
2026-03-05T07:30:00.000Z,-1837.46,-1193.83
2026-03-05T07:45:00.000Z,-1811.82,-1193.94
2026-03-05T08:00:00.000Z,-1847.21,-1194
2026-03-05T08:15:00.000Z,-1851.83,-1193.16
2026-03-05T08:30:00.000Z,-1938.3,-1182.16
2026-03-05T08:45:00.000Z,-1886.1,-1176.5
2026-03-05T09:00:00.000Z,-1840.25,-1176.05
2026-03-05T09:15:00.000Z,-1751.83,-1171.34
2026-03-05T09:30:00.000Z,-1720.15,-1150.11
2026-03-05T09:45:00.000Z,-1757.18,-922.894
2026-03-05T10:00:00.000Z,-1918.64,-614.263
2026-03-05T10:15:00.000Z,-1930.32,-551.8
2026-03-05T10:30:00.000Z,-1686.12,-559.939
2026-03-05T10:45:00.000Z,-1758.55,-496.958
2026-03-05T11:00:00.000Z,-1772.2,-500.107
2026-03-05T11:15:00.000Z,-1804.02,-573.482
2026-03-05T11:30:00.000Z,-1873.42,-647.487
2026-03-05T11:45:00.000Z,-1815.21,-812.758
2026-03-05T12:00:00.000Z,-1713.88,-917.176
2026-03-05T12:15:00.000Z,-1777.53,-838.768
2026-03-05T12:30:00.000Z,-1853.98,-803.272
2026-03-05T12:45:00.000Z,-1922.53,-761.376
2026-03-05T13:00:00.000Z,-1941.62,-767.082
2026-03-05T13:15:00.000Z,-1827.87,-824.21
2026-03-05T13:30:00.000Z,-1857.47,-931.605
2026-03-05T13:45:00.000Z,-1767.21,-1093.25
2026-03-05T14:00:00.000Z,-1665.1,-1133.86
2026-03-05T14:15:00.000Z,-1530.34,-1186.12
2026-03-05T14:30:00.000Z,-1609.36,-1192.49
2026-03-05T14:45:00.000Z,-1670.91,-1186.89
2026-03-05T15:00:00.000Z,-1706.07,-1185.58
2026-03-05T15:15:00.000Z,-1604.74,-1193.02
2026-03-05T15:30:00.000Z,-1480.08,-1193.51
2026-03-05T15:45:00.000Z,-1396,-1193.48
2026-03-05T16:00:00.000Z,-1349.8,-1193.36
2026-03-05T16:15:00.000Z,-1321.03,-1193.3
2026-03-05T16:30:00.000Z,-1350.78,-1193.42
2026-03-05T16:45:00.000Z,-1453.52,-1193.24
2026-03-05T17:00:00.000Z,-1580.16,-1193.19
2026-03-05T17:15:00.000Z,-1501.93,-1193.23
2026-03-05T17:30:00.000Z,-1429.06,-1193.09
2026-03-05T17:45:00.000Z,-1520.26,-1192.99
2026-03-05T18:00:00.000Z,-1568.27,-1193.11
2026-03-05T18:15:00.000Z,-1697.37,-1193.18
2026-03-05T18:30:00.000Z,-1891.64,-1193.11
2026-03-05T18:45:00.000Z,-1885.32,-1193.18
2026-03-05T19:00:00.000Z,-1754,-1193.4
2026-03-05T19:15:00.000Z,-1761.14,-1193.23
2026-03-05T19:30:00.000Z,-1854.48,-1193.17
2026-03-05T19:45:00.000Z,-1782.72,-1193.18
2026-03-05T20:00:00.000Z,-1850.94,-1193.27
2026-03-05T20:15:00.000Z,-2006.25,-1193.3
2026-03-05T20:30:00.000Z,-1844.11,-1193.5
2026-03-05T20:45:00.000Z,-1761.13,-1193.74
2026-03-05T21:00:00.000Z,-1832.2,-1193.71
2026-03-05T21:15:00.000Z,-1791.99,-1193.69
2026-03-05T21:30:00.000Z,-1688.78,-1193.61
2026-03-05T21:45:00.000Z,-1683.2,-1193.49
2026-03-05T22:00:00.000Z,-1771.87,-1193.42
2026-03-05T22:15:00.000Z,-1785.3,-1193.41
2026-03-05T22:30:00.000Z,-1688.7,-1193.4
2026-03-05T22:45:00.000Z,-1815.8,-1193.36
2026-03-05T23:00:00.000Z,-1780.45,-1193.28
2026-03-05T23:15:00.000Z,-1861.35,-1193.3
2026-03-05T23:30:00.000Z,-1770.06,-1193.32
2026-03-05T23:45:00.000Z,-1733.47,-1193.29
2026-03-06T00:00:00.000Z,-1850.95,-1193.29
2026-03-06T00:15:00.000Z,-1802.5,-1193.17
2026-03-06T00:30:00.000Z,-1664.83,-1193.1
2026-03-06T00:45:00.000Z,-1613.13,-1193.18
2026-03-06T01:00:00.000Z,-1508.98,-1193.15
2026-03-06T01:15:00.000Z,-1290.63,-1193.03
2026-03-06T01:30:00.000Z,-1142.6,-1193.1
2026-03-06T01:45:00.000Z,-890.36,-1193.17
2026-03-06T02:00:00.000Z,-760.7,-1193.17
2026-03-06T02:15:00.000Z,-680.72,-1193.02
2026-03-06T02:30:00.000Z,-611.36,-1193.09
2026-03-06T02:45:00.000Z,-582.47,-1193.25
2026-03-06T03:00:00.000Z,-405.44,-1193.28
2026-03-06T03:15:00.000Z,-447.04,-1193.11
2026-03-06T03:30:00.000Z,-487.3,-1192.93
2026-03-06T03:45:00.000Z,-383,-1193.27
2026-03-06T04:00:00.000Z,-305.44,-1193.59
2026-03-06T04:15:00.000Z,-306.45,-1193.52
2026-03-06T04:30:00.000Z,-260.69,-1193.53
2026-03-06T04:45:00.000Z,-81.94,-1193.4
2026-03-06T05:00:00.000Z,-181.03,-1193.39
2026-03-06T05:15:00.000Z,-219.31,-1193.35
2026-03-06T05:30:00.000Z,-236.65,-1193.35
2026-03-06T05:45:00.000Z,-336.13,-1193.27
2026-03-06T06:00:00.000Z,-406.24,-1193.33
2026-03-06T06:15:00.000Z,-377.58,-1193.5
2026-03-06T06:30:00.000Z,-386.19,-1193.33
2026-03-06T06:45:00.000Z,-537.21,-1193.43
2026-03-06T07:00:00.000Z,-661.23,-1193.68
2026-03-06T07:15:00.000Z,-601.09,-1170.63
2026-03-06T07:30:00.000Z,-516.41,-944.994
2026-03-06T07:45:00.000Z,-1003.88,-862.956
2026-03-06T08:00:00.000Z,-708.33,-893.614
2026-03-06T08:15:00.000Z,-1193.33,-407.487
2026-03-06T08:30:00.000Z,-1642.19,-108.308
2026-03-06T08:45:00.000Z,-1715.28,-277.432
2026-03-06T09:00:00.000Z,-1130.76,-399.909
2026-03-06T09:15:00.000Z,-1423.89,-133.358
2026-03-06T09:30:00.000Z,-1519.83,-74.9092
2026-03-06T09:45:00.000Z,-1680.36,5.65098
2026-03-06T10:00:00.000Z,-1690.34,91.5237
2026-03-06T10:15:00.000Z,-1737.65,95.443
2026-03-06T10:30:00.000Z,-1869.4,68.5183
2026-03-06T10:45:00.000Z,-1862.63,32.1884
2026-03-06T11:00:00.000Z,-1689.48,4.51409
2026-03-06T11:15:00.000Z,-1902.02,18.2666
2026-03-06T11:30:00.000Z,-1968.49,-17.7994
2026-03-06T11:45:00.000Z,-1800.65,-153.422
2026-03-06T12:00:00.000Z,-1621.34,-270.286
2026-03-06T12:15:00.000Z,-1682.9,-301.179
2026-03-06T12:30:00.000Z,-1889.05,-352.375
2026-03-06T12:45:00.000Z,-1886.91,-514.778
2026-03-06T13:00:00.000Z,-1681.66,-707.08
2026-03-06T13:15:00.000Z,-1693.18,-759.097
2026-03-06T13:30:00.000Z,-1648.57,-799.673
2026-03-06T13:45:00.000Z,-1663.76,-849.904
2026-03-06T14:00:00.000Z,-1663.88,-925.887
2026-03-06T14:15:00.000Z,-1507.79,-970.112
2026-03-06T14:30:00.000Z,-1460.24,-1056.47
2026-03-06T14:45:00.000Z,-1288.59,-1135.56
2026-03-06T15:00:00.000Z,-1324.1,-1133.51
2026-03-06T15:15:00.000Z,-1369.06,-1186.4
2026-03-06T15:30:00.000Z,-1541.37,-1192.85
2026-03-06T15:45:00.000Z,-1592.35,-1192.84
2026-03-06T16:00:00.000Z,-1591.98,-1192.69
2026-03-06T16:15:00.000Z,-1671.78,-1192.5
2026-03-06T16:30:00.000Z,-1513.91,-1192.42
2026-03-06T16:45:00.000Z,-1320.18,-1192.44
2026-03-06T17:00:00.000Z,-1071.87,-1192.34
2026-03-06T17:15:00.000Z,-952.41,-1192.54
2026-03-06T17:30:00.000Z,-802.12,-1192.69
2026-03-06T17:45:00.000Z,-573.32,-1192.63
2026-03-06T18:00:00.000Z,-418.47,-1192.76
2026-03-06T18:15:00.000Z,-248.79,-1192.77
2026-03-06T18:30:00.000Z,-75.73,-1192.63
2026-03-06T18:45:00.000Z,144.72,-1192.76
2026-03-06T19:00:00.000Z,529.58,-1192.82
2026-03-06T19:15:00.000Z,546.33,-1192.78
2026-03-06T19:30:00.000Z,701.04,-1192.79
2026-03-06T19:45:00.000Z,899.38,-1192.81
2026-03-06T20:00:00.000Z,900.99,-1193.06
2026-03-06T20:15:00.000Z,836.81,-1193.17
2026-03-06T20:30:00.000Z,775.58,-1193.08
2026-03-06T20:45:00.000Z,913.95,-1193.09
2026-03-06T21:00:00.000Z,798.31,-1193.19
2026-03-06T21:15:00.000Z,848.52,-1192.81
2026-03-06T21:30:00.000Z,916.23,-1189.24
2026-03-06T21:45:00.000Z,1073.17,-1154.87
2026-03-06T22:00:00.000Z,822.87,-1086.25
2026-03-06T22:15:00.000Z,772.87,-1042.28
2026-03-06T22:30:00.000Z,850.95,-1015.63
2026-03-06T22:45:00.000Z,836.44,-873.961
2026-03-06T23:00:00.000Z,583.98,-702.489
2026-03-06T23:15:00.000Z,532.36,-687.095
2026-03-06T23:30:00.000Z,423.42,-710.53
2026-03-06T23:45:00.000Z,301.5,-857.834
2026-03-07T00:00:00.000Z,490.71,-1026.29
2026-03-07T00:15:00.000Z,550.18,-1043.72
2026-03-07T00:30:00.000Z,561.61,-1062.93
2026-03-07T00:45:00.000Z,598.87,-1122.45
2026-03-07T01:00:00.000Z,630.85,-1167.79
2026-03-07T01:15:00.000Z,671.69,-1151.38
2026-03-07T01:30:00.000Z,815.65,-1143.3
2026-03-07T01:45:00.000Z,785.8,-1157.33
2026-03-07T02:00:00.000Z,652.24,-1187.55
2026-03-07T02:15:00.000Z,582.76,-1189.48
2026-03-07T02:30:00.000Z,470.95,-1174.63
2026-03-07T02:45:00.000Z,303.68,-1169.05
2026-03-07T03:00:00.000Z,346.03,-1190.81
2026-03-07T03:15:00.000Z,202.78,-1193.45
2026-03-07T03:30:00.000Z,120.96,-1192.47
2026-03-07T03:45:00.000Z,42.31,-1178.29
2026-03-07T04:00:00.000Z,-206.51,-1165.86
2026-03-07T04:15:00.000Z,-232.74,-1173.06
2026-03-07T04:30:00.000Z,-247.24,-1172.05
2026-03-07T04:45:00.000Z,-73.16,-1157.53
2026-03-07T05:00:00.000Z,-143.61,-1147.15
2026-03-07T05:15:00.000Z,-321.74,-1160.94
2026-03-07T05:30:00.000Z,-704.97,-1172.46
2026-03-07T05:45:00.000Z,-717.29,-1118.26
2026-03-07T06:00:00.000Z,-962.82,-1033.64
2026-03-07T06:15:00.000Z,-964.85,-1004.86
2026-03-07T06:30:00.000Z,-1129.59,-845.805
2026-03-07T06:45:00.000Z,-1523.08,-864.805
2026-03-07T07:00:00.000Z,-979.46,-1051
2026-03-07T07:15:00.000Z,-1161.83,-809.153
2026-03-07T07:30:00.000Z,-1687.1,-596.69
2026-03-07T07:45:00.000Z,-1644.95,-780.612
2026-03-07T08:00:00.000Z,-1166.45,-877.948
2026-03-07T08:15:00.000Z,-1472.97,-652.65
2026-03-07T08:30:00.000Z,-1508.84,-575.27
2026-03-07T08:45:00.000Z,-1527.27,-525.717
2026-03-07T09:00:00.000Z,-1348.15,-521.4
2026-03-07T09:15:00.000Z,-1057.49,-479.11
2026-03-07T09:30:00.000Z,-1305.82,-299.12
2026-03-07T09:45:00.000Z,-1437.6,-81.4
2026-03-07T10:00:00.000Z,-1292.3,0.6
2026-03-07T10:15:00.000Z,-1154.06,0.6
2026-03-07T10:30:00.000Z,-1038.21,0.6
2026-03-07T10:45:00.000Z,-921.47,0.6
2026-03-07T11:00:00.000Z,-720.79,0.6
2026-03-07T11:15:00.000Z,-676.45,-6.31
2026-03-07T11:30:00.000Z,-592.72,-28.48
2026-03-07T11:45:00.000Z,-429.13,-77.78
2026-03-07T12:00:00.000Z,-167.21,-320.34
2026-03-07T12:15:00.000Z,41.24,-391.53
2026-03-07T12:30:00.000Z,196.64,-459.68
2026-03-07T12:45:00.000Z,197.89,-504.13
2026-03-07T13:00:00.000Z,294.23,-677.15
2026-03-07T13:15:00.000Z,316.44,-737.78
2026-03-07T13:30:00.000Z,337.57,-715.23
2026-03-07T13:45:00.000Z,330.94,-744.57
2026-03-07T14:00:00.000Z,148.1,-767.34
2026-03-07T14:15:00.000Z,41.16,-795.86
2026-03-07T14:30:00.000Z,13.77,-838.64
2026-03-07T14:45:00.000Z,185.37,-1017.11
2026-03-07T15:00:00.000Z,-109.25,-806.06
2026-03-07T15:15:00.000Z,75.12,-1045.24
2026-03-07T15:30:00.000Z,53.18,-1178.98
2026-03-07T15:45:00.000Z,-101.61,-1181.51
2026-03-07T16:00:00.000Z,-141.67,-1049.09
2026-03-07T16:15:00.000Z,-145.13,-1121.06
2026-03-07T16:30:00.000Z,-55.47,-1182.51
2026-03-07T16:45:00.000Z,-12.29,-1193.41
2026-03-07T17:00:00.000Z,143.07,-1193.13
2026-03-07T17:15:00.000Z,181.07,-1193.1
2026-03-07T17:30:00.000Z,70.43,-1193.19
2026-03-07T17:45:00.000Z,122.51,-1193.15
2026-03-07T18:00:00.000Z,352.09,-1193.29
2026-03-07T18:15:00.000Z,357.92,-1188.93
2026-03-07T18:30:00.000Z,447.54,-1137.07
2026-03-07T18:45:00.000Z,418.2,-1138.96
2026-03-07T19:00:00.000Z,512.86,-1113.19
2026-03-07T19:15:00.000Z,655.44,-1090.46
2026-03-07T19:30:00.000Z,667,-1094.64
2026-03-07T19:45:00.000Z,711.67,-1082.06
2026-03-07T20:00:00.000Z,539.38,-1120.1
2026-03-07T20:15:00.000Z,435.32,-1167.71
2026-03-07T20:30:00.000Z,600.41,-1187.42
2026-03-07T20:45:00.000Z,505.85,-1142.78
2026-03-07T21:00:00.000Z,347.92,-1101.7
2026-03-07T21:15:00.000Z,389.17,-1072.51
2026-03-07T21:30:00.000Z,524.64,-1109.05
2026-03-07T21:45:00.000Z,632.12,-1083.06
2026-03-07T22:00:00.000Z,516.26,-965.33
2026-03-07T22:15:00.000Z,535.86,-872.08
2026-03-07T22:30:00.000Z,565.46,-857.69
2026-03-07T22:45:00.000Z,650.72,-830.43
2026-03-07T23:00:00.000Z,982.29,-698.36
2026-03-07T23:15:00.000Z,853.07,-678.93
2026-03-07T23:30:00.000Z,1010.09,-654.83
2026-03-07T23:45:00.000Z,991.28,-624.31
2026-03-08T00:00:00.000Z,977.87,-617.02
2026-03-08T00:15:00.000Z,855.2,-638.47
2026-03-08T00:30:00.000Z,899.5,-637.18
2026-03-08T00:45:00.000Z,857.59,-634.97
2026-03-08T01:00:00.000Z,758.07,-609.81
2026-03-08T01:15:00.000Z,776.63,-603.67
2026-03-08T01:30:00.000Z,699.07,-571.12
2026-03-08T01:45:00.000Z,681.5,-568.64
2026-03-08T02:00:00.000Z,629.59,-659.41
2026-03-08T02:15:00.000Z,625.72,-648.41
2026-03-08T02:30:00.000Z,436.6,-634.31
2026-03-08T02:45:00.000Z,251.01,-607.7
2026-03-08T03:00:00.000Z,367.35,-681.08
2026-03-08T03:15:00.000Z,411.05,-691.98
2026-03-08T03:30:00.000Z,524.84,-659.96
2026-03-08T03:45:00.000Z,702.72,-641.82
2026-03-08T04:00:00.000Z,684.2,-519.71
2026-03-08T04:15:00.000Z,703.79,-542.28
2026-03-08T04:30:00.000Z,650.53,-535.8
2026-03-08T04:45:00.000Z,550.78,-520.5
2026-03-08T05:00:00.000Z,756.04,-685.34
2026-03-08T05:15:00.000Z,657.99,-666.39
2026-03-08T05:30:00.000Z,529.85,-596.19
2026-03-08T05:45:00.000Z,294.07,-412.55
2026-03-08T06:00:00.000Z,12.57,-325.53
2026-03-08T06:15:00.000Z,-359.08,-158.48
2026-03-08T06:30:00.000Z,-503.7,0.5
2026-03-08T06:45:00.000Z,-553.8,0.5
2026-03-08T07:00:00.000Z,-623.12,0.5
2026-03-08T07:15:00.000Z,-727.29,0.5
2026-03-08T07:30:00.000Z,-790.25,0.5
2026-03-08T07:45:00.000Z,-709.03,0.5
2026-03-08T08:00:00.000Z,-587.27,0.5
2026-03-08T08:15:00.000Z,-596.27,0.5
2026-03-08T08:30:00.000Z,-533.94,0.5
2026-03-08T08:45:00.000Z,-516.02,0.5
2026-03-08T09:00:00.000Z,-564,0.5
2026-03-08T09:15:00.000Z,-530.01,-30.17
2026-03-08T09:30:00.000Z,-434.13,-159.79
2026-03-08T09:45:00.000Z,-427.09,-219.97
2026-03-08T10:00:00.000Z,-571.34,-192.47
2026-03-08T10:15:00.000Z,-571.71,-204.02
2026-03-08T10:30:00.000Z,-512.67,-256.94
2026-03-08T10:45:00.000Z,-409.51,-216.91
2026-03-08T11:00:00.000Z,-597.55,-149.02
2026-03-08T11:15:00.000Z,-720.47,-137.4
2026-03-08T11:30:00.000Z,-779.17,-164.02
2026-03-08T11:45:00.000Z,-915.34,-158.62
2026-03-08T12:00:00.000Z,-1151.92,-74.1
2026-03-08T12:15:00.000Z,-1210.84,-57.89
2026-03-08T12:30:00.000Z,-1253.6,-72.31
2026-03-08T12:45:00.000Z,-1258.18,-101
2026-03-08T13:00:00.000Z,-1323.13,-203.4
2026-03-08T13:15:00.000Z,-1445.08,-199.59
2026-03-08T13:30:00.000Z,-1363.25,-182.44
2026-03-08T13:45:00.000Z,-1158.05,-194.06
2026-03-08T14:00:00.000Z,-971.26,-287.01
2026-03-08T14:15:00.000Z,-1058.28,-202.77
2026-03-08T14:30:00.000Z,-1116.74,-40.54
2026-03-08T14:45:00.000Z,-854.98,-270.23
2026-03-08T15:00:00.000Z,-1206.6,-41.42
2026-03-08T15:15:00.000Z,-854.48,-423.81
2026-03-08T15:30:00.000Z,-284.45,-878.76
2026-03-08T15:45:00.000Z,-305.22,-875.02
2026-03-08T16:00:00.000Z,-730.72,-404.58
2026-03-08T16:15:00.000Z,-864.69,-323.22
2026-03-08T16:30:00.000Z,-812.24,-510.06
2026-03-08T16:45:00.000Z,-906.34,-502.93
2026-03-08T17:00:00.000Z,-894.64,-450.27
2026-03-08T17:15:00.000Z,-863.98,-454.1
2026-03-08T17:30:00.000Z,-854.04,-484.08
2026-03-08T17:45:00.000Z,-941.05,-514.35
2026-03-08T18:00:00.000Z,-980.01,-550.87
2026-03-08T18:15:00.000Z,-948.35,-590.26
2026-03-08T18:30:00.000Z,-853.23,-614.68
2026-03-08T18:45:00.000Z,-866.04,-574.3
2026-03-08T19:00:00.000Z,-770.6,-692.28
2026-03-08T19:15:00.000Z,-852.06,-732.62
2026-03-08T19:30:00.000Z,-819.92,-729.37
2026-03-08T19:45:00.000Z,-985.58,-403.61
2026-03-08T20:00:00.000Z,-1163.22,-390.84
2026-03-08T20:15:00.000Z,-1220.58,-363.89
2026-03-08T20:30:00.000Z,-1145.78,-329.02
2026-03-08T20:45:00.000Z,-1095.68,-288.66
2026-03-08T21:00:00.000Z,-1196.22,-187.49
2026-03-08T21:15:00.000Z,-1173,-158.73
2026-03-08T21:30:00.000Z,-1371.83,-141.26
2026-03-08T21:45:00.000Z,-1309.59,-141.03
2026-03-08T22:00:00.000Z,-1262.53,-164.05
2026-03-08T22:15:00.000Z,-1462.2,-125.22
2026-03-08T22:30:00.000Z,-1488.21,-103.6
2026-03-08T22:45:00.000Z,-1599.15,-124.19
2026-03-08T23:00:00.000Z,-1874.13,246.81
2026-03-08T23:15:00.000Z,-1883.52,267.09
2026-03-08T23:30:00.000Z,-1917.7,224.36
2026-03-08T23:45:00.000Z,-2044.43,175.6
2026-03-09T00:00:00.000Z,-1953.73,150.48
2026-03-09T00:15:00.000Z,-1813.14,165.64
2026-03-09T00:30:00.000Z,-1750.67,149.29
2026-03-09T00:45:00.000Z,-1790.61,108.15
2026-03-09T01:00:00.000Z,-1808.87,44.14
2026-03-09T01:15:00.000Z,-1617.52,-57.26
2026-03-09T01:30:00.000Z,-1707.96,-109.27
2026-03-09T01:45:00.000Z,-1678.21,-95.9
2026-03-09T02:00:00.000Z,-1732.36,-32.89
2026-03-09T02:15:00.000Z,-1812.24,46.55
2026-03-09T02:30:00.000Z,-1695.71,13
2026-03-09T02:45:00.000Z,-1633.64,3.81
2026-03-09T03:00:00.000Z,-1827.29,-226.64
2026-03-09T03:15:00.000Z,-1801.28,-239.072
2026-03-09T03:30:00.000Z,-1883.22,-261.74
2026-03-09T03:45:00.000Z,-1913.01,-316.8
2026-03-09T04:00:00.000Z,-1809.79,-705.97
2026-03-09T04:15:00.000Z,-1858.03,-888.28
2026-03-09T04:30:00.000Z,-1676.48,-938.84
2026-03-09T04:45:00.000Z,-1616.83,-939.95
2026-03-09T05:00:00.000Z,-1530.91,-971.31
2026-03-09T05:15:00.000Z,-1475.33,-1011.39
2026-03-09T05:30:00.000Z,-1804.74,-809.356
2026-03-09T05:45:00.000Z,-1772.49,-738.693
2026-03-09T06:00:00.000Z,-1708.97,-702.141
2026-03-09T06:15:00.000Z,-1639.58,-760.374
2026-03-09T06:30:00.000Z,-1688.3,-861.528
2026-03-09T06:45:00.000Z,-1778.81,-862.538
2026-03-09T07:00:00.000Z,-1765.51,-797.796
2026-03-09T07:15:00.000Z,-1561.01,-741.541
2026-03-09T07:30:00.000Z,-1573.9,-590.88
2026-03-09T07:45:00.000Z,-1773.01,-449.951
2026-03-09T08:00:00.000Z,-1729.53,-378.835
2026-03-09T08:15:00.000Z,-1735.57,-253.989
2026-03-09T08:30:00.000Z,-1830.01,-171.23
2026-03-09T08:45:00.000Z,-1846.38,-141.996
2026-03-09T09:00:00.000Z,-1870.99,-177.536
2026-03-09T09:15:00.000Z,-1830.3,-261.399
2026-03-09T09:30:00.000Z,-1862.19,-273.63
2026-03-09T09:45:00.000Z,-1815.52,-305.83
2026-03-09T10:00:00.000Z,-1743.22,-350.122
2026-03-09T10:15:00.000Z,-1696.54,-471.322
2026-03-09T10:30:00.000Z,-1664.18,-644.082
2026-03-09T10:45:00.000Z,-1759.34,-530.319
2026-03-09T11:00:00.000Z,-1866.82,-278.287
2026-03-09T11:15:00.000Z,-1811.46,-274.436
2026-03-09T11:30:00.000Z,-1771.98,-322.882
2026-03-09T11:45:00.000Z,-1798.72,-497.958
2026-03-09T12:00:00.000Z,-1680.9,-717.709
2026-03-09T12:15:00.000Z,-1801.58,-807.442
2026-03-09T12:30:00.000Z,-1939.18,-873.057
2026-03-09T12:45:00.000Z,-1883.37,-802.326
2026-03-09T13:00:00.000Z,-1675.36,-780.882
2026-03-09T13:15:00.000Z,-1657.37,-930.197
2026-03-09T13:30:00.000Z,-1726.58,-1078.35
2026-03-09T13:45:00.000Z,-1777.93,-1142.79
2026-03-09T14:00:00.000Z,-1863.59,-1140.27
2026-03-09T14:15:00.000Z,-1763.19,-1182.77
2026-03-09T14:30:00.000Z,-1744.33,-1108.31
2026-03-09T14:45:00.000Z,-1518.03,-954.343
2026-03-09T15:00:00.000Z,-1582.07,-812.522
2026-03-09T15:15:00.000Z,-1568.04,-683.581
2026-03-09T15:30:00.000Z,-1762.71,-616.987
2026-03-09T15:45:00.000Z,-1842.46,-582.509
2026-03-09T16:00:00.000Z,-1906.54,-534.491
2026-03-09T16:15:00.000Z,-1900.2,-480.771
2026-03-09T16:30:00.000Z,-1625.67,-472.148
2026-03-09T16:45:00.000Z,-1646.46,-483.268
2026-03-09T17:00:00.000Z,-1730.13,-440.056
2026-03-09T17:15:00.000Z,-1805.85,-383.651
2026-03-09T17:30:00.000Z,-1800.36,-376.204
2026-03-09T17:45:00.000Z,-1717.99,-420.815
2026-03-09T18:00:00.000Z,-1511.56,-482.778
2026-03-09T18:15:00.000Z,-1680.42,-474.883
2026-03-09T18:30:00.000Z,-1574.12,-454.027
2026-03-09T18:45:00.000Z,-1494.78,-476.308
2026-03-09T19:00:00.000Z,-1220.43,-533.203
2026-03-09T19:15:00.000Z,-1320.52,-586.578
2026-03-09T19:30:00.000Z,-1233.74,-647.127
2026-03-09T19:45:00.000Z,-1176.23,-735.216
2026-03-09T20:00:00.000Z,-1478.51,-817.444
2026-03-09T20:15:00.000Z,-1508.4,-899.578
2026-03-09T20:30:00.000Z,-1461.3,-987.634
2026-03-09T20:45:00.000Z,-1414.85,-1021.54
2026-03-09T21:00:00.000Z,-1227.35,-975.67
2026-03-09T21:15:00.000Z,-1076.89,-925.684
2026-03-09T21:30:00.000Z,-1059.58,-889.507
2026-03-09T21:45:00.000Z,-1110.26,-781.646
2026-03-09T22:00:00.000Z,-1213.09,-653.069
2026-03-09T22:15:00.000Z,-1162.45,-596.945
2026-03-09T22:30:00.000Z,-1208.04,-493.089
2026-03-09T22:45:00.000Z,-1273.81,-169.41
2026-03-09T23:00:00.000Z,-1469.64,204.592
2026-03-09T23:15:00.000Z,-1510.08,334.232
2026-03-09T23:30:00.000Z,-1504.56,393.801
2026-03-09T23:45:00.000Z,-1668.12,399.517
2026-03-10T00:00:00.000Z,-1378.55,399.5
2026-03-10T00:15:00.000Z,-1201.63,399.585
2026-03-10T00:30:00.000Z,-1130.57,399.675
2026-03-10T00:45:00.000Z,-940.48,399.513
2026-03-10T01:00:00.000Z,-1120.75,399.45
2026-03-10T01:15:00.000Z,-1081.02,399.6
2026-03-10T01:30:00.000Z,-969.95,399.57
2026-03-10T01:45:00.000Z,-917.59,399.326
2026-03-10T02:00:00.000Z,-963.54,399.118
2026-03-10T02:15:00.000Z,-1006.25,399.35
2026-03-10T02:30:00.000Z,-931.51,399.481
2026-03-10T02:45:00.000Z,-950.37,399.468
2026-03-10T03:00:00.000Z,-1111.52,399.568
2026-03-10T03:15:00.000Z,-1300.57,399.419
2026-03-10T03:30:00.000Z,-1545.25,395.832
2026-03-10T03:45:00.000Z,-1721.74,346.749
2026-03-10T04:00:00.000Z,-1648.14,254.718
2026-03-10T04:15:00.000Z,-1718.9,192.056
2026-03-10T04:30:00.000Z,-1841.16,152.881
2026-03-10T04:45:00.000Z,-1850.1,85.838
2026-03-10T05:00:00.000Z,-1824.24,10.5441
2026-03-10T05:15:00.000Z,-1874.52,0.9
2026-03-10T05:30:00.000Z,-1944.45,0.9
2026-03-10T05:45:00.000Z,-1697.66,0.9
2026-03-10T06:00:00.000Z,-1594.94,0.9
2026-03-10T06:15:00.000Z,-1721.63,0.9
2026-03-10T06:30:00.000Z,-1840.74,0.9
2026-03-10T06:45:00.000Z,-1816.97,0.9
2026-03-10T07:00:00.000Z,-1810.92,0.9
2026-03-10T07:15:00.000Z,-1911.35,0.9
2026-03-10T07:30:00.000Z,-1777.68,0.9
2026-03-10T07:45:00.000Z,-1736.03,0.9
2026-03-10T08:00:00.000Z,-1942.04,0.9
2026-03-10T08:15:00.000Z,-2020.1,-31.6684
2026-03-10T08:30:00.000Z,-1825.44,-72.9258
2026-03-10T08:45:00.000Z,-1566.84,-60.5005
2026-03-10T09:00:00.000Z,-1619.97,-49.077
2026-03-10T09:15:00.000Z,-1627.95,-49.1636
2026-03-10T09:30:00.000Z,-1501.57,-49.0803
2026-03-10T09:45:00.000Z,-1290.6,-97.3229
2026-03-10T10:00:00.000Z,-1366.59,-168.727
2026-03-10T10:15:00.000Z,-1397.61,-146.934
2026-03-10T10:30:00.000Z,-1429.67,-76.164
2026-03-10T10:45:00.000Z,-1430.54,52.3284
2026-03-10T11:00:00.000Z,-1507.67,193.912
2026-03-10T11:15:00.000Z,-1573.78,238.807
2026-03-10T11:30:00.000Z,-1701.04,182.737
2026-03-10T11:45:00.000Z,-1248.34,189.532
2026-03-10T12:00:00.000Z,-1483.61,359.633
2026-03-10T12:15:00.000Z,-1746.01,397.747
2026-03-10T12:30:00.000Z,-1842.55,399.146
2026-03-10T12:45:00.000Z,-1781.32,396.151
2026-03-10T13:00:00.000Z,-1811.58,396.308
2026-03-10T13:15:00.000Z,-1725.9,399.767
2026-03-10T13:30:00.000Z,-1529.95,399.852
2026-03-10T13:45:00.000Z,-1541.28,397.254
2026-03-10T14:00:00.000Z,-1545.32,396.174
2026-03-10T14:15:00.000Z,-1514.51,399.78
2026-03-10T14:30:00.000Z,-1630.35,399.769
2026-03-10T14:45:00.000Z,-1454.11,399.683
2026-03-10T15:00:00.000Z,-1370.03,399.724
2026-03-10T15:15:00.000Z,-1201.93,399.84
2026-03-10T15:30:00.000Z,-1116.39,400.69
2026-03-10T15:45:00.000Z,-1072.03,400.789
2026-03-10T16:00:00.000Z,-998.39,399.447
2026-03-10T16:15:00.000Z,-933.29,399.351
2026-03-10T16:30:00.000Z,-1082.76,399.114
2026-03-10T16:45:00.000Z,-1092.47,398.955
2026-03-10T17:00:00.000Z,-1074.6,398.88
2026-03-10T17:15:00.000Z,-1183.32,398.965
2026-03-10T17:30:00.000Z,-1344.99,399.016
2026-03-10T17:45:00.000Z,-1258.61,398.896
2026-03-10T18:00:00.000Z,-1337.41,398.884
2026-03-10T18:15:00.000Z,-1397.3,398.968
2026-03-10T18:30:00.000Z,-1345.35,398.477
2026-03-10T18:45:00.000Z,-1490.41,392.853
2026-03-10T19:00:00.000Z,-1682.99,386.216
2026-03-10T19:15:00.000Z,-1657.82,330.635
2026-03-10T19:30:00.000Z,-1831.97,253.165
2026-03-10T19:45:00.000Z,-1551.85,306.97
2026-03-10T20:00:00.000Z,-1396.94,390.429
2026-03-10T20:15:00.000Z,-1413,399.488
2026-03-10T20:30:00.000Z,-1349.69,399.139
2026-03-10T20:45:00.000Z,-1442.87,395.388
2026-03-10T21:00:00.000Z,-1273.06,394.048
2026-03-10T21:15:00.000Z,-1297.31,398.775
2026-03-10T21:30:00.000Z,-1290.19,399.5
2026-03-10T21:45:00.000Z,-1237.68,399.5
2026-03-10T22:00:00.000Z,-1307.78,399.5
2026-03-10T22:15:00.000Z,-1351.07,399.5
2026-03-10T22:30:00.000Z,-1250.65,405.588
2026-03-10T22:45:00.000Z,-1386.27,421.113
2026-03-10T23:00:00.000Z,-1188.59,417.619
2026-03-10T23:15:00.000Z,-1134.8,399.5
2026-03-10T23:30:00.000Z,-986.32,399.5
2026-03-10T23:45:00.000Z,-962.39,399.5
2026-03-11T00:00:00.000Z,-760.32,399.309
2026-03-11T00:15:00.000Z,-742.6,398.757
2026-03-11T00:30:00.000Z,-774.9,394.894
2026-03-11T00:45:00.000Z,-676,381.544
2026-03-11T01:00:00.000Z,-915.68,372.131
2026-03-11T01:15:00.000Z,-929.25,375.123
2026-03-11T01:30:00.000Z,-1003.54,371.915
2026-03-11T01:45:00.000Z,-1011,367.205
2026-03-11T02:00:00.000Z,-1102.81,372.498
2026-03-11T02:15:00.000Z,-1130.32,372.059
2026-03-11T02:30:00.000Z,-1180.18,359.387
2026-03-11T02:45:00.000Z,-1237.9,354.873
2026-03-11T03:00:00.000Z,-1294.1,359.563
2026-03-11T03:15:00.000Z,-1390.81,376.011
2026-03-11T03:30:00.000Z,-1406.69,372.638
2026-03-11T03:45:00.000Z,-1406.08,244.597
2026-03-11T04:00:00.000Z,-1348.87,45.3703
2026-03-11T04:15:00.000Z,-1387.65,-12.3439
2026-03-11T04:30:00.000Z,-1474.09,-52.8192
2026-03-11T04:45:00.000Z,-1379.6,-87.0594
2026-03-11T05:00:00.000Z,-1459.06,-75.3783
2026-03-11T05:15:00.000Z,-1447.59,-84.7286
2026-03-11T05:30:00.000Z,-1315.78,-82.0069
2026-03-11T05:45:00.000Z,-1428.9,-76.0584
2026-03-11T06:00:00.000Z,-1407.27,-87.8234
2026-03-11T06:15:00.000Z,-1562.68,-138.825
2026-03-11T06:30:00.000Z,-1505.47,-183.059
2026-03-11T06:45:00.000Z,-1512.79,-190.431
2026-03-11T07:00:00.000Z,-1571.66,-230.91
2026-03-11T07:15:00.000Z,-1602.47,-246.592
2026-03-11T07:30:00.000Z,-1830.95,-167.106
2026-03-11T07:45:00.000Z,-1829.69,-289.444
2026-03-11T08:00:00.000Z,-1656.64,-417.704
2026-03-11T08:15:00.000Z,-1540.16,-390.889
2026-03-11T08:30:00.000Z,-1436.07,-297.898
2026-03-11T08:45:00.000Z,-1440.13,-326.005
2026-03-11T09:00:00.000Z,-1452.43,-477.703
2026-03-11T09:15:00.000Z,-1603.4,-584.986
2026-03-11T09:30:00.000Z,-1330.1,-748.816
2026-03-11T09:45:00.000Z,-1217.4,-845.924
2026-03-11T10:00:00.000Z,-1394.86,-892.995
2026-03-11T10:15:00.000Z,-1470.87,-922.851
2026-03-11T10:30:00.000Z,-1409.31,-924.047
2026-03-11T10:45:00.000Z,-1327.62,-920.705
2026-03-11T11:00:00.000Z,-1119.96,-915.172
2026-03-11T11:15:00.000Z,-1074.79,-865.372
2026-03-11T11:30:00.000Z,-1187.66,-826.257
2026-03-11T11:45:00.000Z,-1241.31,-803.064
2026-03-11T12:00:00.000Z,-1371.57,-783.783
2026-03-11T12:15:00.000Z,-1449.53,-795.603
2026-03-11T12:30:00.000Z,-1528.79,-823.418
2026-03-11T12:45:00.000Z,-1438.32,-835.875
2026-03-11T13:00:00.000Z,-1327.05,-894.217
2026-03-11T13:15:00.000Z,-1282.7,-933.89
2026-03-11T13:30:00.000Z,-1390.12,-887.898
2026-03-11T13:45:00.000Z,-1444.58,-864.689
2026-03-11T14:00:00.000Z,-1392.52,-845.009
2026-03-11T14:15:00.000Z,-1447.9,-799.777
2026-03-11T14:30:00.000Z,-1376.41,-758.627
2026-03-11T14:45:00.000Z,-1294.16,-797.351
2026-03-11T15:00:00.000Z,-1154.92,-854.289
2026-03-11T15:15:00.000Z,-1246.14,-822.248
2026-03-11T15:30:00.000Z,-1279.69,-821.522
2026-03-11T15:45:00.000Z,-1261.08,-817.8
2026-03-11T16:00:00.000Z,-1151.56,-798.152
2026-03-11T16:15:00.000Z,-1269.94,-779.89
2026-03-11T16:30:00.000Z,-1188.1,-795.688
2026-03-11T16:45:00.000Z,-1068.65,-855.436
2026-03-11T17:00:00.000Z,-942.15,-903.392
2026-03-11T17:15:00.000Z,-982.73,-897.714
2026-03-11T17:30:00.000Z,-1052.74,-863.187
2026-03-11T17:45:00.000Z,-944.05,-789.432
2026-03-11T18:00:00.000Z,-741.14,-717.637
2026-03-11T18:15:00.000Z,-768.12,-633.885
2026-03-11T18:30:00.000Z,-720.18,-560.918
2026-03-11T18:45:00.000Z,-681.85,-488.478
2026-03-11T19:00:00.000Z,-807.12,-383.278
2026-03-11T19:15:00.000Z,-818.75,-277.884
2026-03-11T19:30:00.000Z,-626.08,-161.316
2026-03-11T19:45:00.000Z,-711.5,-94.74
2026-03-11T20:00:00.000Z,-840.73,-68.0475
2026-03-11T20:15:00.000Z,-1062.13,-47.7984
2026-03-11T20:30:00.000Z,-1050.44,18.2166
2026-03-11T20:45:00.000Z,-1097.37,97.7962
2026-03-11T21:00:00.000Z,-1198.59,184.804
2026-03-11T21:15:00.000Z,-1224.9,279.113
2026-03-11T21:30:00.000Z,-1161.04,361.983
2026-03-11T21:45:00.000Z,-1029.32,396.837
2026-03-11T22:00:00.000Z,-1174.21,399.1
2026-03-11T22:15:00.000Z,-1065.82,399.1
2026-03-11T22:30:00.000Z,-870.05,401.34
2026-03-11T22:45:00.000Z,-931.31,414.888
2026-03-11T23:00:00.000Z,-964.9,413.275
2026-03-11T23:15:00.000Z,-740.18,395.718
2026-03-11T23:30:00.000Z,-651.65,401.122
2026-03-11T23:45:00.000Z,-654.33,401.195
2026-03-12T00:00:00.000Z,-593.59,401.162
2026-03-12T00:15:00.000Z,-564.74,400.879
2026-03-12T00:30:00.000Z,-546.62,397.86
2026-03-12T00:45:00.000Z,-644.33,355.704
2026-03-12T01:00:00.000Z,-786.21,294.844
2026-03-12T01:15:00.000Z,-721.95,277.309
2026-03-12T01:30:00.000Z,-575.19,292.461
2026-03-12T01:45:00.000Z,-536,297.912
2026-03-12T02:00:00.000Z,-398.75,274.013
2026-03-12T02:15:00.000Z,-406.36,289.96
2026-03-12T02:30:00.000Z,-479.08,302.128
2026-03-12T02:45:00.000Z,-531.76,343.679
2026-03-12T03:00:00.000Z,-470.09,368.17
2026-03-12T03:15:00.000Z,-448.24,366.908
2026-03-12T03:30:00.000Z,-367.5,397.148
2026-03-12T03:45:00.000Z,-268.23,400.904
2026-03-12T04:00:00.000Z,-563.36,400.712
2026-03-12T04:15:00.000Z,-397.8,388.779
2026-03-12T04:30:00.000Z,-473.44,236.052
2026-03-12T04:45:00.000Z,-456.44,181.165
2026-03-12T05:00:00.000Z,-775.6,376.135
2026-03-12T05:15:00.000Z,-687.46,400.689
2026-03-12T05:30:00.000Z,-589.7,400.858
2026-03-12T05:45:00.000Z,-520.29,400.678
2026-03-12T06:00:00.000Z,-770.06,400.722
2026-03-12T06:15:00.000Z,-841.48,400.796
2026-03-12T06:30:00.000Z,-769.09,400.617
2026-03-12T06:45:00.000Z,-663.23,400.515
2026-03-12T07:00:00.000Z,-552.01,400.44
2026-03-12T07:15:00.000Z,-590.82,400.354
2026-03-12T07:30:00.000Z,-704.22,400.368
2026-03-12T07:45:00.000Z,-837.04,400.355
2026-03-12T08:00:00.000Z,-839.58,400.385
2026-03-12T08:15:00.000Z,-884.26,399.035
2026-03-12T08:30:00.000Z,-784.23,383.602
2026-03-12T08:45:00.000Z,-672.6,361.434
2026-03-12T09:00:00.000Z,-803.53,150.326
2026-03-12T09:15:00.000Z,-552.68,-354.259
2026-03-12T09:30:00.000Z,-170.05,-856.576
2026-03-12T09:45:00.000Z,299.98,-1127.47
2026-03-12T10:00:00.000Z,337.22,-1138.33
2026-03-12T10:15:00.000Z,392.95,-1146.56
2026-03-12T10:30:00.000Z,337.11,-1137.46
2026-03-12T10:45:00.000Z,257.04,-1134.89
2026-03-12T11:00:00.000Z,167.06,-1154.33
2026-03-12T11:15:00.000Z,15.06,-1168.42
2026-03-12T11:30:00.000Z,-81.49,-1178.42
2026-03-12T11:45:00.000Z,-47.54,-1191.45
2026-03-12T12:00:00.000Z,-181.8,-1184.79
2026-03-12T12:15:00.000Z,-172.43,-1157.74
2026-03-12T12:30:00.000Z,-220.95,-1114.06
2026-03-12T12:45:00.000Z,-89.62,-1092.78
2026-03-12T13:00:00.000Z,176.84,-1109.29
2026-03-12T13:15:00.000Z,296.66,-1124.22
2026-03-12T13:30:00.000Z,338.66,-1125.52
2026-03-12T13:45:00.000Z,359.88,-1122.98
2026-03-12T14:00:00.000Z,301.82,-1130.97
2026-03-12T14:15:00.000Z,494.01,-1143.25
2026-03-12T14:30:00.000Z,342.88,-1125.85
2026-03-12T14:45:00.000Z,792.21,-946.261
2026-03-12T15:00:00.000Z,384.6,-526.227
2026-03-12T15:15:00.000Z,-471.68,9.01231
2026-03-12T15:30:00.000Z,-924.28,367.344
2026-03-12T15:45:00.000Z,-813.1,400.418
2026-03-12T16:00:00.000Z,-811.27,400.362
2026-03-12T16:15:00.000Z,-858.36,400.342
2026-03-12T16:30:00.000Z,-998.38,400.436
2026-03-12T16:45:00.000Z,-876.92,400.451
2026-03-12T17:00:00.000Z,-901.46,400.48
2026-03-12T17:15:00.000Z,-779.46,400.65
2026-03-12T17:30:00.000Z,-616.73,400.74
2026-03-12T17:45:00.000Z,-350.25,400.29
2026-03-12T18:00:00.000Z,-308.05,400.36
2026-03-12T18:15:00.000Z,-296.26,400.39
2026-03-12T18:30:00.000Z,-231.43,400.06
2026-03-12T18:45:00.000Z,-170.87,400.09
2026-03-12T19:00:00.000Z,-239.08,400.1
2026-03-12T19:15:00.000Z,-166.59,400.1
2026-03-12T19:30:00.000Z,-41.27,400.23
2026-03-12T19:45:00.000Z,143.28,367.59
2026-03-12T20:00:00.000Z,277.44,-51.15
2026-03-12T20:15:00.000Z,480.1,-396.99
2026-03-12T20:30:00.000Z,763.99,-934.13
2026-03-12T20:45:00.000Z,796.66,-1116.92
2026-03-12T21:00:00.000Z,830.84,-1097.59
2026-03-12T21:15:00.000Z,832.15,-1085.78
2026-03-12T21:30:00.000Z,934.51,-1095.12
2026-03-12T21:45:00.000Z,1354.89,-1111.29
2026-03-12T22:00:00.000Z,1317.36,-1067.32
2026-03-12T22:15:00.000Z,1283.09,-1061.75
2026-03-12T22:30:00.000Z,1487.81,-1061.88
2026-03-12T22:45:00.000Z,1599.96,-1059.6
2026-03-12T23:00:00.000Z,1511.08,-1089.47
2026-03-12T23:15:00.000Z,1548.62,-1129.9
2026-03-12T23:30:00.000Z,1597.69,-1129.62
2026-03-12T23:45:00.000Z,1593.65,-1116.87
2026-03-13T00:00:00.000Z,1444.86,-1018.9
2026-03-13T00:15:00.000Z,1394.5,-1059.38
2026-03-13T00:30:00.000Z,1463.1,-1131.31
2026-03-13T00:45:00.000Z,1457.76,-1043.13
2026-03-13T01:00:00.000Z,1016.35,-655.45
2026-03-13T01:15:00.000Z,970.81,-654.01
2026-03-13T01:30:00.000Z,947.22,-611.28
2026-03-13T01:45:00.000Z,1003.53,-619.89
2026-03-13T02:00:00.000Z,1475.03,-1012.3
2026-03-13T02:15:00.000Z,1325.51,-1018.54
2026-03-13T02:30:00.000Z,1269.96,-1003.22
2026-03-13T02:45:00.000Z,1397.19,-1009.29
2026-03-13T03:00:00.000Z,1482.01,-1047.84
2026-03-13T03:15:00.000Z,1425,-1048.94
2026-03-13T03:30:00.000Z,1616.04,-1058.09
2026-03-13T03:45:00.000Z,1507.78,-1052.44
2026-03-13T04:00:00.000Z,1376.61,-1069.14
2026-03-13T04:15:00.000Z,1255.38,-1054.32
2026-03-13T04:30:00.000Z,965.68,-988.57
2026-03-13T04:45:00.000Z,883.79,-1020.04
2026-03-13T05:00:00.000Z,1208.96,-1114.02
2026-03-13T05:15:00.000Z,1259.9,-1127.72
2026-03-13T05:30:00.000Z,1026.47,-1118.42
2026-03-13T05:45:00.000Z,1157.07,-1061.37
2026-03-13T06:00:00.000Z,1226.06,-832.96
2026-03-13T06:15:00.000Z,1247.2,-1071.73
2026-03-13T06:30:00.000Z,1188.58,-1041.69
2026-03-13T06:45:00.000Z,1171.67,-1126.42
2026-03-13T07:00:00.000Z,1134.89,-1124.28
2026-03-13T07:15:00.000Z,1053.87,-1123.53
2026-03-13T07:30:00.000Z,1274.2,-1059.2
2026-03-13T07:45:00.000Z,1411.45,-886.94
2026-03-13T08:00:00.000Z,1442.32,-836.77
2026-03-13T08:15:00.000Z,1318.18,-791.77
2026-03-13T08:30:00.000Z,1437.01,-866.6
2026-03-13T08:45:00.000Z,1727.8,-912.41
2026-03-13T09:00:00.000Z,1791.85,-993.26
2026-03-13T09:15:00.000Z,1639.35,-876.99
2026-03-13T09:30:00.000Z,1582.98,-870.5
2026-03-13T09:45:00.000Z,1692.53,-918.81
2026-03-13T10:00:00.000Z,1647.62,-842.88
2026-03-13T10:15:00.000Z,1558.71,-726.83
2026-03-13T10:30:00.000Z,1580.2,-917.13
2026-03-13T10:45:00.000Z,1517.78,-916.71
2026-03-13T11:00:00.000Z,1541.5,-678.48
2026-03-13T11:15:00.000Z,1565.02,-697.05
2026-03-13T11:30:00.000Z,1572.55,-707.39
2026-03-13T11:45:00.000Z,1639.98,-656.99
2026-03-13T12:00:00.000Z,1707.49,-723.29
2026-03-13T12:15:00.000Z,1578.12,-617.07
2026-03-13T12:30:00.000Z,1515.6,-471.3
2026-03-13T12:45:00.000Z,1674.96,-601.3
2026-03-13T13:00:00.000Z,1683.18,-727.44
2026-03-13T13:15:00.000Z,1503.77,-478.63
2026-03-13T13:30:00.000Z,1582.94,-554.78
2026-03-13T13:45:00.000Z,1623.44,-650.45
2026-03-13T14:00:00.000Z,1773,-826.83
2026-03-13T14:15:00.000Z,1784.93,-1036.54
2026-03-13T14:30:00.000Z,1579.32,-1007.27
2026-03-13T14:45:00.000Z,1363.63,-747.62
2026-03-13T15:00:00.000Z,1049.04,-265.59
2026-03-13T15:15:00.000Z,427.95,164
2026-03-13T15:30:00.000Z,338.16,395.54
2026-03-13T15:45:00.000Z,498.68,401.16
2026-03-13T16:00:00.000Z,381.19,400.99
2026-03-13T16:15:00.000Z,178.61,401.19
2026-03-13T16:30:00.000Z,144.08,400.87
2026-03-13T16:45:00.000Z,125.98,400.99
2026-03-13T17:00:00.000Z,427.32,400.94
2026-03-13T17:15:00.000Z,478.83,401.02
2026-03-13T17:30:00.000Z,632.37,401.01
2026-03-13T17:45:00.000Z,772.73,400.68
2026-03-13T18:00:00.000Z,895.29,400.82
2026-03-13T18:15:00.000Z,977.88,400.74
2026-03-13T18:30:00.000Z,1024.31,400.6
2026-03-13T18:45:00.000Z,1170.53,400.74
2026-03-13T19:00:00.000Z,806.28,400.79
2026-03-13T19:15:00.000Z,685.38,400.61
2026-03-13T19:30:00.000Z,853.77,400.79
2026-03-13T19:45:00.000Z,928.57,400.7
2026-03-13T20:00:00.000Z,568.85,400.58
2026-03-13T20:15:00.000Z,457.05,401
2026-03-13T20:30:00.000Z,516.42,400.87
2026-03-13T20:45:00.000Z,528.9,400.69
2026-03-13T21:00:00.000Z,507.05,400.7
2026-03-13T21:15:00.000Z,618.88,400.7
2026-03-13T21:30:00.000Z,779.95,400.7
2026-03-13T21:45:00.000Z,917.56,400.7
2026-03-13T22:00:00.000Z,734.91,400.71
2026-03-13T22:15:00.000Z,820.85,400.7
2026-03-13T22:30:00.000Z,990.04,400.92
2026-03-13T22:45:00.000Z,960.92,388.17
2026-03-13T23:00:00.000Z,809.82,297.48
2026-03-13T23:15:00.000Z,810.58,398.9
2026-03-13T23:30:00.000Z,991.78,398.9
2026-03-13T23:45:00.000Z,1099.43,398.9
2026-03-14T00:00:00.000Z,1225.76,399.54
2026-03-14T00:15:00.000Z,1188.5,399.46
2026-03-14T00:30:00.000Z,1201.82,399.19
2026-03-14T00:45:00.000Z,1248.28,399.7
2026-03-14T01:00:00.000Z,1073.55,399.7
2026-03-14T01:15:00.000Z,1165.53,399.7
2026-03-14T01:30:00.000Z,1101.84,399.7
2026-03-14T01:45:00.000Z,1090.99,399.7
2026-03-14T02:00:00.000Z,1083.57,399.7
2026-03-14T02:15:00.000Z,1122.97,399.7
2026-03-14T02:30:00.000Z,1146.13,399.61
2026-03-14T02:45:00.000Z,1023.26,399.5
2026-03-14T03:00:00.000Z,1045.33,399.5
2026-03-14T03:15:00.000Z,978.43,399.5
2026-03-14T03:30:00.000Z,924.38,399.5
2026-03-14T03:45:00.000Z,961.38,399.5
2026-03-14T04:00:00.000Z,676.54,399.5
2026-03-14T04:15:00.000Z,660.08,399.5
2026-03-14T04:30:00.000Z,790.75,399.5
2026-03-14T04:45:00.000Z,726.6,399.5
2026-03-14T05:00:00.000Z,436.04,399.5
2026-03-14T05:15:00.000Z,230.21,399.5
2026-03-14T05:30:00.000Z,310.2,399.5
2026-03-14T05:45:00.000Z,316.94,399.5
2026-03-14T06:00:00.000Z,461.79,399.5
2026-03-14T06:15:00.000Z,769.9,399.5
2026-03-14T06:30:00.000Z,845.37,399.5
2026-03-14T06:45:00.000Z,692.43,399.5
2026-03-14T07:00:00.000Z,372.03,399.5
2026-03-14T07:15:00.000Z,423.52,399.5
2026-03-14T07:30:00.000Z,460.07,399.5
2026-03-14T07:45:00.000Z,367.43,399.5
2026-03-14T08:00:00.000Z,345.89,399.5
2026-03-14T08:15:00.000Z,290.51,399.5
2026-03-14T08:30:00.000Z,73.46,399.5
2026-03-14T08:45:00.000Z,-88.07,399.5
2026-03-14T09:00:00.000Z,-324.32,399.5
2026-03-14T09:15:00.000Z,-289.42,399.5
2026-03-14T09:30:00.000Z,-347.47,399.5
2026-03-14T09:45:00.000Z,-503.85,399.5
2026-03-14T10:00:00.000Z,-541.92,399.5
2026-03-14T10:15:00.000Z,-597.62,399.5
2026-03-14T10:30:00.000Z,-651.71,399.5
2026-03-14T10:45:00.000Z,-741.74,399.5
2026-03-14T11:00:00.000Z,-694.95,399.5
2026-03-14T11:15:00.000Z,-611.18,399.5
2026-03-14T11:30:00.000Z,-663.64,399.5
2026-03-14T11:45:00.000Z,-614.2,399.5
2026-03-14T12:00:00.000Z,-546.57,399.5
2026-03-14T12:15:00.000Z,-720.77,399.5
2026-03-14T12:30:00.000Z,-673.99,399.5
2026-03-14T12:45:00.000Z,-737.07,399.5
2026-03-14T13:00:00.000Z,-708.66,399.5
2026-03-14T13:15:00.000Z,-726.72,399.5
2026-03-14T13:30:00.000Z,-786.75,399.5
2026-03-14T13:45:00.000Z,-874.02,399.5
2026-03-14T14:00:00.000Z,-820.95,399.5
2026-03-14T14:15:00.000Z,-745.05,399.5
2026-03-14T14:30:00.000Z,-752.1,399.5
2026-03-14T14:45:00.000Z,-885.24,399.5
2026-03-14T15:00:00.000Z,-973.08,399.5
2026-03-14T15:15:00.000Z,-926.87,399.5
2026-03-14T15:30:00.000Z,-926.91,399.5
2026-03-14T15:45:00.000Z,-932.7,399.5
2026-03-14T16:00:00.000Z,-863.1,399.5
2026-03-14T16:15:00.000Z,-929.12,399.5
2026-03-14T16:30:00.000Z,-985.09,399.44
2026-03-14T16:45:00.000Z,-1000.48,399.49
2026-03-14T17:00:00.000Z,-1055.54,399.5
2026-03-14T17:15:00.000Z,-1168.41,399.5
2026-03-14T17:30:00.000Z,-1261.79,399.5
2026-03-14T17:45:00.000Z,-1177.47,399.5
2026-03-14T18:00:00.000Z,-1340.31,399.5
2026-03-14T18:15:00.000Z,-1465.99,399.5
2026-03-14T18:30:00.000Z,-1336.04,399.5
2026-03-14T18:45:00.000Z,-1241.68,399.5
2026-03-14T19:00:00.000Z,-841.74,399.5
2026-03-14T19:15:00.000Z,-693.65,399.5
2026-03-14T19:30:00.000Z,-670.87,399.5
2026-03-14T19:45:00.000Z,-713.17,399.5
2026-03-14T20:00:00.000Z,-877.69,399.5
2026-03-14T20:15:00.000Z,-1161.85,399.5
2026-03-14T20:30:00.000Z,-1087.34,399.5
2026-03-14T20:45:00.000Z,-1211.76,399.5
2026-03-14T21:00:00.000Z,-1266.81,399.5
2026-03-14T21:15:00.000Z,-1282.4,399.5
2026-03-14T21:30:00.000Z,-1356.32,399.5
2026-03-14T21:45:00.000Z,-1358.16,399.5
2026-03-14T22:00:00.000Z,-1426.05,399.5
2026-03-14T22:15:00.000Z,-1567.05,399.5
2026-03-14T22:30:00.000Z,-1443.34,399.5
2026-03-14T22:45:00.000Z,-1495.94,410.9
2026-03-14T23:00:00.000Z,-803.96,502.97
2026-03-14T23:15:00.000Z,-578.45,401.13
2026-03-14T23:30:00.000Z,-676.2,399.8
2026-03-14T23:45:00.000Z,-776.26,384.48
2026-03-15T00:00:00.000Z,-663.8,398.81
2026-03-15T00:15:00.000Z,-715.72,398.67
2026-03-15T00:30:00.000Z,-721.55,365.51
2026-03-15T00:45:00.000Z,-757.73,320.42
2026-03-15T01:00:00.000Z,-697.26,350.74
2026-03-15T01:15:00.000Z,-620.51,333.7
2026-03-15T01:30:00.000Z,-584.18,334
2026-03-15T01:45:00.000Z,-559.37,341.78
2026-03-15T02:00:00.000Z,-378.26,295.71
2026-03-15T02:15:00.000Z,-307.51,347.95
2026-03-15T02:30:00.000Z,-319.22,395.72
2026-03-15T02:45:00.000Z,-404.75,401.16
2026-03-15T03:00:00.000Z,-342.89,401.12
2026-03-15T03:15:00.000Z,-323.5,401.36
2026-03-15T03:30:00.000Z,-469.01,401.33
2026-03-15T03:45:00.000Z,-532.72,401.4
2026-03-15T04:00:00.000Z,-571.63,401.31
2026-03-15T04:15:00.000Z,-706.86,401.34
2026-03-15T04:30:00.000Z,-782.35,400.94
2026-03-15T04:45:00.000Z,-841.59,398.95
2026-03-15T05:00:00.000Z,-763.49,373.96
2026-03-15T05:15:00.000Z,-902.28,386.44
2026-03-15T05:30:00.000Z,-1076.03,397.13
2026-03-15T05:45:00.000Z,-1019.97,365.13
2026-03-15T06:00:00.000Z,-958.58,327.06
2026-03-15T06:15:00.000Z,-814.84,276.68
2026-03-15T06:30:00.000Z,-669.03,278.23
2026-03-15T06:45:00.000Z,-659.79,311.82
2026-03-15T07:00:00.000Z,-486.44,320.92
2026-03-15T07:15:00.000Z,-583.6,356.78
2026-03-15T07:30:00.000Z,-552.3,367.65
2026-03-15T07:45:00.000Z,-445.39,309.82
2026-03-15T08:00:00.000Z,-481.02,265.95
2026-03-15T08:15:00.000Z,-388.63,277.94
2026-03-15T08:30:00.000Z,-189.86,278.63
2026-03-15T08:45:00.000Z,-230.05,385.59
2026-03-15T09:00:00.000Z,-386.7,398.21
2026-03-15T09:15:00.000Z,-466.07,401.06
2026-03-15T09:30:00.000Z,-430.73,400.93
2026-03-15T09:45:00.000Z,-470.88,394.29
2026-03-15T10:00:00.000Z,-437.06,305.31
2026-03-15T10:15:00.000Z,-474.72,293.98
2026-03-15T10:30:00.000Z,-528.71,329.24
2026-03-15T10:45:00.000Z,-655.56,380.79
2026-03-15T11:00:00.000Z,-584.18,398.43
2026-03-15T11:15:00.000Z,-591.08,387.63
2026-03-15T11:30:00.000Z,-655.09,399.26
2026-03-15T11:45:00.000Z,-718.51,401.07
2026-03-15T12:00:00.000Z,-752.77,401.07
2026-03-15T12:15:00.000Z,-837.38,399.79
2026-03-15T12:30:00.000Z,-789.88,383.68
2026-03-15T12:45:00.000Z,-1002.61,383.24
2026-03-15T13:00:00.000Z,-1123.36,333.7
2026-03-15T13:15:00.000Z,-1461.22,385.91
2026-03-15T13:30:00.000Z,-1712.48,309.84
2026-03-15T13:45:00.000Z,-1954.26,177.94
2026-03-15T14:00:00.000Z,-1684.7,63.32
2026-03-15T14:15:00.000Z,-1752.78,-71.58
2026-03-15T14:30:00.000Z,-1874.41,-167.21
2026-03-15T14:45:00.000Z,-1694.58,-330
2026-03-15T15:00:00.000Z,-1704.42,-330.15
2026-03-15T15:15:00.000Z,-1890.96,-277.44
2026-03-15T15:30:00.000Z,-1779.65,-272.97
2026-03-15T15:45:00.000Z,-1831.01,-324.01
2026-03-15T16:00:00.000Z,-1865.48,-633.41
2026-03-15T16:15:00.000Z,-1825.67,-581.42
2026-03-15T16:30:00.000Z,-1885.12,-551.68
2026-03-15T16:45:00.000Z,-1967.71,-632.05
2026-03-15T17:00:00.000Z,-1861.36,-659.57
2026-03-15T17:15:00.000Z,-1851.05,-658
2026-03-15T17:30:00.000Z,-2025.93,-603.6
2026-03-15T17:45:00.000Z,-1912.81,-669.33
2026-03-15T18:00:00.000Z,-1789.39,-701.02
2026-03-15T18:15:00.000Z,-1937.23,-593.28
2026-03-15T18:30:00.000Z,-1892.95,-498.89
2026-03-15T18:45:00.000Z,-1749.61,-488.51
2026-03-15T19:00:00.000Z,-1784.23,-442.43
2026-03-15T19:15:00.000Z,-1754.23,-436.41
2026-03-15T19:30:00.000Z,-1747.24,-367.9
2026-03-15T19:45:00.000Z,-1711.26,-422.37
2026-03-15T20:00:00.000Z,-1730.37,-575.99
2026-03-15T20:15:00.000Z,-1676.39,-615.42
2026-03-15T20:30:00.000Z,-1797.65,-621.7
2026-03-15T20:45:00.000Z,-1662.2,-658.22
2026-03-15T21:00:00.000Z,-1632.32,-581.67
2026-03-15T21:15:00.000Z,-1713.24,-495.67
2026-03-15T21:30:00.000Z,-1605.44,-497.3
2026-03-15T21:45:00.000Z,-1620.62,-437.47
2026-03-15T22:00:00.000Z,-1564.98,-362.08
2026-03-15T22:15:00.000Z,-1670.02,-368.45
2026-03-15T22:30:00.000Z,-1598.39,-388.38
2026-03-15T22:45:00.000Z,-1765.78,-416.53
2026-03-15T23:00:00.000Z,-1768.02,-339.96
2026-03-15T23:15:00.000Z,-1730.66,-330.26
2026-03-15T23:30:00.000Z,-1722.27,-259.99
2026-03-15T23:45:00.000Z,-1696.32,-194.85
2026-03-16T00:00:00.000Z,-1542.09,-155.42
2026-03-16T00:15:00.000Z,-1588.29,-147.59
2026-03-16T00:30:00.000Z,-1657.63,-37.99
2026-03-16T00:45:00.000Z,-1688.43,23.53
2026-03-16T01:00:00.000Z,-1295.45,-301.82
2026-03-16T01:15:00.000Z,-1131.47,-315.76
2026-03-16T01:30:00.000Z,-1260.79,-249.42
2026-03-16T01:45:00.000Z,-1271.69,-234.37
2026-03-16T02:00:00.000Z,-1158.15,-400.41
2026-03-16T02:15:00.000Z,-1229.37,-363.41
2026-03-16T02:30:00.000Z,-1233.96,-434.34
2026-03-16T02:45:00.000Z,-1227.98,-488.63
2026-03-16T03:00:00.000Z,-1463.45,-390.32
2026-03-16T03:15:00.000Z,-1925.96,-80.43
2026-03-16T03:30:00.000Z,-1941.01,-57.3
2026-03-16T03:45:00.000Z,-1801.74,-220.58
2026-03-16T04:00:00.000Z,-1628.99,-497.66
2026-03-16T04:15:00.000Z,-1660.78,-560.23
2026-03-16T04:30:00.000Z,-1630.27,-626.19
2026-03-16T04:45:00.000Z,-1689.14,-583.34
2026-03-16T05:00:00.000Z,-1627.78,-443.01
2026-03-16T05:15:00.000Z,-1544.47,-478.35
2026-03-16T05:30:00.000Z,-1674.95,-411.45
2026-03-16T05:45:00.000Z,-1641.76,-383.88
2026-03-16T06:00:00.000Z,-1683.4,-193.31
2026-03-16T06:15:00.000Z,-1884.26,-178.95
2026-03-16T06:30:00.000Z,-1766.25,-175.07
2026-03-16T06:45:00.000Z,-1720.59,-157.39
2026-03-16T07:00:00.000Z,-1657.1,-279.25
2026-03-16T07:15:00.000Z,-1820.35,-257.44
2026-03-16T07:30:00.000Z,-2025.54,-296.14
2026-03-16T07:45:00.000Z,-1706.94,-339.16
2026-03-16T08:00:00.000Z,-1757.48,-422.82
2026-03-16T08:15:00.000Z,-1734.97,-494.11
2026-03-16T08:30:00.000Z,-1745.54,-642.34
2026-03-16T08:45:00.000Z,-1863.46,-646.15
2026-03-16T09:00:00.000Z,-1939.89,-477.92
2026-03-16T09:15:00.000Z,-1738.53,-544.96
2026-03-16T09:30:00.000Z,-1781.01,-669.89
2026-03-16T09:45:00.000Z,-1661.23,-543.81
2026-03-16T10:00:00.000Z,-1781.69,-171.05
2026-03-16T10:15:00.000Z,-1867.83,-50.53
2026-03-16T10:30:00.000Z,-1809.71,-6.92
2026-03-16T10:45:00.000Z,-1629.79,-84.07
2026-03-16T11:00:00.000Z,-1477.05,-107.34
2026-03-16T11:15:00.000Z,-1408.46,-237
2026-03-16T11:30:00.000Z,-1545.11,-137.81
2026-03-16T11:45:00.000Z,-1575.2,-64.83
2026-03-16T12:00:00.000Z,-1371.18,-42.19
2026-03-16T12:15:00.000Z,-1345.2,-40.31
2026-03-16T12:30:00.000Z,-1413.43,-63.84
2026-03-16T12:45:00.000Z,-1606.93,8.94
2026-03-16T13:00:00.000Z,-1522.42,-15.16
2026-03-16T13:15:00.000Z,-1292.18,-385.56
2026-03-16T13:30:00.000Z,-1151.06,-517.04
2026-03-16T13:45:00.000Z,-1300.1,-498.14
2026-03-16T14:00:00.000Z,-1359.3,-736.65
2026-03-16T14:15:00.000Z,-1291.03,-663.32
2026-03-16T14:30:00.000Z,-1509.62,-564.2
2026-03-16T14:45:00.000Z,-1512.88,-537.21
2026-03-16T15:00:00.000Z,-1355.31,-428.23
2026-03-16T15:15:00.000Z,-1316.62,-429.35
2026-03-16T15:30:00.000Z,-1226.27,-397.98
2026-03-16T15:45:00.000Z,-1196.71,-299.88
2026-03-16T16:00:00.000Z,-1322.05,-136.63
2026-03-16T16:15:00.000Z,-1467.49,-75.37
2026-03-16T16:30:00.000Z,-1521.8,-25.95
2026-03-16T16:45:00.000Z,-1804.13,237.29
2026-03-16T17:00:00.000Z,-1644.93,170.98
2026-03-16T17:15:00.000Z,-1668.74,252.77
2026-03-16T17:30:00.000Z,-1790.77,358.29
2026-03-16T17:45:00.000Z,-1781.3,395.81
2026-03-16T18:00:00.000Z,-1918.6,383.46
2026-03-16T18:15:00.000Z,-1863.41,384.36
2026-03-16T18:30:00.000Z,-1563.96,396.84
2026-03-16T18:45:00.000Z,-1527.11,377.65
2026-03-16T19:00:00.000Z,-1662.33,307.05
2026-03-16T19:15:00.000Z,-1671.52,263.69
2026-03-16T19:30:00.000Z,-1296.25,-104.96
2026-03-16T19:45:00.000Z,-959.78,-400.34
2026-03-16T20:00:00.000Z,-1019.52,-366.9
2026-03-16T20:15:00.000Z,-1001.16,-469.87
2026-03-16T20:30:00.000Z,-1045.17,-492.24
2026-03-16T20:45:00.000Z,-1337.08,-153.92
2026-03-16T21:00:00.000Z,-749.81,-604.58
2026-03-16T21:15:00.000Z,-604.53,-703.81
2026-03-16T21:30:00.000Z,-720.53,-709.58
2026-03-16T21:45:00.000Z,-1375.12,-239.51
2026-03-16T22:00:00.000Z,-1031.1,-422.04
2026-03-16T22:15:00.000Z,-1200.06,-66.1
2026-03-16T22:30:00.000Z,-1436.55,59.74
2026-03-16T22:45:00.000Z,-1264.51,35.63
2026-03-16T23:00:00.000Z,-1241.65,193.39
2026-03-16T23:15:00.000Z,-1510.27,290
2026-03-16T23:30:00.000Z,-1571.96,386.42
2026-03-16T23:45:00.000Z,-1430.21,399.5
2026-03-17T00:00:00.000Z,-1394.72,399.5
2026-03-17T00:15:00.000Z,-1240.77,399.5
2026-03-17T00:30:00.000Z,-1233.47,399.5
2026-03-17T00:45:00.000Z,-1192.54,399.5
2026-03-17T01:00:00.000Z,-1145.66,399.5
2026-03-17T01:15:00.000Z,-1215.56,399.5
2026-03-17T01:30:00.000Z,-1177.83,399.5
2026-03-17T01:45:00.000Z,-1174.64,399.5
2026-03-17T02:00:00.000Z,-1317.64,399.5
2026-03-17T02:15:00.000Z,-1424.19,399.5
2026-03-17T02:30:00.000Z,-1445.34,399.36
2026-03-17T02:45:00.000Z,-1473.14,399.2
2026-03-17T03:00:00.000Z,-1506.75,399.2
2026-03-17T03:15:00.000Z,-1536.37,390.75
2026-03-17T03:30:00.000Z,-1613.4,371.85
2026-03-17T03:45:00.000Z,-1658.85,287.28
2026-03-17T04:00:00.000Z,-1682.09,124.23
2026-03-17T04:15:00.000Z,-1708.72,85.42
2026-03-17T04:30:00.000Z,-1831.52,38.23
2026-03-17T04:45:00.000Z,-1893.36,148.33
2026-03-17T05:00:00.000Z,-1830.6,169.05
2026-03-17T05:15:00.000Z,-1932.71,286.14
2026-03-17T05:30:00.000Z,-1871.14,259.58
2026-03-17T05:45:00.000Z,-1796.12,377.88
2026-03-17T06:00:00.000Z,-1925.44,398.9
2026-03-17T06:15:00.000Z,-1941.62,398.9
2026-03-17T06:30:00.000Z,-1706.3,398.9
2026-03-17T06:45:00.000Z,-1502.11,398.9
2026-03-17T07:00:00.000Z,-1536.45,398.9
2026-03-17T07:15:00.000Z,-1625.31,398.9
2026-03-17T07:30:00.000Z,-1562.39,398.9
2026-03-17T07:45:00.000Z,-1564.64,398.9
2026-03-17T08:00:00.000Z,-1597.03,398.9
2026-03-17T08:15:00.000Z,-1458.45,398.9
2026-03-17T08:30:00.000Z,-1370.55,398.9
2026-03-17T08:45:00.000Z,-1321.92,398.9
2026-03-17T09:00:00.000Z,-1369.2,398.9
2026-03-17T09:15:00.000Z,-1469.8,398.9
2026-03-17T09:30:00.000Z,-1442.7,398.9
2026-03-17T09:45:00.000Z,-1409.86,398.9
2026-03-17T10:00:00.000Z,-1377.86,398.91
2026-03-17T10:15:00.000Z,-1794.89,398.82
2026-03-17T10:30:00.000Z,-1982.27,398.9
2026-03-17T10:45:00.000Z,-1841.1,398.9
2026-03-17T11:00:00.000Z,-1667.32,398.9
2026-03-17T11:15:00.000Z,-1723.38,398.9
2026-03-17T11:30:00.000Z,-1808.09,398.9
2026-03-17T11:45:00.000Z,-1733.65,398.9
2026-03-17T12:00:00.000Z,-1617.63,398.9
2026-03-17T12:15:00.000Z,-1717.41,398.9
2026-03-17T12:30:00.000Z,-1794.26,398.9
2026-03-17T12:45:00.000Z,-1810.06,398.9
2026-03-17T13:00:00.000Z,-1751.87,398.9
2026-03-17T13:15:00.000Z,-1612.26,398.9
2026-03-17T13:30:00.000Z,-1807.62,398.9
2026-03-17T13:45:00.000Z,-1799.84,398.9
2026-03-17T14:00:00.000Z,-1849.74,398.9
2026-03-17T14:15:00.000Z,-1783.32,398.9
2026-03-17T14:30:00.000Z,-1745.57,398.9
2026-03-17T14:45:00.000Z,-1704.36,393.18
2026-03-17T15:00:00.000Z,-1605.35,375.56
2026-03-17T15:15:00.000Z,-1622.67,374.91
2026-03-17T15:30:00.000Z,-1685.77,398.8
2026-03-17T15:45:00.000Z,-1725.07,398.8
2026-03-17T16:00:00.000Z,-1695.92,399.04
2026-03-17T16:15:00.000Z,-1702.35,398.8
2026-03-17T16:30:00.000Z,-1755.14,398.8
2026-03-17T16:45:00.000Z,-1746.3,398.8
2026-03-17T17:00:00.000Z,-1490.9,398.8
2026-03-17T17:15:00.000Z,-1409.45,398.8
2026-03-17T17:30:00.000Z,-1500.73,398.8
2026-03-17T17:45:00.000Z,-1531.38,398.8
2026-03-17T18:00:00.000Z,-1291.66,396.39
2026-03-17T18:15:00.000Z,-1217.29,337.09
2026-03-17T18:30:00.000Z,-950.82,207.84
2026-03-17T18:45:00.000Z,-821.71,96.22
2026-03-17T19:00:00.000Z,-412.25,-90.53
2026-03-17T19:15:00.000Z,-418.24,-158.59
2026-03-17T19:30:00.000Z,-687.07,330.76
2026-03-17T19:45:00.000Z,-718.5,398.9
2026-03-17T20:00:00.000Z,-949.02,398.9
2026-03-17T20:15:00.000Z,-1141.97,398.9
2026-03-17T20:30:00.000Z,-983.93,398.9
2026-03-17T20:45:00.000Z,-912.67,398.9
2026-03-17T21:00:00.000Z,-867.49,398.9
2026-03-17T21:15:00.000Z,-754.17,398.9
2026-03-17T21:30:00.000Z,-806.44,398.9
2026-03-17T21:45:00.000Z,-893.07,398.9
2026-03-17T22:00:00.000Z,-781.44,398.9
2026-03-17T22:15:00.000Z,-921.53,398.9
2026-03-17T22:30:00.000Z,-879.54,398.9
2026-03-17T22:45:00.000Z,-1083.94,398.9
2026-03-17T23:00:00.000Z,-614.32,398.9
2026-03-17T23:15:00.000Z,-366.48,398.9
2026-03-17T23:30:00.000Z,-344.86,398.9
2026-03-17T23:45:00.000Z,-250.14,398.9
2026-03-18T00:00:00.000Z,-213.91,398.9
2026-03-18T00:15:00.000Z,-141.92,398.9
2026-03-18T00:30:00.000Z,-200.73,398.9
2026-03-18T00:45:00.000Z,-187.55,398.9
2026-03-18T01:00:00.000Z,8.61,398.9
2026-03-18T01:15:00.000Z,-146.23,398.9
2026-03-18T01:30:00.000Z,-66.76,398.9
2026-03-18T01:45:00.000Z,37.85,398.9
2026-03-18T02:00:00.000Z,4.62,398.9
2026-03-18T02:15:00.000Z,-105.14,398.9
2026-03-18T02:30:00.000Z,-183.18,398.9
2026-03-18T02:45:00.000Z,-189.34,398.9
2026-03-18T03:00:00.000Z,-93.65,398.9
2026-03-18T03:15:00.000Z,-201.26,398.9
2026-03-18T03:30:00.000Z,-342.87,398.9
2026-03-18T03:45:00.000Z,-436.45,398.9
2026-03-18T04:00:00.000Z,-294.77,398.9
2026-03-18T04:15:00.000Z,-211.88,398.9
2026-03-18T04:30:00.000Z,-75.69,398.9
2026-03-18T04:45:00.000Z,-111.59,359.52
2026-03-18T05:00:00.000Z,185.04,-191.79
2026-03-18T05:15:00.000Z,852.48,-715.72
2026-03-18T05:30:00.000Z,1065.12,-623.92
2026-03-18T05:45:00.000Z,824.91,-179.36
2026-03-18T06:00:00.000Z,174.29,339.36
2026-03-18T06:15:00.000Z,-403.3,399.26
2026-03-18T06:30:00.000Z,-751.22,399.3
2026-03-18T06:45:00.000Z,-795.81,399.3
2026-03-18T07:00:00.000Z,-562.26,399.3
2026-03-18T07:15:00.000Z,-722.96,399.3
2026-03-18T07:30:00.000Z,-706.41,399.3
2026-03-18T07:45:00.000Z,-736.33,399.17
2026-03-18T08:00:00.000Z,-381.32,399.6
2026-03-18T08:15:00.000Z,-366.35,399.15
2026-03-18T08:30:00.000Z,-448.07,377.64
2026-03-18T08:45:00.000Z,-450.08,122.12
2026-03-18T09:00:00.000Z,-495.67,177.13
2026-03-18T09:15:00.000Z,-162.05,-341.09
2026-03-18T09:30:00.000Z,317.41,-607.76
2026-03-18T09:45:00.000Z,626.74,-539.05
2026-03-18T10:00:00.000Z,476.55,-447.12
2026-03-18T10:15:00.000Z,848.61,-581.57
2026-03-18T10:30:00.000Z,1152.14,-735.81
2026-03-18T10:45:00.000Z,1496.17,-1149.91
2026-03-18T11:00:00.000Z,1462.85,-1195
2026-03-18T11:15:00.000Z,1519.51,-1195.2
2026-03-18T11:30:00.000Z,1424.29,-1194.91
2026-03-18T11:45:00.000Z,1281.21,-1152.92
2026-03-18T12:00:00.000Z,608.08,-871.29
2026-03-18T12:15:00.000Z,358.13,-590.11
2026-03-18T12:30:00.000Z,221.51,-431.76
2026-03-18T12:45:00.000Z,175.44,-364.97
2026-03-18T13:00:00.000Z,828.37,-732.72
2026-03-18T13:15:00.000Z,599.68,-355.64
2026-03-18T13:30:00.000Z,302.41,-180.98
2026-03-18T13:45:00.000Z,35.08,81.17
2026-03-18T14:00:00.000Z,587.79,-173.51
2026-03-18T14:15:00.000Z,279.52,199.13
2026-03-18T14:30:00.000Z,534.56,292.53
2026-03-18T14:45:00.000Z,289.45,387.56
2026-03-18T15:00:00.000Z,165.39,399.27
2026-03-18T15:15:00.000Z,141.72,378.18
2026-03-18T15:30:00.000Z,526.84,134.62
2026-03-18T15:45:00.000Z,307.86,362.73
2026-03-18T16:00:00.000Z,193.63,399.3
2026-03-18T16:15:00.000Z,29.29,399.3
2026-03-18T16:30:00.000Z,-148.76,399.3
2026-03-18T16:45:00.000Z,-211.24,399.3
2026-03-18T17:00:00.000Z,-124.58,399.3
2026-03-18T17:15:00.000Z,-97,399.3
2026-03-18T17:30:00.000Z,-203.26,399.3
2026-03-18T17:45:00.000Z,-360.6,399.3
2026-03-18T18:00:00.000Z,-506.02,399.3
2026-03-18T18:15:00.000Z,-465.36,399.3
2026-03-18T18:30:00.000Z,-517.11,399.23
2026-03-18T18:45:00.000Z,-720.72,399.18
2026-03-18T19:00:00.000Z,-446.42,399.2
2026-03-18T19:15:00.000Z,-329.02,399.2
2026-03-18T19:30:00.000Z,-217.88,399.2
2026-03-18T19:45:00.000Z,-207.8,399.2
2026-03-18T20:00:00.000Z,-306.66,399.2
2026-03-18T20:15:00.000Z,-713.25,399.13
2026-03-18T20:30:00.000Z,-735.75,399.1
2026-03-18T20:45:00.000Z,-704.41,399.1
2026-03-18T21:00:00.000Z,-703.63,399.1
2026-03-18T21:15:00.000Z,-655.49,399.1
2026-03-18T21:30:00.000Z,-782.16,399.1
2026-03-18T21:45:00.000Z,-509.61,399.1
2026-03-18T22:00:00.000Z,-516.61,399.1
2026-03-18T22:15:00.000Z,-429.37,399.1
2026-03-18T22:30:00.000Z,-212.36,399.1
2026-03-18T22:45:00.000Z,-311.04,399.2
2026-03-18T23:00:00.000Z,-352.76,399.2
2026-03-18T23:15:00.000Z,-349.46,399.2
2026-03-18T23:30:00.000Z,-576.91,399.2
2026-03-18T23:45:00.000Z,-679.22,399.2
2026-03-19T00:00:00.000Z,-530.56,399.35
2026-03-19T00:15:00.000Z,-370.23,399.3
2026-03-19T00:30:00.000Z,-211.04,399.3
2026-03-19T00:45:00.000Z,-188.99,399.3
2026-03-19T01:00:00.000Z,-198.78,399.3
2026-03-19T01:15:00.000Z,-397.45,399.3
2026-03-19T01:30:00.000Z,-420.26,399.3
2026-03-19T01:45:00.000Z,-399.43,399.3
2026-03-19T02:00:00.000Z,-462.01,399.3
2026-03-19T02:15:00.000Z,-221.34,399.3
2026-03-19T02:30:00.000Z,-168.67,399.3
2026-03-19T02:45:00.000Z,-17.98,399.3
2026-03-19T03:00:00.000Z,22.6,399.3
2026-03-19T03:15:00.000Z,-140.29,399.3
2026-03-19T03:30:00.000Z,-615.14,399.3
2026-03-19T03:45:00.000Z,-750.11,399.3
2026-03-19T04:00:00.000Z,-787.33,399.3
2026-03-19T04:15:00.000Z,-860.02,399.3
2026-03-19T04:30:00.000Z,-889,399.3
2026-03-19T04:45:00.000Z,-892.21,399.3
2026-03-19T05:00:00.000Z,-1088.54,399.34
2026-03-19T05:15:00.000Z,-893.21,399.3
2026-03-19T05:30:00.000Z,-955.97,399.3
2026-03-19T05:45:00.000Z,-858.2,399.3
2026-03-19T06:00:00.000Z,-1072.71,399.3
2026-03-19T06:15:00.000Z,-1328.09,399.3
2026-03-19T06:30:00.000Z,-1088.26,399.3
2026-03-19T06:45:00.000Z,-1129.27,399.3
2026-03-19T07:00:00.000Z,-1314.93,399.3
2026-03-19T07:15:00.000Z,-1416.72,399.3
2026-03-19T07:30:00.000Z,-1336.04,399.3
2026-03-19T07:45:00.000Z,-1327.59,399.3
2026-03-19T08:00:00.000Z,-1336.91,399.3
2026-03-19T08:15:00.000Z,-1191.95,399.3
2026-03-19T08:30:00.000Z,-1266.29,399.3
2026-03-19T08:45:00.000Z,-1508.36,399.3
2026-03-19T09:00:00.000Z,-1311.36,399.3
2026-03-19T09:15:00.000Z,-1365.37,399.3
2026-03-19T09:30:00.000Z,-1687.71,398.04
2026-03-19T09:45:00.000Z,-1549.38,396.39
2026-03-19T10:00:00.000Z,-1207.79,399.4
2026-03-19T10:15:00.000Z,-1159.86,399.4
2026-03-19T10:30:00.000Z,-1086.84,398.98
2026-03-19T10:45:00.000Z,-1103.34,398.53
2026-03-19T11:00:00.000Z,-1149,399.3
2026-03-19T11:15:00.000Z,-1144.48,398.73
2026-03-19T11:30:00.000Z,-1204.38,397.97
2026-03-19T11:45:00.000Z,-1174.02,393.02
2026-03-19T12:00:00.000Z,-915.43,373.1
2026-03-19T12:15:00.000Z,-880.32,359.94
2026-03-19T12:30:00.000Z,-1151.53,366.36
2026-03-19T12:45:00.000Z,-1287.24,391.3
2026-03-19T13:00:00.000Z,-1287.69,396.52
2026-03-19T13:15:00.000Z,-1262.56,399.54
2026-03-19T13:30:00.000Z,-1177.34,399.57
2026-03-19T13:45:00.000Z,-1266.54,399.3
2026-03-19T14:00:00.000Z,-1340.59,399.3
2026-03-19T14:15:00.000Z,-1480.48,399.3
2026-03-19T14:30:00.000Z,-1511.31,399.3
2026-03-19T14:45:00.000Z,-1410.24,399.3
2026-03-19T15:00:00.000Z,-1386.81,399.3
2026-03-19T15:15:00.000Z,-1503.96,399.3
2026-03-19T15:30:00.000Z,-1542.44,399.3
2026-03-19T15:45:00.000Z,-1503.76,399.3
2026-03-19T16:00:00.000Z,-1172.65,399.3
2026-03-19T16:15:00.000Z,-977.61,399.3
2026-03-19T16:30:00.000Z,-1092.59,399.03
2026-03-19T16:45:00.000Z,-1020.6,398.8
2026-03-19T17:00:00.000Z,-757.66,398.99
2026-03-19T17:15:00.000Z,-654.16,398.7
2026-03-19T17:30:00.000Z,-916.42,399.03
2026-03-19T17:45:00.000Z,-969.43,399.42
2026-03-19T18:00:00.000Z,-792.38,399.52
2026-03-19T18:15:00.000Z,-617.51,398.8
2026-03-19T18:30:00.000Z,-524.84,398.8
2026-03-19T18:45:00.000Z,-638.35,399.57
2026-03-19T19:00:00.000Z,-623.41,399.6
2026-03-19T19:15:00.000Z,-367.71,398.8
2026-03-19T19:30:00.000Z,-224.37,399.17
2026-03-19T19:45:00.000Z,-80.8,399.38
2026-03-19T20:00:00.000Z,-387.86,399.25
2026-03-19T20:15:00.000Z,-640.46,399.09
2026-03-19T20:30:00.000Z,-671.21,398.73
2026-03-19T20:45:00.000Z,-798.84,398.7
2026-03-19T21:00:00.000Z,-984.63,398.7
2026-03-19T21:15:00.000Z,-1039.23,399.36
2026-03-19T21:30:00.000Z,-1058.88,399.41
2026-03-19T21:45:00.000Z,-978.76,398.7
2026-03-19T22:00:00.000Z,-1121.18,398.8
2026-03-19T22:15:00.000Z,-1086.81,399.2
2026-03-19T22:30:00.000Z,-1054.19,399.5
2026-03-19T22:45:00.000Z,-1207.04,399.5
2026-03-19T23:00:00.000Z,-1157.92,399.5
2026-03-19T23:15:00.000Z,-1017.99,399.5
2026-03-19T23:30:00.000Z,-900.5,399.5
2026-03-19T23:45:00.000Z,-842.36,399.5
2026-03-20T00:00:00.000Z,-910.18,399.5
2026-03-20T00:15:00.000Z,-836.95,399.5
2026-03-20T00:30:00.000Z,-760.35,399.5
2026-03-20T00:45:00.000Z,-930.2,399.5
2026-03-20T01:00:00.000Z,-1236.78,399.5
2026-03-20T01:15:00.000Z,-1464.53,399.5
2026-03-20T01:30:00.000Z,-1794.45,399.5
2026-03-20T01:45:00.000Z,-2090.67,399.5
2026-03-20T02:00:00.000Z,-2314.14,399.5
2026-03-20T02:15:00.000Z,-2213.27,399.5
2026-03-20T02:30:00.000Z,-1901.19,399.5
2026-03-20T02:45:00.000Z,-1593.9,399.5
2026-03-20T03:00:00.000Z,-1331.99,399.5
2026-03-20T03:15:00.000Z,-1244.25,396.78
2026-03-20T03:30:00.000Z,-1471.8,339.25
2026-03-20T03:45:00.000Z,-1654.4,358.27
2026-03-20T04:00:00.000Z,-1475.28,246.69
2026-03-20T04:15:00.000Z,-1327.44,241.56
2026-03-20T04:30:00.000Z,-1274.39,269.32
2026-03-20T04:45:00.000Z,-1421.28,282.61
2026-03-20T05:00:00.000Z,-1602.57,384.66
2026-03-20T05:15:00.000Z,-1560.91,387.53
2026-03-20T05:30:00.000Z,-1607.71,383.41
2026-03-20T05:45:00.000Z,-1559.57,377.83
2026-03-20T06:00:00.000Z,-1742.36,377.26
2026-03-20T06:15:00.000Z,-1813.68,274.29
2026-03-20T06:30:00.000Z,-1871.3,190.89
2026-03-20T06:45:00.000Z,-1848.83,129.71
2026-03-20T07:00:00.000Z,-1610.79,-42.98
2026-03-20T07:15:00.000Z,-1556.01,-227.2
2026-03-20T07:30:00.000Z,-1611.83,-273.45
2026-03-20T07:45:00.000Z,-1605.41,-272.24
2026-03-20T08:00:00.000Z,-1937.07,75.91
2026-03-20T08:15:00.000Z,-1917.69,175.51
2026-03-20T08:30:00.000Z,-1648.53,157.32
2026-03-20T08:45:00.000Z,-1533.07,223.31
2026-03-20T09:00:00.000Z,-1454.78,380.4
2026-03-20T09:15:00.000Z,-1337.64,399.25
2026-03-20T09:30:00.000Z,-1473.61,399.1
2026-03-20T09:45:00.000Z,-1524.21,399.1
2026-03-20T10:00:00.000Z,-1405.21,399.1
2026-03-20T10:15:00.000Z,-1447.72,399.1
2026-03-20T10:30:00.000Z,-1471.07,399.1
2026-03-20T10:45:00.000Z,-1479.41,399.1
2026-03-20T11:00:00.000Z,-1350.62,399.1
2026-03-20T11:15:00.000Z,-1369.64,397.47
2026-03-20T11:30:00.000Z,-1408.41,389.41
2026-03-20T11:45:00.000Z,-1425.38,374.79
2026-03-20T12:00:00.000Z,-1349.37,373.71
2026-03-20T12:15:00.000Z,-1397.11,392.32
2026-03-20T12:30:00.000Z,-1575.96,397.06
2026-03-20T12:45:00.000Z,-1567.81,398.37
2026-03-20T13:00:00.000Z,-1512.93,397.13
2026-03-20T13:15:00.000Z,-1655.34,399.4
2026-03-20T13:30:00.000Z,-1597.48,399.4
2026-03-20T13:45:00.000Z,-1625.49,399.4
2026-03-20T14:00:00.000Z,-1617.1,399.4
2026-03-20T14:15:00.000Z,-1490.93,399.4
2026-03-20T14:30:00.000Z,-1578.43,399.4
2026-03-20T14:45:00.000Z,-1645.99,399.4
2026-03-20T15:00:00.000Z,-1747.73,399.26
2026-03-20T15:15:00.000Z,-1857.41,399.3
2026-03-20T15:30:00.000Z,-1647.45,399.3
2026-03-20T15:45:00.000Z,-1741.94,399.3
2026-03-20T16:00:00.000Z,-1794.62,399.3
2026-03-20T16:15:00.000Z,-1528.06,399.3
2026-03-20T16:30:00.000Z,-1387.21,399.3
2026-03-20T16:45:00.000Z,-1325.03,399.3
2026-03-20T17:00:00.000Z,-1100.17,399.3
2026-03-20T17:15:00.000Z,-1102.83,399.3
2026-03-20T17:30:00.000Z,-1213.8,399.3
2026-03-20T17:45:00.000Z,-1267.56,399.3
2026-03-20T18:00:00.000Z,-1033.33,399.3
2026-03-20T18:15:00.000Z,-875.79,399.3
2026-03-20T18:30:00.000Z,-771.29,395.51
2026-03-20T18:45:00.000Z,-692.04,339.58
2026-03-20T19:00:00.000Z,-490.35,390.97
2026-03-20T19:15:00.000Z,-220.68,396.17
2026-03-20T19:30:00.000Z,-307.88,383.54
2026-03-20T19:45:00.000Z,-241.92,281.76
2026-03-20T20:00:00.000Z,-648.72,379.59
2026-03-20T20:15:00.000Z,-684.78,326.85
2026-03-20T20:30:00.000Z,-673.06,221.08
2026-03-20T20:45:00.000Z,-557.54,133.63
2026-03-20T21:00:00.000Z,-615.28,212.42
2026-03-20T21:15:00.000Z,-770.86,380.04
2026-03-20T21:30:00.000Z,-864.23,399.3
2026-03-20T21:45:00.000Z,-816.39,399.3
2026-03-20T22:00:00.000Z,-799.6,399.3
2026-03-20T22:15:00.000Z,-766.46,399.3
2026-03-20T22:30:00.000Z,-589.34,399.3
2026-03-20T22:45:00.000Z,-625.1,399.3
2026-03-20T23:00:00.000Z,-417.38,399.3
2026-03-20T23:15:00.000Z,-259.37,399.3
2026-03-20T23:30:00.000Z,-73,399.3
2026-03-20T23:45:00.000Z,2.69,399.3
2026-03-21T00:00:00.000Z,228.51,399.3
2026-03-21T00:15:00.000Z,194.81,399.3
2026-03-21T00:30:00.000Z,68.69,399.3
2026-03-21T00:45:00.000Z,186.01,399.01
2026-03-21T01:00:00.000Z,237.4,398.47
2026-03-21T01:15:00.000Z,244.22,399.1
2026-03-21T01:30:00.000Z,383.8,399.1
2026-03-21T01:45:00.000Z,377.62,398.74
2026-03-21T02:00:00.000Z,529.61,396.52
2026-03-21T02:15:00.000Z,503.48,386.43
2026-03-21T02:30:00.000Z,533.1,375.91
2026-03-21T02:45:00.000Z,570.19,392.46
2026-03-21T03:00:00.000Z,527.47,398.9
2026-03-21T03:15:00.000Z,620.37,395.69
2026-03-21T03:30:00.000Z,644.32,391.32
2026-03-21T03:45:00.000Z,560.45,398.6
2026-03-21T04:00:00.000Z,330.36,397.52
2026-03-21T04:15:00.000Z,199.97,396.26
2026-03-21T04:30:00.000Z,196.12,399.2
2026-03-21T04:45:00.000Z,352.09,399.2
2026-03-21T05:00:00.000Z,544.6,399.2
2026-03-21T05:15:00.000Z,579.58,399.2
2026-03-21T05:30:00.000Z,564.15,399.2
2026-03-21T05:45:00.000Z,620.48,399.2
2026-03-21T06:00:00.000Z,683.96,399.2
2026-03-21T06:15:00.000Z,886.43,399.2
2026-03-21T06:30:00.000Z,812.29,399.2
2026-03-21T06:45:00.000Z,877.37,399.2
2026-03-21T07:00:00.000Z,949.11,399.2
2026-03-21T07:15:00.000Z,1002.67,399.2
2026-03-21T07:30:00.000Z,1047.62,399.2
2026-03-21T07:45:00.000Z,1070.36,399.2
2026-03-21T08:00:00.000Z,1078.33,399.2
2026-03-21T08:15:00.000Z,1074.07,399.2
2026-03-21T08:30:00.000Z,1206.76,399.2
2026-03-21T08:45:00.000Z,1445.17,398.09
2026-03-21T09:00:00.000Z,1620.98,396.22
2026-03-21T09:15:00.000Z,1734.14,398.32
2026-03-21T09:30:00.000Z,1622.73,397.65
2026-03-21T09:45:00.000Z,1604.84,390.65
2026-03-21T10:00:00.000Z,1331.98,385.1
2026-03-21T10:15:00.000Z,1153.05,388.41
2026-03-21T10:30:00.000Z,1162.9,333.87
2026-03-21T10:45:00.000Z,1209.87,307.42
2026-03-21T11:00:00.000Z,939.44,389.15
2026-03-21T11:15:00.000Z,1058.96,373.2
2026-03-21T11:30:00.000Z,1130.75,48.45
2026-03-21T11:45:00.000Z,1158.48,37.41
2026-03-21T12:00:00.000Z,845.33,343.93
2026-03-21T12:15:00.000Z,563.41,387.1
2026-03-21T12:30:00.000Z,569.16,390.18
2026-03-21T12:45:00.000Z,430.77,395.4
2026-03-21T13:00:00.000Z,292.29,390.63
2026-03-21T13:15:00.000Z,327.42,398.5
2026-03-21T13:30:00.000Z,528,397.7
2026-03-21T13:45:00.000Z,656.95,379.16
2026-03-21T14:00:00.000Z,305.07,145.36
2026-03-21T14:15:00.000Z,323.07,164.45
2026-03-21T14:30:00.000Z,161.06,351.48
2026-03-21T14:45:00.000Z,61.6,376.66
2026-03-21T15:00:00.000Z,127.29,198.17
2026-03-21T15:15:00.000Z,-6.8,220.36
2026-03-21T15:30:00.000Z,101.09,221.94
2026-03-21T15:45:00.000Z,641.32,-281.59
2026-03-21T16:00:00.000Z,947.19,-602.74
2026-03-21T16:15:00.000Z,963.63,-629.28
2026-03-21T16:30:00.000Z,1022.7,-641.76
2026-03-21T16:45:00.000Z,897.52,-676.58
2026-03-21T17:00:00.000Z,849.09,-760.72
2026-03-21T17:15:00.000Z,910.37,-805.76
2026-03-21T17:30:00.000Z,986.32,-810.83
2026-03-21T17:45:00.000Z,1064.75,-817.18
2026-03-21T18:00:00.000Z,833.35,-695.16
2026-03-21T18:15:00.000Z,711.61,-687.63
2026-03-21T18:30:00.000Z,732.35,-681.85
2026-03-21T18:45:00.000Z,874.74,-675.53
2026-03-21T19:00:00.000Z,679.33,-608.59
2026-03-21T19:15:00.000Z,175.48,-172.58
2026-03-21T19:30:00.000Z,538.69,-583.4
2026-03-21T19:45:00.000Z,-37.13,-179.57
2026-03-21T20:00:00.000Z,-549.62,339.39
2026-03-21T20:15:00.000Z,-880.31,399.4
2026-03-21T20:30:00.000Z,-978.38,399.4
2026-03-21T20:45:00.000Z,-902.43,399.4
2026-03-21T21:00:00.000Z,-749.39,399.4
2026-03-21T21:15:00.000Z,-621.66,399.4
2026-03-21T21:30:00.000Z,-613.54,396.22
2026-03-21T21:45:00.000Z,-709.53,391.89
2026-03-21T22:00:00.000Z,-937.08,392.27
2026-03-21T22:15:00.000Z,-1095.93,380.45
2026-03-21T22:30:00.000Z,-1108.37,393.76
2026-03-21T22:45:00.000Z,-1073.66,410.9
2026-03-21T23:00:00.000Z,-958.95,503.35
2026-03-21T23:15:00.000Z,-769.72,401.6
2026-03-21T23:30:00.000Z,-798.66,401.39
2026-03-21T23:45:00.000Z,-825.18,398.03
2026-03-22T00:00:00.000Z,-1070.35,355.02
2026-03-22T00:15:00.000Z,-1086.62,313.1
2026-03-22T00:30:00.000Z,-1055.08,293.31
2026-03-22T00:45:00.000Z,-987.99,305.54
2026-03-22T01:00:00.000Z,-955.2,375.74
2026-03-22T01:15:00.000Z,-1040.46,399.03
2026-03-22T01:30:00.000Z,-1166.03,401.01
2026-03-22T01:45:00.000Z,-1103.84,400.93
2026-03-22T02:00:00.000Z,-1212.92,401.16
2026-03-22T02:15:00.000Z,-1257.53,401.3
2026-03-22T02:30:00.000Z,-1308.58,401.2
2026-03-22T02:45:00.000Z,-1276.65,399.7
2026-03-22T03:00:00.000Z,-1203.59,378.87
2026-03-22T03:15:00.000Z,-1297.45,340.27
2026-03-22T03:30:00.000Z,-1522.21,328.6
2026-03-22T03:45:00.000Z,-1596.34,287.64
2026-03-22T04:00:00.000Z,-1376.57,171.5
2026-03-22T04:15:00.000Z,-1314.78,140.19
2026-03-22T04:30:00.000Z,-1348.74,137.73
2026-03-22T04:45:00.000Z,-1608.09,316.25
2026-03-22T05:00:00.000Z,-1459.29,393.32
2026-03-22T05:15:00.000Z,-1417.74,400.58
2026-03-22T05:30:00.000Z,-1570.77,398.5
2026-03-22T05:45:00.000Z,-1573.71,393.47
2026-03-22T06:00:00.000Z,-1203.63,399.62
2026-03-22T06:15:00.000Z,-1250.78,400.79
2026-03-22T06:30:00.000Z,-1333.86,400.9
2026-03-22T06:45:00.000Z,-1331.18,400.9
2026-03-22T07:00:00.000Z,-1274.98,400.19
2026-03-22T07:15:00.000Z,-1250.82,387.46
2026-03-22T07:30:00.000Z,-1142.8,320.91
2026-03-22T07:45:00.000Z,-594.4,-102.38
2026-03-22T08:00:00.000Z,-868.02,334.19
2026-03-22T08:15:00.000Z,-477.59,278.7
2026-03-22T08:30:00.000Z,-207.59,-233.48
2026-03-22T08:45:00.000Z,203.09,-627.54
2026-03-22T09:00:00.000Z,120.59,-329.95
2026-03-22T09:15:00.000Z,133.41,-293.97
2026-03-22T09:30:00.000Z,332.61,-490.7
2026-03-22T09:45:00.000Z,529.52,-616.99
2026-03-22T10:00:00.000Z,939.97,-988.11
2026-03-22T10:15:00.000Z,904.25,-1025.42
2026-03-22T10:30:00.000Z,1029.55,-1059.04
2026-03-22T10:45:00.000Z,1046.66,-1074.24
2026-03-22T11:00:00.000Z,1057.04,-1112.98
2026-03-22T11:15:00.000Z,1023.59,-1130.77
2026-03-22T11:30:00.000Z,1110.75,-1126.32
2026-03-22T11:45:00.000Z,1334.43,-1105.76
2026-03-22T12:00:00.000Z,1419.17,-1078.91
2026-03-22T12:15:00.000Z,1505.03,-1106.18
2026-03-22T12:30:00.000Z,1600.1,-1076.74
2026-03-22T12:45:00.000Z,1751.03,-1040.48
2026-03-22T13:00:00.000Z,1754.49,-1056.26
2026-03-22T13:15:00.000Z,1745.09,-952.75
2026-03-22T13:30:00.000Z,1794.07,-940.18
2026-03-22T13:45:00.000Z,1823.07,-1045.89
2026-03-22T14:00:00.000Z,1677.18,-1093.93
2026-03-22T14:15:00.000Z,1239,-793.62
2026-03-22T14:30:00.000Z,939.19,-306.56
2026-03-22T14:45:00.000Z,407.9,270.65
2026-03-22T15:00:00.000Z,214.95,355.26
2026-03-22T15:15:00.000Z,300,395.03
2026-03-22T15:30:00.000Z,322.74,400.7
2026-03-22T15:45:00.000Z,465.46,400.58
2026-03-22T16:00:00.000Z,653.41,400.57
2026-03-22T16:15:00.000Z,741.91,400.44
2026-03-22T16:30:00.000Z,604.09,400.46
2026-03-22T16:45:00.000Z,510.8,400.73
2026-03-22T17:00:00.000Z,241.35,400.88
2026-03-22T17:15:00.000Z,198.92,400.72
2026-03-22T17:30:00.000Z,246.6,400.77
2026-03-22T17:45:00.000Z,267.56,401.07
2026-03-22T18:00:00.000Z,300.66,400.75
2026-03-22T18:15:00.000Z,413.37,400.62
2026-03-22T18:30:00.000Z,487.95,400.51
2026-03-22T18:45:00.000Z,458.15,400.44
2026-03-22T19:00:00.000Z,629.62,400.57
2026-03-22T19:15:00.000Z,817.29,400.55
2026-03-22T19:30:00.000Z,701.04,400.59
2026-03-22T19:45:00.000Z,767.31,400.56
2026-03-22T20:00:00.000Z,778.26,400.43
2026-03-22T20:15:00.000Z,710.69,400.44
2026-03-22T20:30:00.000Z,686.43,400.32
2026-03-22T20:45:00.000Z,612.52,400.52
2026-03-22T21:00:00.000Z,660.98,400.8
2026-03-22T21:15:00.000Z,608.55,400.68
2026-03-22T21:30:00.000Z,595.12,400.44
2026-03-22T21:45:00.000Z,912.61,399.86
2026-03-22T22:00:00.000Z,955.62,398.78
2026-03-22T22:15:00.000Z,986.69,400.87
2026-03-22T22:30:00.000Z,584.94,400.84
2026-03-22T22:45:00.000Z,282.52,400.8
2026-03-22T23:00:00.000Z,261.19,400.73
2026-03-22T23:15:00.000Z,432.14,399.75
2026-03-22T23:30:00.000Z,478.64,397.39
2026-03-22T23:45:00.000Z,587.34,399.33
2026-03-23T00:00:00.000Z,533.65,383.93
2026-03-23T00:15:00.000Z,534.6,398.08
2026-03-23T00:30:00.000Z,731.91,399.37
2026-03-23T00:45:00.000Z,685.69,400.72
2026-03-23T01:00:00.000Z,507.34,400.48
2026-03-23T01:15:00.000Z,711.96,400.42
2026-03-23T01:30:00.000Z,717.85,400.44
2026-03-23T01:45:00.000Z,933.46,360.4
2026-03-23T02:00:00.000Z,1411.63,-134.13
2026-03-23T02:15:00.000Z,1349.1,-221.16
2026-03-23T02:30:00.000Z,1193.15,-324.71
2026-03-23T02:45:00.000Z,1373.77,-238.43
2026-03-23T03:00:00.000Z,1180.53,65.94
2026-03-23T03:15:00.000Z,1108.78,130.55
2026-03-23T03:30:00.000Z,907.13,371.72
2026-03-23T03:45:00.000Z,875.51,401.03
2026-03-23T04:00:00.000Z,664.95,400.74
2026-03-23T04:15:00.000Z,627.86,400.87
2026-03-23T04:30:00.000Z,536.55,400.51
2026-03-23T04:45:00.000Z,489.44,373.73
2026-03-23T05:00:00.000Z,462.62,40.52
2026-03-23T05:15:00.000Z,427.02,0.6
2026-03-23T05:30:00.000Z,512.53,0.71
2026-03-23T05:45:00.000Z,484.48,0.47
2026-03-23T06:00:00.000Z,253.85,0.48
2026-03-23T06:15:00.000Z,247.89,0.29
2026-03-23T06:30:00.000Z,354.06,0.31
2026-03-23T06:45:00.000Z,212.44,0.4
2026-03-23T07:00:00.000Z,168.58,0.43
2026-03-23T07:15:00.000Z,52.92,0.19
2026-03-23T07:30:00.000Z,-187.44,0.33
2026-03-23T07:45:00.000Z,-115.2,0.27
2026-03-23T08:00:00.000Z,-150.06,0.26
2026-03-23T08:15:00.000Z,-331.95,0.46
2026-03-23T08:30:00.000Z,-224.31,0.58
2026-03-23T08:45:00.000Z,-208.08,0.6
2026-03-23T09:00:00.000Z,81.07,0.29
2026-03-23T09:15:00.000Z,176.28,0.32
2026-03-23T09:30:00.000Z,275.09,0.4
2026-03-23T09:45:00.000Z,204.13,-0.03
2026-03-23T10:00:00.000Z,107.79,0.52
2026-03-23T10:15:00.000Z,63.33,-2.32
2026-03-23T10:30:00.000Z,293.58,-53.55
2026-03-23T10:45:00.000Z,319.45,-340.76
2026-03-23T11:00:00.000Z,629.02,-722.78
2026-03-23T11:15:00.000Z,715.11,-912.94
2026-03-23T11:30:00.000Z,284.53,-567.23
2026-03-23T11:45:00.000Z,279.94,-538.86
2026-03-23T12:00:00.000Z,1054.79,-941.19
2026-03-23T12:15:00.000Z,814.26,-991.59
2026-03-23T12:30:00.000Z,698.24,-938.53
2026-03-23T12:45:00.000Z,479.56,-556.74
2026-03-23T13:00:00.000Z,-203.34,-184.67
2026-03-23T13:15:00.000Z,-263.31,-98.5
2026-03-23T13:30:00.000Z,-359.47,-9.74
2026-03-23T13:45:00.000Z,-622.18,2.08
2026-03-23T14:00:00.000Z,-1029.58,2.09
2026-03-23T14:15:00.000Z,-1012.13,2
2026-03-23T14:30:00.000Z,-911,2.11
2026-03-23T14:45:00.000Z,-751.35,2.13
2026-03-23T15:00:00.000Z,-955.12,1.89
2026-03-23T15:15:00.000Z,-823.82,1.92
2026-03-23T15:30:00.000Z,-782.45,2.04
2026-03-23T15:45:00.000Z,-1029.19,1.95
2026-03-23T16:00:00.000Z,-1120.91,2.13
2026-03-23T16:15:00.000Z,-949.91,2.22
2026-03-23T16:30:00.000Z,-663.01,2.3
2026-03-23T16:45:00.000Z,-456.24,2.3
2026-03-23T17:00:00.000Z,-391.88,2.17
2026-03-23T17:15:00.000Z,-322.7,2.08
2026-03-23T17:30:00.000Z,-383.71,2.25
2026-03-23T17:45:00.000Z,-365.14,2.3
2026-03-23T18:00:00.000Z,-465.9,2.45
2026-03-23T18:15:00.000Z,-346.13,2.5
2026-03-23T18:30:00.000Z,-142.87,2.48
2026-03-23T18:45:00.000Z,-2.18,2.28
2026-03-23T19:00:00.000Z,42.29,2.04
2026-03-23T19:15:00.000Z,104.98,1.87
2026-03-23T19:30:00.000Z,261.58,1.93
2026-03-23T19:45:00.000Z,445.85,1.85
2026-03-23T20:00:00.000Z,319,2.13
2026-03-23T20:15:00.000Z,430.38,2.22
2026-03-23T20:30:00.000Z,511.58,2.15
2026-03-23T20:45:00.000Z,425.31,2.08
2026-03-23T21:00:00.000Z,645.75,2.09
2026-03-23T21:15:00.000Z,573.77,2.2
2026-03-23T21:30:00.000Z,542.17,2.01
2026-03-23T21:45:00.000Z,690.18,0.54
2026-03-23T22:00:00.000Z,545.28,-19.66
2026-03-23T22:15:00.000Z,695.6,-20.96
2026-03-23T22:30:00.000Z,897.9,-34.59
2026-03-23T22:45:00.000Z,972.99,-22.16
2026-03-23T23:00:00.000Z,775.09,-62.89
2026-03-23T23:15:00.000Z,761.1,-106.64
2026-03-23T23:30:00.000Z,724.9,-114.23
2026-03-23T23:45:00.000Z,744.28,-149.81
2026-03-24T00:00:00.000Z,784.34,-252.2
2026-03-24T00:15:00.000Z,602.19,-252.2
2026-03-24T00:30:00.000Z,560.68,-253.22
2026-03-24T00:45:00.000Z,579.68,-234.79
2026-03-24T01:00:00.000Z,314.25,-176.94
2026-03-24T01:15:00.000Z,216.88,-182.6
2026-03-24T01:30:00.000Z,301.14,-189.6
2026-03-24T01:45:00.000Z,325.12,-189.6
2026-03-24T02:00:00.000Z,281,-189.87
2026-03-24T02:15:00.000Z,226.21,-189.36
2026-03-24T02:30:00.000Z,102.56,-185.8
2026-03-24T02:45:00.000Z,28.55,-145.87
2026-03-24T03:00:00.000Z,-166.01,0.5
2026-03-24T03:15:00.000Z,-130.46,0.5
2026-03-24T03:30:00.000Z,-128.7,0.5
2026-03-24T03:45:00.000Z,36.36,-7.95
2026-03-24T04:00:00.000Z,-62.26,-21.61
2026-03-24T04:15:00.000Z,-171.32,0.5
2026-03-24T04:30:00.000Z,-413.6,0.5
2026-03-24T04:45:00.000Z,-648.46,-53.54
2026-03-24T05:00:00.000Z,-502.06,-585.9
2026-03-24T05:15:00.000Z,-311.66,-833.11
2026-03-24T05:30:00.000Z,-332.94,-818.03
2026-03-24T05:45:00.000Z,-353.77,-760.39
2026-03-24T06:00:00.000Z,-344.44,-755.03
2026-03-24T06:15:00.000Z,-592.73,-537.91
2026-03-24T06:30:00.000Z,-891.89,-93.23
2026-03-24T06:45:00.000Z,-635.62,-40.6
2026-03-24T07:00:00.000Z,89.75,-376.49
2026-03-24T07:15:00.000Z,-116.24,-7.13
2026-03-24T07:30:00.000Z,-0.23,0.9
2026-03-24T07:45:00.000Z,104.22,0.9
2026-03-24T08:00:00.000Z,349.86,0.9
2026-03-24T08:15:00.000Z,161.04,0.9
2026-03-24T08:30:00.000Z,240.27,0.9
2026-03-24T08:45:00.000Z,320.83,0.9
2026-03-24T09:00:00.000Z,400.52,0.9
2026-03-24T09:15:00.000Z,546.34,0.9
2026-03-24T09:30:00.000Z,639.06,0.9
2026-03-24T09:45:00.000Z,576.23,0.9
2026-03-24T10:00:00.000Z,1010.56,0.9
2026-03-24T10:15:00.000Z,1530.35,0.9
2026-03-24T10:30:00.000Z,1206.99,0.9
2026-03-24T10:45:00.000Z,1261,-37.68
2026-03-24T11:00:00.000Z,1595.79,-176.24
2026-03-24T11:15:00.000Z,1569.44,-134.51
2026-03-24T11:30:00.000Z,1634.93,-250.55
2026-03-24T11:45:00.000Z,1505.45,0.48
2026-03-24T12:00:00.000Z,1629.43,0.5
2026-03-24T12:15:00.000Z,1583.68,0.5
2026-03-24T12:30:00.000Z,1460.81,0.5
2026-03-24T12:45:00.000Z,1588.26,-40.6
2026-03-24T13:00:00.000Z,1975.85,-426.95
2026-03-24T13:15:00.000Z,1809.53,-433.13
2026-03-24T13:30:00.000Z,1707.41,-378.67
2026-03-24T13:45:00.000Z,1812.15,-412.38
2026-03-24T14:00:00.000Z,1740.48,-854.07
2026-03-24T14:15:00.000Z,1843.2,-812.57
2026-03-24T14:30:00.000Z,1927.91,-783.58
2026-03-24T14:45:00.000Z,1926.2,-893.62
2026-03-24T15:00:00.000Z,1870.19,-995.59
2026-03-24T15:15:00.000Z,1905.58,-975.33
2026-03-24T15:30:00.000Z,1975.03,-913.25
2026-03-24T15:45:00.000Z,1431.44,-536.28
2026-03-24T16:00:00.000Z,1562.89,-24.17
2026-03-24T16:15:00.000Z,1509.26,0.7
2026-03-24T16:30:00.000Z,1446.63,0.7
2026-03-24T16:45:00.000Z,1258.27,0.7
2026-03-24T17:00:00.000Z,1274.96,0.7
2026-03-24T17:15:00.000Z,1368.1,0.7
2026-03-24T17:30:00.000Z,1497.81,0.7
2026-03-24T17:45:00.000Z,1469.77,0.7
2026-03-24T18:00:00.000Z,1546.53,0.7
2026-03-24T18:15:00.000Z,1469.02,0.7
2026-03-24T18:30:00.000Z,1304.93,0.7
2026-03-24T18:45:00.000Z,1381.03,0.7
2026-03-24T19:00:00.000Z,1481.75,0.7
2026-03-24T19:15:00.000Z,1443.38,0.7
2026-03-24T19:30:00.000Z,1558.02,0.7
2026-03-24T19:45:00.000Z,1815.71,0.7
2026-03-24T20:00:00.000Z,1472.51,0.7
2026-03-24T20:15:00.000Z,1225.11,0.7
2026-03-24T20:30:00.000Z,1304.27,0.7
2026-03-24T20:45:00.000Z,1574.43,0.7
2026-03-24T21:00:00.000Z,1553.55,0.7
2026-03-24T21:15:00.000Z,1523.42,0.7
2026-03-24T21:30:00.000Z,1223.9,0.7
2026-03-24T21:45:00.000Z,1488.27,0.7
2026-03-24T22:00:00.000Z,1153.27,0.7
2026-03-24T22:15:00.000Z,837.43,-9.16
2026-03-24T22:30:00.000Z,871.64,-38.07
2026-03-24T22:45:00.000Z,1005.26,-104.7
2026-03-24T23:00:00.000Z,1579.23,-678.41
2026-03-24T23:15:00.000Z,1582.95,-817.56
2026-03-24T23:30:00.000Z,1627.76,-725.55
2026-03-24T23:45:00.000Z,1692.61,-802.36
2026-03-25T00:00:00.000Z,1584.04,-719.56
2026-03-25T00:15:00.000Z,1577.9,-942.5
2026-03-25T00:30:00.000Z,1538.65,-977.61
2026-03-25T00:45:00.000Z,1558.09,-1081.56
2026-03-25T01:00:00.000Z,1696.86,-961.99
2026-03-25T01:15:00.000Z,1740.11,-1028.94
2026-03-25T01:30:00.000Z,1702.56,-1050.63
2026-03-25T01:45:00.000Z,1725.9,-1107.16
2026-03-25T02:00:00.000Z,1571.14,-1183.22
2026-03-25T02:15:00.000Z,1549.46,-1193.11
2026-03-25T02:30:00.000Z,1449.05,-1193.01
2026-03-25T02:45:00.000Z,1471.8,-1193.21
2026-03-25T03:00:00.000Z,1463.12,-1193.4
2026-03-25T03:15:00.000Z,1557.38,-1190.78
2026-03-25T03:30:00.000Z,1611.27,-1158.67
2026-03-25T03:45:00.000Z,1448.99,-1163.98
2026-03-25T04:00:00.000Z,1282.57,-1189.08
2026-03-25T04:15:00.000Z,1170.61,-1180.47
2026-03-25T04:30:00.000Z,1024.67,-1142.03
2026-03-25T04:45:00.000Z,788.82,-1132.35
2026-03-25T05:00:00.000Z,765,-1075.53
2026-03-25T05:15:00.000Z,947.39,-1168.08
2026-03-25T05:30:00.000Z,1034.29,-1105.93
2026-03-25T05:45:00.000Z,1243.79,-1138.1
2026-03-25T06:00:00.000Z,1316.27,-1174.51
2026-03-25T06:15:00.000Z,1267.89,-1005.04
2026-03-25T06:30:00.000Z,1249.17,-985.77
2026-03-25T06:45:00.000Z,1196.48,-1009.75
2026-03-25T07:00:00.000Z,849.82,-949.95
2026-03-25T07:15:00.000Z,752.67,-990.07
2026-03-25T07:30:00.000Z,574.54,-1004.6
2026-03-25T07:45:00.000Z,492.44,-1044.92
2026-03-25T08:00:00.000Z,416.75,-1045.56
2026-03-25T08:15:00.000Z,346.82,-1023.57
2026-03-25T08:30:00.000Z,342.01,-925.56
2026-03-25T08:45:00.000Z,381.59,-961.25
2026-03-25T09:00:00.000Z,383.97,-1059.59
2026-03-25T09:15:00.000Z,204.37,-1080.91
2026-03-25T09:30:00.000Z,16.13,-1087.24
2026-03-25T09:45:00.000Z,-33.28,-1041.1
2026-03-25T10:00:00.000Z,73.55,-1070.09
2026-03-25T10:15:00.000Z,416.99,-1143.96
2026-03-25T10:30:00.000Z,519.66,-1183.25
2026-03-25T10:45:00.000Z,483.85,-1118.65
2026-03-25T11:00:00.000Z,377.49,-1051.95
2026-03-25T11:15:00.000Z,392.86,-1053.85
2026-03-25T11:30:00.000Z,414.8,-1050.84
2026-03-25T11:45:00.000Z,555.13,-1053.32
2026-03-25T12:00:00.000Z,613.72,-1124.19
2026-03-25T12:15:00.000Z,547.18,-1111.22
2026-03-25T12:30:00.000Z,543.09,-1141.13
2026-03-25T12:45:00.000Z,475.62,-1157.29
2026-03-25T13:00:00.000Z,579.56,-1170.22
2026-03-25T13:15:00.000Z,577.06,-1189.06
2026-03-25T13:30:00.000Z,868.6,-1170.27
2026-03-25T13:45:00.000Z,1019.47,-884.03
2026-03-25T14:00:00.000Z,1129.47,-526.56
2026-03-25T14:15:00.000Z,1179.74,-481.43
2026-03-25T14:30:00.000Z,1310.38,-522.01
2026-03-25T14:45:00.000Z,1509.08,-600.53
2026-03-25T15:00:00.000Z,1358.5,-490.12
2026-03-25T15:15:00.000Z,1178.66,-146.11
2026-03-25T15:30:00.000Z,1063.98,-41.08
2026-03-25T15:45:00.000Z,1250.61,-10.52
2026-03-25T16:00:00.000Z,1271.85,-28.62
2026-03-25T16:15:00.000Z,1194.93,0.5
2026-03-25T16:30:00.000Z,1184.09,0.5
2026-03-25T16:45:00.000Z,1203.12,0.5
2026-03-25T17:00:00.000Z,1079.75,0.5
2026-03-25T17:15:00.000Z,928.26,0.5
2026-03-25T17:30:00.000Z,828.82,0.5
2026-03-25T17:45:00.000Z,927.32,0.5
2026-03-25T18:00:00.000Z,800.3,0.5
2026-03-25T18:15:00.000Z,755.61,0.5
2026-03-25T18:30:00.000Z,844.32,0.5
2026-03-25T18:45:00.000Z,918.96,0.5
2026-03-25T19:00:00.000Z,1152.85,0.5
2026-03-25T19:15:00.000Z,1051.35,0.5
2026-03-25T19:30:00.000Z,1135.37,0.5
2026-03-25T19:45:00.000Z,1307.12,-38.42
2026-03-25T20:00:00.000Z,1647.98,-215.47
2026-03-25T20:15:00.000Z,1632.79,-232.02
2026-03-25T20:30:00.000Z,1582.13,-250.64
2026-03-25T20:45:00.000Z,1739.88,-208.97
2026-03-25T21:00:00.000Z,1708.5,-9.55
2026-03-25T21:15:00.000Z,1857.52,-25.73
2026-03-25T21:30:00.000Z,1979.8,-23.9
2026-03-25T21:45:00.000Z,1860.37,-105.93
2026-03-25T22:00:00.000Z,1668.56,-112.48
2026-03-25T22:15:00.000Z,1782.94,-117.74
2026-03-25T22:30:00.000Z,1859.52,-162.28
2026-03-25T22:45:00.000Z,1670.05,-177.48
2026-03-25T23:00:00.000Z,1522.97,0.7
2026-03-25T23:15:00.000Z,1642.78,0.7
2026-03-25T23:30:00.000Z,1636.95,0.7
2026-03-25T23:45:00.000Z,1507.74,0.7
2026-03-26T00:00:00.000Z,1892.99,0.7
2026-03-26T00:15:00.000Z,1985.2,0.7
2026-03-26T00:30:00.000Z,1841.61,0.7
2026-03-26T00:45:00.000Z,1795.05,0.7
2026-03-26T01:00:00.000Z,1843.87,0.7
2026-03-26T01:15:00.000Z,1848.06,0.7
2026-03-26T01:30:00.000Z,1862.75,0.7
2026-03-26T01:45:00.000Z,1984.87,0.7
2026-03-26T02:00:00.000Z,1818.33,0.7
2026-03-26T02:15:00.000Z,1839.2,0.7
2026-03-26T02:30:00.000Z,1744.7,0.61
2026-03-26T02:45:00.000Z,1841.27,0.5
2026-03-26T03:00:00.000Z,1764.5,0.5
2026-03-26T03:15:00.000Z,1876.87,0.5
2026-03-26T03:30:00.000Z,1584.28,0.5
2026-03-26T03:45:00.000Z,1745.93,-40.85
2026-03-26T04:00:00.000Z,1993.72,-344.99
2026-03-26T04:15:00.000Z,1905.61,-224.86
2026-03-26T04:30:00.000Z,1812.42,-294.68
2026-03-26T04:45:00.000Z,1599.99,-404.42
2026-03-26T05:00:00.000Z,1253.99,-11.56
2026-03-26T05:15:00.000Z,1325.18,0.6
2026-03-26T05:30:00.000Z,1556.14,0.6
2026-03-26T05:45:00.000Z,1594.29,0.6
2026-03-26T06:00:00.000Z,1484.77,0.6
2026-03-26T06:15:00.000Z,1438.38,0.6
2026-03-26T06:30:00.000Z,1465.27,0.6
2026-03-26T06:45:00.000Z,1536.77,0.6
2026-03-26T07:00:00.000Z,1832.26,0.6
2026-03-26T07:15:00.000Z,1849.37,0.6
2026-03-26T07:30:00.000Z,1874.94,0.6
2026-03-26T07:45:00.000Z,1741.21,0.6
2026-03-26T08:00:00.000Z,1770.72,0.6
2026-03-26T08:15:00.000Z,1624.28,0.6
2026-03-26T08:30:00.000Z,1567.81,0.6
2026-03-26T08:45:00.000Z,1711.05,0.6
2026-03-26T09:00:00.000Z,1733.86,0.6
2026-03-26T09:15:00.000Z,1588.07,0.6
2026-03-26T09:30:00.000Z,1753.85,0.6
2026-03-26T09:45:00.000Z,2016.9,0.6
2026-03-26T10:00:00.000Z,1768.25,0.6
2026-03-26T10:15:00.000Z,1630.58,0.6
2026-03-26T10:30:00.000Z,1607.14,0.6
2026-03-26T10:45:00.000Z,1635.2,0.6
2026-03-26T11:00:00.000Z,1574.35,0.6
2026-03-26T11:15:00.000Z,1490.54,0.6
2026-03-26T11:30:00.000Z,1391.33,0.6
2026-03-26T11:45:00.000Z,1401.53,0.6
2026-03-26T12:00:00.000Z,1436.76,-9.72
2026-03-26T12:15:00.000Z,1494.65,-56.97
2026-03-26T12:30:00.000Z,1326.8,-102.59
2026-03-26T12:45:00.000Z,1243.27,-119.64
2026-03-26T13:00:00.000Z,1328.48,-183.86
2026-03-26T13:15:00.000Z,1045.78,0.5
2026-03-26T13:30:00.000Z,1134.92,0.5
2026-03-26T13:45:00.000Z,1098.33,0.5
2026-03-26T14:00:00.000Z,1142.05,0.5
2026-03-26T14:15:00.000Z,1053.68,0.5
2026-03-26T14:30:00.000Z,1088.67,0.5
2026-03-26T14:45:00.000Z,951.47,-16.43
2026-03-26T15:00:00.000Z,630.6,-73.79
2026-03-26T15:15:00.000Z,601.7,-114.81
2026-03-26T15:30:00.000Z,616.25,-163.58
2026-03-26T15:45:00.000Z,640.83,-116.84
2026-03-26T16:00:00.000Z,459.32,0.5
2026-03-26T16:15:00.000Z,371.91,0.5
2026-03-26T16:30:00.000Z,367.41,0.5
2026-03-26T16:45:00.000Z,436.76,0.5
2026-03-26T17:00:00.000Z,354.5,-22.19
2026-03-26T17:15:00.000Z,582.06,-376.1
2026-03-26T17:30:00.000Z,577.78,-396.85
2026-03-26T17:45:00.000Z,590.84,-397.02
2026-03-26T18:00:00.000Z,356.96,-396.84
2026-03-26T18:15:00.000Z,370.45,-397.02
2026-03-26T18:30:00.000Z,386,-397.01
2026-03-26T18:45:00.000Z,545.06,-397.02
2026-03-26T19:00:00.000Z,808.55,-397.02
2026-03-26T19:15:00.000Z,970.31,-397.31
2026-03-26T19:30:00.000Z,896.77,-397.12
2026-03-26T19:45:00.000Z,914.48,-397
2026-03-26T20:00:00.000Z,808.17,-397
2026-03-26T20:15:00.000Z,523.61,-370.68
2026-03-26T20:30:00.000Z,544.95,-294.94
2026-03-26T20:45:00.000Z,578.68,-396.81
2026-03-26T21:00:00.000Z,868.23,-396.89
2026-03-26T21:15:00.000Z,1002.68,-396.93
2026-03-26T21:30:00.000Z,1005.54,-397.02
2026-03-26T21:45:00.000Z,1101.99,-397.24
2026-03-26T22:00:00.000Z,1048.28,-397.1
2026-03-26T22:15:00.000Z,1128.45,-397.1
2026-03-26T22:30:00.000Z,1264.36,-397.16
2026-03-26T22:45:00.000Z,1157.68,-397.1
2026-03-26T23:00:00.000Z,806.62,-397.13
2026-03-26T23:15:00.000Z,851.38,-397.23
2026-03-26T23:30:00.000Z,836.37,-397.23
2026-03-26T23:45:00.000Z,894.26,-397.23
2026-03-27T00:00:00.000Z,955.81,-397.2
2026-03-27T00:15:00.000Z,843.68,-397.2
2026-03-27T00:30:00.000Z,772.96,-397.2
2026-03-27T00:45:00.000Z,776.36,-397.2
2026-03-27T01:00:00.000Z,642.73,-397.2
2026-03-27T01:15:00.000Z,530.55,-397.2
2026-03-27T01:30:00.000Z,305.68,-397.2
2026-03-27T01:45:00.000Z,190.49,-405.01
2026-03-27T02:00:00.000Z,63.08,-433.22
2026-03-27T02:15:00.000Z,-112.43,-437.09
2026-03-27T02:30:00.000Z,-369.12,-399.99
2026-03-27T02:45:00.000Z,-482.02,-376.8
2026-03-27T03:00:00.000Z,-726.01,-86.48
2026-03-27T03:15:00.000Z,-941.96,-50.9
2026-03-27T03:30:00.000Z,-925.03,-51.02
2026-03-27T03:45:00.000Z,-1018.86,-42.25
2026-03-27T04:00:00.000Z,-1099.16,0.6
2026-03-27T04:15:00.000Z,-1502.63,0.6
2026-03-27T04:30:00.000Z,-1579.91,0.6
2026-03-27T04:45:00.000Z,-1639.46,-31.34
2026-03-27T05:00:00.000Z,-1636.45,-159.89
2026-03-27T05:15:00.000Z,-1494.02,-166.43
2026-03-27T05:30:00.000Z,-1528.79,-85.3
2026-03-27T05:45:00.000Z,-1499.08,-117.83
2026-03-27T06:00:00.000Z,-1422.29,0.6
2026-03-27T06:15:00.000Z,-1411.33,0.6
2026-03-27T06:30:00.000Z,-1556.27,0.6
2026-03-27T06:45:00.000Z,-1504.55,0.6
2026-03-27T07:00:00.000Z,-1560.56,0.6
2026-03-27T07:15:00.000Z,-1579.51,0.6
2026-03-27T07:30:00.000Z,-1225.61,0.6
2026-03-27T07:45:00.000Z,-1015.12,0.6
2026-03-27T08:00:00.000Z,-1272.97,0.6
2026-03-27T08:15:00.000Z,-1086.65,0.6
2026-03-27T08:30:00.000Z,-812.93,-16.5
2026-03-27T08:45:00.000Z,-792.55,-55.95
2026-03-27T09:00:00.000Z,-654.88,-30.79
2026-03-27T09:15:00.000Z,-710.2,-33.78
2026-03-27T09:30:00.000Z,-620.14,-56.17
2026-03-27T09:45:00.000Z,-607.1,-53.7
2026-03-27T10:00:00.000Z,-633.79,0.9
2026-03-27T10:15:00.000Z,-638.15,0.9
2026-03-27T10:30:00.000Z,-766.13,0.9
2026-03-27T10:45:00.000Z,-898.2,0.51
2026-03-27T11:00:00.000Z,-892.48,0.5
2026-03-27T11:15:00.000Z,-1146.7,0.5
2026-03-27T11:30:00.000Z,-1316.18,-19
2026-03-27T11:45:00.000Z,-1597.5,-70.17
2026-03-27T12:00:00.000Z,-1367.55,-64.8
2026-03-27T12:15:00.000Z,-1432.47,-81.72
2026-03-27T12:30:00.000Z,-1500.03,-68.14
2026-03-27T12:45:00.000Z,-1537.33,-67.45
2026-03-27T13:00:00.000Z,-1387.33,-72.91
2026-03-27T13:15:00.000Z,-1568.07,-40.04
2026-03-27T13:30:00.000Z,-1699.06,-34.69
2026-03-27T13:45:00.000Z,-1857.94,-42.3
2026-03-27T14:00:00.000Z,-1809.68,-78.93
2026-03-27T14:15:00.000Z,-1687.27,-220.81
2026-03-27T14:30:00.000Z,-1759.09,-384.34
2026-03-27T14:45:00.000Z,-1927.15,-756.89
2026-03-27T15:00:00.000Z,-1740.62,-1119
2026-03-27T15:15:00.000Z,-1724.14,-1155.86
2026-03-27T15:30:00.000Z,-1722.27,-1116.49
2026-03-27T15:45:00.000Z,-1817.59,-1132.63
2026-03-27T16:00:00.000Z,-1796.95,-1127.98
2026-03-27T16:15:00.000Z,-1770.32,-1099.84
2026-03-27T16:30:00.000Z,-1778.68,-1148.36
2026-03-27T16:45:00.000Z,-1695.82,-1163.28
2026-03-27T17:00:00.000Z,-1546.48,-1189.43
2026-03-27T17:15:00.000Z,-1704.39,-1189.49
2026-03-27T17:30:00.000Z,-2031.41,-1143.42
2026-03-27T17:45:00.000Z,-1714.61,-1175.3
2026-03-27T18:00:00.000Z,-1804.16,-1163.36
2026-03-27T18:15:00.000Z,-1865.65,-1116.59
2026-03-27T18:30:00.000Z,-1808.36,-1100.17
2026-03-27T18:45:00.000Z,-1804.62,-1072.02
2026-03-27T19:00:00.000Z,-1771.75,-1062.79
2026-03-27T19:15:00.000Z,-1780.22,-1064.11
2026-03-27T19:30:00.000Z,-1552.7,-1068.39
2026-03-27T19:45:00.000Z,-1435.09,-1077.15
2026-03-27T20:00:00.000Z,-1433.22,-1065.37
2026-03-27T20:15:00.000Z,-1239.89,-1063.84
2026-03-27T20:30:00.000Z,-1327.96,-1063.8
2026-03-27T20:45:00.000Z,-1429.93,-1066.35
2026-03-27T21:00:00.000Z,-1369.01,-1094.59
2026-03-27T21:15:00.000Z,-1476.97,-1082.84
2026-03-27T21:30:00.000Z,-1569.27,-997.08
2026-03-27T21:45:00.000Z,-1560.38,-893.57
2026-03-27T22:00:00.000Z,-1302.77,-941.02
2026-03-27T22:15:00.000Z,-1398.22,-843.57
2026-03-27T22:30:00.000Z,-1467.11,-711.98
2026-03-27T22:45:00.000Z,-1618.7,-534.82
2026-03-27T23:00:00.000Z,-1643.41,-25.37
2026-03-27T23:15:00.000Z,-1484.14,0.6
2026-03-27T23:30:00.000Z,-1399.6,0.6
2026-03-27T23:45:00.000Z,-1321.01,0.6
2026-03-28T00:00:00.000Z,-1175.27,0.6
2026-03-28T00:15:00.000Z,-1132.44,0.6
2026-03-28T00:30:00.000Z,-863.54,0.6
2026-03-28T00:45:00.000Z,-725.79,0.6
2026-03-28T01:00:00.000Z,-529.82,-7.87
2026-03-28T01:15:00.000Z,-399.82,-21.67
2026-03-28T01:30:00.000Z,-417.13,0.6
2026-03-28T01:45:00.000Z,-354.3,0.6
2026-03-28T02:00:00.000Z,-160.29,0.6
2026-03-28T02:15:00.000Z,-100.58,0.6
2026-03-28T02:30:00.000Z,12.24,0.56
2026-03-28T02:45:00.000Z,230.36,0.5
2026-03-28T03:00:00.000Z,354.16,0.5
2026-03-28T03:15:00.000Z,435.58,0.5
2026-03-28T03:30:00.000Z,437.77,0.5
2026-03-28T03:45:00.000Z,693.22,0.5
2026-03-28T04:00:00.000Z,755.07,0.5
2026-03-28T04:15:00.000Z,738.04,0.5
2026-03-28T04:30:00.000Z,776.16,0.5
2026-03-28T04:45:00.000Z,669.47,0.5
2026-03-28T05:00:00.000Z,646.17,0.5
2026-03-28T05:15:00.000Z,727.33,0.5
2026-03-28T05:30:00.000Z,755.92,0.5
2026-03-28T05:45:00.000Z,671.32,0.5
2026-03-28T06:00:00.000Z,397.59,0.5
2026-03-28T06:15:00.000Z,433.88,0.5
2026-03-28T06:30:00.000Z,392.21,0.5
2026-03-28T06:45:00.000Z,440.36,0.5
2026-03-28T07:00:00.000Z,410.69,0.5
2026-03-28T07:15:00.000Z,472.16,0.5
2026-03-28T07:30:00.000Z,602.79,0.5
2026-03-28T07:45:00.000Z,780.66,0.5
2026-03-28T08:00:00.000Z,964.5,0.5
2026-03-28T08:15:00.000Z,1045.15,0.5
2026-03-28T08:30:00.000Z,1232.4,-24.39
2026-03-28T08:45:00.000Z,1335.15,-108.86
2026-03-28T09:00:00.000Z,1252.76,-163.93
2026-03-28T09:15:00.000Z,1190.66,-349.44
2026-03-28T09:30:00.000Z,1305.9,-346.93
2026-03-28T09:45:00.000Z,1496.35,-252.89
2026-03-28T10:00:00.000Z,1637.26,-240.04
2026-03-28T10:15:00.000Z,1662.2,-242.72
2026-03-28T10:30:00.000Z,1789.32,-238.53
2026-03-28T10:45:00.000Z,1942.37,-218.41
2026-03-28T11:00:00.000Z,1718.71,0.5
2026-03-28T11:15:00.000Z,1778.51,0.5
2026-03-28T11:30:00.000Z,1748.34,0.5
2026-03-28T11:45:00.000Z,1581.23,0.5
2026-03-28T12:00:00.000Z,1573.54,0.5
2026-03-28T12:15:00.000Z,1671.01,0.5
2026-03-28T12:30:00.000Z,1718.12,0.5
2026-03-28T12:45:00.000Z,1826.81,-17.23
2026-03-28T13:00:00.000Z,1964.54,-105.8
2026-03-28T13:15:00.000Z,1739.22,-212.17
2026-03-28T13:30:00.000Z,1444.04,0.5
2026-03-28T13:45:00.000Z,1607.46,0.5
2026-03-28T14:00:00.000Z,1329.29,-15.75
2026-03-28T14:15:00.000Z,1220.19,-73.16
2026-03-28T14:30:00.000Z,1104.53,-106.9
2026-03-28T14:45:00.000Z,874.79,-91.23
2026-03-28T15:00:00.000Z,489.15,0.5
2026-03-28T15:15:00.000Z,554.01,0.5
2026-03-28T15:30:00.000Z,429.73,0.5
2026-03-28T15:45:00.000Z,321.21,0.5
2026-03-28T16:00:00.000Z,64.54,0.5
2026-03-28T16:15:00.000Z,-66.36,0.5
2026-03-28T16:30:00.000Z,159.32,0.5
2026-03-28T16:45:00.000Z,337.13,0.5
2026-03-28T17:00:00.000Z,193.36,0.5
2026-03-28T17:15:00.000Z,-43.41,0.5
2026-03-28T17:30:00.000Z,-155.02,0.5
2026-03-28T17:45:00.000Z,-300.79,0.5
2026-03-28T18:00:00.000Z,-464.08,0.5
2026-03-28T18:15:00.000Z,-476.12,0.5
2026-03-28T18:30:00.000Z,-451.39,0.5
2026-03-28T18:45:00.000Z,-475.19,0.5
2026-03-28T19:00:00.000Z,-431.3,0.5
2026-03-28T19:15:00.000Z,-565.49,0.5
2026-03-28T19:30:00.000Z,-502.21,0.5
2026-03-28T19:45:00.000Z,-498.74,0.5
2026-03-28T20:00:00.000Z,-648.11,0.5
2026-03-28T20:15:00.000Z,-766.24,0.5
2026-03-28T20:30:00.000Z,-860.26,0.5
2026-03-28T20:45:00.000Z,-912.5,0.5
2026-03-28T21:00:00.000Z,-876.14,0.5
2026-03-28T21:15:00.000Z,-759.37,0.5
2026-03-28T21:30:00.000Z,-733.85,0.5
2026-03-28T21:45:00.000Z,-802.28,0.5
2026-03-28T22:00:00.000Z,-920.85,0.5
2026-03-28T22:15:00.000Z,-1018.44,0.5
2026-03-28T22:30:00.000Z,-920.78,-10.0634
2026-03-28T22:45:00.000Z,-877.35,-59.0259
2026-03-28T23:00:00.000Z,-982.43,-110.678
2026-03-28T23:15:00.000Z,-969.45,-121.026
2026-03-28T23:30:00.000Z,-860.32,-129.069
2026-03-28T23:45:00.000Z,-724.05,-131.679
2026-03-29T00:00:00.000Z,-680.28,-128.379
2026-03-29T00:15:00.000Z,-667.28,-126.635
2026-03-29T00:30:00.000Z,-789.08,-139.32
2026-03-29T00:45:00.000Z,-811.97,-192.256
2026-03-29T01:00:00.000Z,-698.91,-242.745
2026-03-29T01:15:00.000Z,-874.92,-343.143
2026-03-29T01:30:00.000Z,-722.26,-551.103
2026-03-29T01:45:00.000Z,-341.71,-751.271
2026-03-29T02:00:00.000Z,-84.69,-956.969
2026-03-29T02:15:00.000Z,-92.15,-1043.4
2026-03-29T02:30:00.000Z,-142.56,-1043.33
2026-03-29T02:45:00.000Z,-94.43,-1043.14
2026-03-29T03:00:00.000Z,-204.57,-1043.18
2026-03-29T03:15:00.000Z,-194.78,-1043.3
2026-03-29T03:30:00.000Z,-64.92,-1043.33
2026-03-29T03:45:00.000Z,27.31,-1043.15
2026-03-29T04:00:00.000Z,67.86,-1043.19
2026-03-29T04:15:00.000Z,51.49,-1043.34
2026-03-29T04:30:00.000Z,-7.92,-1043.37
2026-03-29T04:45:00.000Z,-105.95,-1043.26
2026-03-29T05:00:00.000Z,-223.55,-1043.2
2026-03-29T05:15:00.000Z,-234.7,-1043.26
2026-03-29T05:30:00.000Z,-246.73,-1043.32
2026-03-29T05:45:00.000Z,-230.09,-1043.32
2026-03-29T06:00:00.000Z,-225.6,-1043.41
2026-03-29T06:15:00.000Z,-87.75,-1043.5
2026-03-29T06:30:00.000Z,-160.66,-1043.5
2026-03-29T06:45:00.000Z,-150.76,-1043.42
2026-03-29T07:00:00.000Z,-125.29,-1043.3
2026-03-29T07:15:00.000Z,-102.88,-1043.48
2026-03-29T07:30:00.000Z,-55.76,-1043.7
2026-03-29T07:45:00.000Z,2.52,-1043.53
2026-03-29T08:00:00.000Z,145.63,-1043.47
2026-03-29T08:15:00.000Z,272.25,-1043.54
2026-03-29T08:30:00.000Z,266.46,-1043.54
2026-03-29T08:45:00.000Z,357.77,-1043.65
2026-03-29T09:00:00.000Z,218.49,-1043.43
2026-03-29T09:15:00.000Z,-53.14,-1056.9
2026-03-29T09:30:00.000Z,-111.8,-1125.68
2026-03-29T09:45:00.000Z,-38.12,-1193.66
2026-03-29T10:00:00.000Z,135.49,-1193.65
2026-03-29T10:15:00.000Z,45.95,-1193.86
2026-03-29T10:30:00.000Z,-134.06,-1193.77
2026-03-29T10:45:00.000Z,-182.57,-1193.67
2026-03-29T11:00:00.000Z,-128.14,-1193.82
2026-03-29T11:15:00.000Z,-115.19,-1193.73
2026-03-29T11:30:00.000Z,-245.61,-1193.66
2026-03-29T11:45:00.000Z,-323.99,-1193.69
2026-03-29T12:00:00.000Z,-577.17,-1193.71
2026-03-29T12:15:00.000Z,-651.76,-1193.66
2026-03-29T12:30:00.000Z,-419.69,-1190.16
2026-03-29T12:45:00.000Z,-450.69,-1143.29
2026-03-29T13:00:00.000Z,-944.2,-1100.2
2026-03-29T13:15:00.000Z,-888.34,-1119.16
2026-03-29T13:30:00.000Z,-1022.26,-1089.58
2026-03-29T13:45:00.000Z,-1253.29,-1102.36
2026-03-29T14:00:00.000Z,-1090.07,-1155.04
2026-03-29T14:15:00.000Z,-1098.47,-1102.15
2026-03-29T14:30:00.000Z,-1045.8,-1059.35
2026-03-29T14:45:00.000Z,-904.14,-1065.43
2026-03-29T15:00:00.000Z,-788.2,-894.191
2026-03-29T15:15:00.000Z,-1221.52,-391.282
2026-03-29T15:30:00.000Z,-1600.41,-69.4069
2026-03-29T15:45:00.000Z,-1440.45,-91.7327
2026-03-29T16:00:00.000Z,-1554.36,-62.9676
2026-03-29T16:15:00.000Z,-1395.62,-13.8481
2026-03-29T16:30:00.000Z,-1228.44,-7.00045
2026-03-29T16:45:00.000Z,-1120.44,-34.0305
2026-03-29T17:00:00.000Z,-1010.3,-95.1489
2026-03-29T17:15:00.000Z,-971.26,-189.712
2026-03-29T17:30:00.000Z,-747.23,-247.6
2026-03-29T17:45:00.000Z,-743.1,-247.74
2026-03-29T18:00:00.000Z,-374.7,-247.875
2026-03-29T18:15:00.000Z,-381.83,-247.8
2026-03-29T18:30:00.000Z,-565.76,-247.8
2026-03-29T18:45:00.000Z,-672.73,-247.8
2026-03-29T19:00:00.000Z,-781.54,-247.8
2026-03-29T19:15:00.000Z,-780.27,-247.8
2026-03-29T19:30:00.000Z,-790.87,-247.898
2026-03-29T19:45:00.000Z,-863.09,-248.026
2026-03-29T20:00:00.000Z,-766.7,-247.842
2026-03-29T20:15:00.000Z,-662.19,-247.744
2026-03-29T20:30:00.000Z,-684.53,-247.838
2026-03-29T20:45:00.000Z,-805.19,-247.7
2026-03-29T21:00:00.000Z,-624.85,-247.7
2026-03-29T21:15:00.000Z,-512.91,-247.789
2026-03-29T21:30:00.000Z,-656.98,-247.821
2026-03-29T21:45:00.000Z,-935.81,-242.554
2026-03-29T22:00:00.000Z,-736.78,-240.699
2026-03-29T22:15:00.000Z,-612.53,-369.856
2026-03-29T22:30:00.000Z,91.04,-728.955
2026-03-29T22:45:00.000Z,445.28,-1060.32
2026-03-29T23:00:00.000Z,526.66,-1131.92
2026-03-29T23:15:00.000Z,569.69,-1120.46
2026-03-29T23:30:00.000Z,691.05,-1105.7
2026-03-29T23:45:00.000Z,617.54,-921.525
2026-03-30T00:00:00.000Z,358.63,-836.64
2026-03-30T00:15:00.000Z,418.03,-970.659
2026-03-30T00:30:00.000Z,533.89,-953.876
2026-03-30T00:45:00.000Z,391.34,-993.963
2026-03-30T01:00:00.000Z,461.88,-1114.59
2026-03-30T01:15:00.000Z,456.63,-1095.03
2026-03-30T01:30:00.000Z,613.72,-1057.14
2026-03-30T01:45:00.000Z,506.02,-1065.29
2026-03-30T02:00:00.000Z,527.57,-1063
2026-03-30T02:15:00.000Z,455.58,-1025.27
2026-03-30T02:30:00.000Z,310.69,-956.819
2026-03-30T02:45:00.000Z,98.78,-1001.47
2026-03-30T03:00:00.000Z,-180.78,-1075.56
2026-03-30T03:15:00.000Z,-408.56,-867.535
2026-03-30T03:30:00.000Z,-637.71,-512.452
2026-03-30T03:45:00.000Z,-876.56,-326.48
2026-03-30T04:00:00.000Z,-954.43,-189.686
2026-03-30T04:15:00.000Z,-1215.61,-80.5833
2026-03-30T04:30:00.000Z,-1365.25,-163.948
2026-03-30T04:45:00.000Z,-1113.82,-297.797
2026-03-30T05:00:00.000Z,-1273.68,-297.919
2026-03-30T05:15:00.000Z,-1455.9,-298
2026-03-30T05:30:00.000Z,-1426.23,-298
2026-03-30T05:45:00.000Z,-1369.42,-298
2026-03-30T06:00:00.000Z,-1517.93,-297.707
2026-03-30T06:15:00.000Z,-1522.39,-297.221
2026-03-30T06:30:00.000Z,-1429.15,-297.38
2026-03-30T06:45:00.000Z,-1436.97,-297.709
2026-03-30T07:00:00.000Z,-1408.52,-297.487
2026-03-30T07:15:00.000Z,-1419.9,-297.535
2026-03-30T07:30:00.000Z,-1366.94,-297.888
2026-03-30T07:45:00.000Z,-1303.83,-297.9
2026-03-30T08:00:00.000Z,-1154.43,-297.9
2026-03-30T08:15:00.000Z,-1238.81,-297.9
2026-03-30T08:30:00.000Z,-1302.18,-297.9
2026-03-30T08:45:00.000Z,-1110.99,-297.9
2026-03-30T09:00:00.000Z,-853.38,-297.9
2026-03-30T09:15:00.000Z,-954.67,-297.921
2026-03-30T09:30:00.000Z,-1034.6,-297.958
2026-03-30T09:45:00.000Z,-1187.53,-297.945
2026-03-30T10:00:00.000Z,-1040.35,-297.948
2026-03-30T10:15:00.000Z,-1091.29,-298
2026-03-30T10:30:00.000Z,-953.73,-298
2026-03-30T10:45:00.000Z,-858.18,-281.446
2026-03-30T11:00:00.000Z,-1003.44,-212.62
2026-03-30T11:15:00.000Z,-1127.78,-317.272
2026-03-30T11:30:00.000Z,-1010.49,-701.832
2026-03-30T11:45:00.000Z,-564.21,-969.197
2026-03-30T12:00:00.000Z,-281.34,-1078.02
2026-03-30T12:15:00.000Z,-180.78,-1127.17
2026-03-30T12:30:00.000Z,-367,-1123.18
2026-03-30T12:45:00.000Z,-480.72,-1112.78
2026-03-30T13:00:00.000Z,-474.39,-1083.9
2026-03-30T13:15:00.000Z,-545.79,-1027.8
2026-03-30T13:30:00.000Z,-713.9,-815.08
2026-03-30T13:45:00.000Z,-1208.94,-389.331
2026-03-30T14:00:00.000Z,-1753.86,-219.202
2026-03-30T14:15:00.000Z,-1670.14,-298.768
2026-03-30T14:30:00.000Z,-1618.54,-264.437
2026-03-30T14:45:00.000Z,-1527.12,-238.556
2026-03-30T15:00:00.000Z,-1832.22,-195.347
2026-03-30T15:15:00.000Z,-1705.49,-183.917
2026-03-30T15:30:00.000Z,-1574.35,-286.33
2026-03-30T15:45:00.000Z,-1372.21,-377.9
2026-03-30T16:00:00.000Z,-1304.32,-377.9
2026-03-30T16:15:00.000Z,-1090.27,-377.9
2026-03-30T16:30:00.000Z,-1132.55,-377.798
2026-03-30T16:45:00.000Z,-1071.01,-377.677
2026-03-30T17:00:00.000Z,-1177.11,-377.7
2026-03-30T17:15:00.000Z,-991.11,-377.7
2026-03-30T17:30:00.000Z,-840.33,-377.7
2026-03-30T17:45:00.000Z,-794.45,-377.7
2026-03-30T18:00:00.000Z,-656.69,-377.611
2026-03-30T18:15:00.000Z,-592.27,-377.549
2026-03-30T18:30:00.000Z,-531.93,-377.672
2026-03-30T18:45:00.000Z,-495.11,-377.76
2026-03-30T19:00:00.000Z,-838.83,-377.8
2026-03-30T19:15:00.000Z,-964.65,-377.8
2026-03-30T19:30:00.000Z,-772.56,-457.904
2026-03-30T19:45:00.000Z,-442.32,-663.489
2026-03-30T20:00:00.000Z,-88.37,-795.07
2026-03-30T20:15:00.000Z,-42.46,-795.241
2026-03-30T20:30:00.000Z,-64.5,-795.257
2026-03-30T20:45:00.000Z,-72,-795.304
2026-03-30T21:00:00.000Z,285,-795.437
2026-03-30T21:15:00.000Z,434.92,-795.322
2026-03-30T21:30:00.000Z,351.57,-795.148
2026-03-30T21:45:00.000Z,371.55,-795.325
2026-03-30T22:00:00.000Z,-4.77,-795.563
2026-03-30T22:15:00.000Z,-121.61,-795.658
2026-03-30T22:30:00.000Z,-121.78,-795.458
2026-03-30T22:45:00.000Z,-130.99,-795.384
2026-03-30T23:00:00.000Z,-55.07,-795.487
2026-03-30T23:15:00.000Z,-142.47,-795.561
2026-03-30T23:30:00.000Z,-320.26,-795.592
2026-03-30T23:45:00.000Z,-270.47,-795.638
2026-03-31T00:00:00.000Z,-136.83,-795.613
2026-03-31T00:15:00.000Z,-85.59,-795.519
2026-03-31T00:30:00.000Z,-128.46,-795.544
2026-03-31T00:45:00.000Z,-190.57,-795.415
2026-03-31T01:00:00.000Z,-280.63,-795.562
2026-03-31T01:15:00.000Z,-293.04,-795.681
2026-03-31T01:30:00.000Z,-297.95,-795.74
2026-03-31T01:45:00.000Z,-247.05,-795.712
2026-03-31T02:00:00.000Z,-311.21,-795.641
2026-03-31T02:15:00.000Z,-415.8,-795.674
2026-03-31T02:30:00.000Z,-608.53,-795.604
2026-03-31T02:45:00.000Z,-692.82,-795.445
2026-03-31T03:00:00.000Z,-679.77,-795.434
2026-03-31T03:15:00.000Z,-794.14,-795.596
2026-03-31T03:30:00.000Z,-843.96,-795.7
2026-03-31T03:45:00.000Z,-836.9,-745.314
2026-03-31T04:00:00.000Z,-1074.13,-478.41
2026-03-31T04:15:00.000Z,-1528.25,-173.073
2026-03-31T04:30:00.000Z,-1605.04,-140.397
2026-03-31T04:45:00.000Z,-1844.78,-209.747
2026-03-31T05:00:00.000Z,-1850.5,-275.762
2026-03-31T05:15:00.000Z,-1926.18,-290.08
2026-03-31T05:30:00.000Z,-1922.48,-345.63
2026-03-31T05:45:00.000Z,-1855.31,-464.858
2026-03-31T06:00:00.000Z,-1708.76,-603.967
2026-03-31T06:15:00.000Z,-1674.93,-665.413
2026-03-31T06:30:00.000Z,-1698.66,-713.438
2026-03-31T06:45:00.000Z,-1723.87,-783.609
2026-03-31T07:00:00.000Z,-1687.1,-820.887
2026-03-31T07:15:00.000Z,-1814.98,-867.314
2026-03-31T07:30:00.000Z,-1769.14,-856.061
2026-03-31T07:45:00.000Z,-1728.87,-859.307
2026-03-31T08:00:00.000Z,-1788.51,-876.651
2026-03-31T08:15:00.000Z,-1800.65,-953.462
2026-03-31T08:30:00.000Z,-1662.29,-1042.48
2026-03-31T08:45:00.000Z,-1610.25,-1051.31
2026-03-31T09:00:00.000Z,-1786.71,-966.502
2026-03-31T09:15:00.000Z,-1857.47,-922.897
2026-03-31T09:30:00.000Z,-1860.08,-907.592
2026-03-31T09:45:00.000Z,-1830.99,-893.412
2026-03-31T10:00:00.000Z,-1743.78,-917.365
2026-03-31T10:15:00.000Z,-1773.17,-823.719
2026-03-31T10:30:00.000Z,-1764.42,-812.332
2026-03-31T10:45:00.000Z,-1602.41,-809.696
2026-03-31T11:00:00.000Z,-1679.3,-806.594
2026-03-31T11:15:00.000Z,-1811.71,-800.238
2026-03-31T11:30:00.000Z,-1791.84,-849.001
2026-03-31T11:45:00.000Z,-1798.69,-1004.31
2026-03-31T12:00:00.000Z,-1840.81,-1085.14
2026-03-31T12:15:00.000Z,-1876.27,-1031.69
2026-03-31T12:30:00.000Z,-1969.75,-1050.42
2026-03-31T12:45:00.000Z,-1827.85,-1037.41
2026-03-31T13:00:00.000Z,-1573.96,-1048.3
2026-03-31T13:15:00.000Z,-1651.05,-976.416
2026-03-31T13:30:00.000Z,-1748.31,-793.134
2026-03-31T13:45:00.000Z,-1784.2,-868.969
2026-03-31T14:00:00.000Z,-1794.52,-964.133
2026-03-31T14:15:00.000Z,-1865.94,-963.63
2026-03-31T14:30:00.000Z,-1841.26,-1034.69
2026-03-31T14:45:00.000Z,-1720.31,-1129.64
2026-03-31T15:00:00.000Z,-1669.25,-1159.01
2026-03-31T15:15:00.000Z,-1747.39,-1113.86
2026-03-31T15:30:00.000Z,-1780.86,-1127.04
2026-03-31T15:45:00.000Z,-1679.58,-1160.43
2026-03-31T16:00:00.000Z,-1659.53,-1123
2026-03-31T16:15:00.000Z,-1631.38,-1082.04
2026-03-31T16:30:00.000Z,-1498.49,-1022.58
2026-03-31T16:45:00.000Z,-1669.5,-927.483
2026-03-31T17:00:00.000Z,-1784.66,-807.714
2026-03-31T17:15:00.000Z,-1921.36,-729.742
2026-03-31T17:30:00.000Z,-1879.14,-680.878
2026-03-31T17:45:00.000Z,-1934.55,-613.329
2026-03-31T18:00:00.000Z,-1859,-548.175
2026-03-31T18:15:00.000Z,-1741.02,-460.935
2026-03-31T18:30:00.000Z,-1788.06,-444.339
2026-03-31T18:45:00.000Z,-1788.79,-544.309
2026-03-31T19:00:00.000Z,-1886.89,-669.552
2026-03-31T19:15:00.000Z,-2101.25,-816.858
2026-03-31T19:30:00.000Z,-1971.51,-919.754
2026-03-31T19:45:00.000Z,-1810.6,-914.832
2026-03-31T20:00:00.000Z,-1790.64,-832.725
2026-03-31T20:15:00.000Z,-1736.18,-775.769
2026-03-31T20:30:00.000Z,-1639,-757.491
2026-03-31T20:45:00.000Z,-1698.96,-801.519
2026-03-31T21:00:00.000Z,-1864.78,-856.708
2026-03-31T21:15:00.000Z,-1912.51,-909.517
2026-03-31T21:30:00.000Z,-1777.91,-983.762
2026-03-31T21:45:00.000Z,-1710.42,-897.156
2026-03-31T22:00:00.000Z,-1817.63,-832.467
2026-03-31T22:15:00.000Z,-2051.51,-898.428
2026-03-31T22:30:00.000Z,-1898.06,-915.207
2026-03-31T22:45:00.000Z,-1854.42,-987.466
2026-03-31T23:00:00.000Z,-1821.46,-1065.68
2026-03-31T23:15:00.000Z,-1996.02,-1053.91
2026-03-31T23:30:00.000Z,-2024.65,-1015.84
2026-03-31T23:45:00.000Z,-1849.1,-976.513
